-- phpMyAdmin SQL Dump
-- version 4.9.0.1
-- https://www.phpmyadmin.net/
--
-- Host: localhost
-- Generation Time: Feb 23, 2020 at 03:05 PM
-- Server version: 10.4.6-MariaDB
-- PHP Version: 7.3.8

SET SQL_MODE = "NO_AUTO_VALUE_ON_ZERO";
SET AUTOCOMMIT = 0;
START TRANSACTION;
SET time_zone = "+00:00";


/*!40101 SET @OLD_CHARACTER_SET_CLIENT=@@CHARACTER_SET_CLIENT */;
/*!40101 SET @OLD_CHARACTER_SET_RESULTS=@@CHARACTER_SET_RESULTS */;
/*!40101 SET @OLD_COLLATION_CONNECTION=@@COLLATION_CONNECTION */;
/*!40101 SET NAMES utf8mb4 */;

--
-- Database: `erp_php_demo`
--

-- --------------------------------------------------------

--
-- Table structure for table `com_country`
--

CREATE TABLE `com_country` (
  `country_id` int(11) NOT NULL,
  `country_name` varchar(255) NOT NULL,
  `country_code` varchar(255) NOT NULL,
  `country_status` tinyint(4) NOT NULL DEFAULT 1
) ENGINE=MyISAM DEFAULT CHARSET=utf8 ROW_FORMAT=DYNAMIC;

--
-- Dumping data for table `com_country`
--

INSERT INTO `com_country` (`country_id`, `country_name`, `country_code`, `country_status`) VALUES
(1, 'Afghanistan', 'AFG', 1),
(2, 'Albania', 'ALB', 1),
(3, 'Algeria', 'DZA', 1),
(4, 'American Samoa', 'ASM', 1),
(5, 'Andorra', 'AND', 1),
(6, 'Angola', 'AGO', 1),
(7, 'Anguilla', 'AIA', 1),
(8, 'Antarctica', 'ATA', 1),
(9, 'Antigua and Barbuda', 'ATG', 1),
(10, 'Argentina', 'ARG', 1),
(11, 'Armenia', 'ARM', 1),
(12, 'Aruba', 'ABW', 1),
(13, 'Australia', 'AUS', 1),
(14, 'Austria', 'AUT', 1),
(15, 'Azerbaijan', 'AZE', 1),
(16, 'Bahamas', 'BHS', 1),
(17, 'Bahrain', 'BHR', 1),
(18, 'Bangladesh', 'BGD', 1),
(19, 'Barbados', 'BRB', 1),
(20, 'Belarus', 'BLR', 1),
(21, 'Belgium', 'BEL', 1),
(22, 'Belize', 'BLZ', 1),
(23, 'Benin', 'BEN', 1),
(24, 'Bermuda', 'BMU', 1),
(25, 'Bhutan', 'BTN', 1),
(26, 'Bolivia', 'BOL', 1),
(27, 'Bosnia and Herzegovina', 'BIH', 1),
(28, 'Botswana', 'BWA', 1),
(29, 'Bouvet Island', 'BVT', 1),
(30, 'Brazil', 'BRA', 1),
(31, 'British Indian Ocean Territory', 'IOT', 1),
(32, 'Brunei Darussalam', 'BRN', 1),
(33, 'Bulgaria', 'BGR', 1),
(34, 'Burkina Faso', 'BFA', 1),
(35, 'Burundi', 'BDI', 1),
(36, 'Cambodia', 'KHM', 1),
(37, 'Cameroon', 'CMR', 1),
(38, 'Canada', 'CAN', 1),
(39, 'Cape Verde', 'CPV', 1),
(40, 'Cayman Islands', 'CYM', 1),
(41, 'Central African Republic', 'CAF', 1),
(42, 'Chad', 'TCD', 1),
(43, 'Chile', 'CHL', 1),
(44, 'China', 'CHN', 1),
(45, 'Christmas Island', 'CXR', 1),
(46, 'Cocos (Keeling) Islands', 'CCK', 1),
(47, 'Colombia', 'COL', 1),
(48, 'Comoros', 'COM', 1),
(49, 'Congo', 'COG', 1),
(50, 'Cook Islands', 'COK', 1),
(51, 'Costa Rica', 'CRI', 1),
(52, 'Cote D\'Ivoire', 'CIV', 1),
(53, 'Croatia', 'HRV', 1),
(54, 'Cuba', 'CUB', 1),
(55, 'Cyprus', 'CYP', 1),
(56, 'Czech Republic', 'CZE', 1),
(57, 'Denmark', 'DNK', 1),
(58, 'Djibouti', 'DJI', 1),
(59, 'Dominica', 'DMA', 1),
(60, 'Dominican Republic', 'DOM', 1),
(61, 'East Timor', 'TLS', 1),
(62, 'Ecuador', 'ECU', 1),
(63, 'Egypt', 'EGY', 1),
(64, 'El Salvador', 'SLV', 1),
(65, 'Equatorial Guinea', 'GNQ', 1),
(66, 'Eritrea', 'ERI', 1),
(67, 'Estonia', 'EST', 1),
(68, 'Ethiopia', 'ETH', 1),
(69, 'Falkland Islands (Malvinas)', 'FLK', 1),
(70, 'Faroe Islands', 'FRO', 1),
(71, 'Fiji', 'FJI', 1),
(72, 'Finland', 'FIN', 1),
(74, 'France, Metropolitan', 'FRA', 1),
(75, 'French Guiana', 'GUF', 1),
(76, 'French Polynesia', 'PYF', 1),
(77, 'French Southern Territories', 'ATF', 1),
(78, 'Gabon', 'GAB', 1),
(79, 'Gambia', 'GMB', 1),
(80, 'Georgia', 'GEO', 1),
(81, 'Germany', 'DEU', 1),
(82, 'Ghana', 'GHA', 1),
(83, 'Gibraltar', 'GIB', 1),
(84, 'Greece', 'GRC', 1),
(85, 'Greenland', 'GRL', 1),
(86, 'Grenada', 'GRD', 1),
(87, 'Guadeloupe', 'GLP', 1),
(88, 'Guam', 'GUM', 1),
(89, 'Guatemala', 'GTM', 1),
(90, 'Guinea', 'GIN', 1),
(91, 'Guinea-Bissau', 'GNB', 1),
(92, 'Guyana', 'GUY', 1),
(93, 'Haiti', 'HTI', 1),
(94, 'Heard and Mc Donald Islands', 'HMD', 1),
(95, 'Honduras', 'HND', 1),
(96, 'Hong Kong', 'HKG', 1),
(97, 'Hungary', 'HUN', 1),
(98, 'Iceland', 'ISL', 1),
(99, 'India', 'IND', 1),
(100, 'Indonesia', 'IDN', 1),
(101, 'Iran (Islamic Republic of)', 'IRN', 1),
(102, 'Iraq', 'IRQ', 1),
(103, 'Ireland', 'IRL', 1),
(104, 'Israel', 'ISR', 1),
(105, 'Italy', 'ITA', 1),
(106, 'Jamaica', 'JAM', 1),
(107, 'Japan', 'JPN', 1),
(108, 'Jordan', 'JOR', 1),
(109, 'Kazakhstan', 'KAZ', 1),
(110, 'Kenya', 'KEN', 1),
(111, 'Kiribati', 'KIR', 1),
(112, 'North Korea', 'PRK', 1),
(113, 'Korea, Republic of', 'KOR', 1),
(114, 'Kuwait', 'KWT', 1),
(115, 'Kyrgyzstan', 'KGZ', 1),
(116, 'Lao People\'s Democratic Republic', 'LAO', 1),
(117, 'Latvia', 'LVA', 1),
(118, 'Lebanon', 'LBN', 1),
(119, 'Lesotho', 'LSO', 1),
(120, 'Liberia', 'LBR', 1),
(121, 'Libyan Arab Jamahiriya', 'LBY', 1),
(122, 'Liechtenstein', 'LIE', 1),
(123, 'Lithuania', 'LTU', 1),
(124, 'Luxembourg', 'LUX', 1),
(125, 'Macau', 'MAC', 1),
(126, 'FYROM', 'MKD', 1),
(127, 'Madagascar', 'MDG', 1),
(128, 'Malawi', 'MWI', 1),
(129, 'Malaysia', 'MYS', 1),
(130, 'Maldives', 'MDV', 1),
(131, 'Mali', 'MLI', 1),
(132, 'Malta', 'MLT', 1),
(133, 'Marshall Islands', 'MHL', 1),
(134, 'Martinique', 'MTQ', 1),
(135, 'Mauritania', 'MRT', 1),
(136, 'Mauritius', 'MUS', 1),
(137, 'Mayotte', 'MYT', 1),
(138, 'Mexico', 'MEX', 1),
(139, 'Micronesia, Federated States of', 'FSM', 1),
(140, 'Moldova, Republic of', 'MDA', 1),
(141, 'Monaco', 'MCO', 1),
(142, 'Mongolia', 'MNG', 1),
(143, 'Montserrat', 'MSR', 1),
(144, 'Morocco', 'MAR', 1),
(145, 'Mozambique', 'MOZ', 1),
(146, 'Myanmar', 'MMR', 1),
(147, 'Namibia', 'NAM', 1),
(148, 'Nauru', 'NRU', 1),
(149, 'Nepal', 'NPL', 1),
(150, 'Netherlands', 'NLD', 1),
(151, 'Netherlands Antilles', 'ANT', 1),
(152, 'New Caledonia', 'NCL', 1),
(153, 'New Zealand', 'NZL', 1),
(154, 'Nicaragua', 'NIC', 1),
(155, 'Niger', 'NER', 1),
(156, 'Nigeria', 'NGA', 1),
(157, 'Niue', 'NIU', 1),
(158, 'Norfolk Island', 'NFK', 1),
(159, 'Northern Mariana Islands', 'MNP', 1),
(160, 'Norway', 'NOR', 1),
(161, 'Oman', 'OMN', 1),
(162, 'Pakistan', 'PAK', 1),
(163, 'Palau', 'PLW', 1),
(164, 'Panama', 'PAN', 1),
(165, 'Papua New Guinea', 'PNG', 1),
(166, 'Paraguay', 'PRY', 1),
(167, 'Peru', 'PER', 1),
(168, 'Philippines', 'PHL', 1),
(169, 'Pitcairn', 'PCN', 1),
(170, 'Poland', 'POL', 1),
(171, 'Portugal', 'PRT', 1),
(172, 'Puerto Rico', 'PRI', 1),
(173, 'Qatar', 'QAT', 1),
(174, 'Reunion', 'REU', 1),
(175, 'Romania', 'ROM', 1),
(176, 'Russian Federation', 'RUS', 1),
(177, 'Rwanda', 'RWA', 1),
(178, 'Saint Kitts and Nevis', 'KNA', 1),
(179, 'Saint Lucia', 'LCA', 1),
(180, 'Saint Vincent and the Grenadines', 'VCT', 1),
(181, 'Samoa', 'WSM', 1),
(182, 'San Marino', 'SMR', 1),
(183, 'Sao Tome and Principe', 'STP', 1),
(184, 'Saudi Arabia', 'SAU', 1),
(185, 'Senegal', 'SEN', 1),
(186, 'Seychelles', 'SYC', 1),
(187, 'Sierra Leone', 'SLE', 1),
(188, 'Singapore', 'SGP', 1),
(189, 'Slovak Republic', 'SVK', 1),
(190, 'Slovenia', 'SVN', 1),
(191, 'Solomon Islands', 'SLB', 1),
(192, 'Somalia', 'SOM', 1),
(193, 'South Africa', 'ZAF', 1),
(194, 'South Georgia &amp; South Sandwich Islands', 'SGS', 1),
(195, 'Spain', 'ESP', 1),
(196, 'Sri Lanka', 'LKA', 1),
(197, 'St. Helena', 'SHN', 1),
(198, 'St. Pierre and Miquelon', 'SPM', 1),
(199, 'Sudan', 'SDN', 1),
(200, 'Suriname', 'SUR', 1),
(201, 'Svalbard and Jan Mayen Islands', 'SJM', 1),
(202, 'Swaziland', 'SWZ', 1),
(203, 'Sweden', 'SWE', 1),
(204, 'Switzerland', 'CHE', 1),
(205, 'Syrian Arab Republic', 'SYR', 1),
(206, 'Taiwan', 'TWN', 1),
(207, 'Tajikistan', 'TJK', 1),
(208, 'Tanzania, United Republic of', 'TZA', 1),
(209, 'Thailand', 'THA', 1),
(210, 'Togo', 'TGO', 1),
(211, 'Tokelau', 'TKL', 1),
(212, 'Tonga', 'TON', 1),
(213, 'Trinidad and Tobago', 'TTO', 1),
(214, 'Tunisia', 'TUN', 1),
(215, 'Turkey', 'TUR', 1),
(216, 'Turkmenistan', 'TKM', 1),
(217, 'Turks and Caicos Islands', 'TCA', 1),
(218, 'Tuvalu', 'TUV', 1),
(219, 'Uganda', 'UGA', 1),
(220, 'Ukraine', 'UKR', 1),
(221, 'United Arab Emirates', 'ARE', 1),
(222, 'United Kingdom', 'GBR', 1),
(223, 'United States', 'USA', 1),
(224, 'United States Minor Outlying Islands', 'UMI', 1),
(225, 'Uruguay', 'URY', 1),
(226, 'Uzbekistan', 'UZB', 1),
(227, 'Vanuatu', 'VUT', 1),
(228, 'Vatican City State (Holy See)', 'VAT', 1),
(229, 'Venezuela', 'VEN', 1),
(230, 'Viet Nam', 'VNM', 1),
(231, 'Virgin Islands (British)', 'VGB', 1),
(232, 'Virgin Islands (U.S.)', 'VIR', 1),
(233, 'Wallis and Futuna Islands', 'WLF', 1),
(234, 'Western Sahara', 'ESH', 1),
(235, 'Yemen', 'YEM', 1),
(237, 'Democratic Republic of Congo', 'COD', 1),
(238, 'Zambia', 'ZMB', 1),
(239, 'Zimbabwe', 'ZWE', 1),
(242, 'Montenegro', 'MNE', 1),
(243, 'Serbia', 'SRB', 1),
(244, 'Aaland Islands', 'ALA', 1),
(245, 'Bonaire, Sint Eustatius and Saba', 'BES', 1),
(246, 'Curacao', 'CUW', 1),
(247, 'Palestinian Territory, Occupied', 'PSE', 1),
(248, 'South Sudan', 'SSD', 1),
(249, 'St. Barthelemy', 'BLM', 1),
(250, 'St. Martin (French part)', 'MAF', 1),
(251, 'Canary Islands', 'ICA', 1),
(252, 'Ascension Island (British)', 'ASC', 1),
(253, 'Kosovo, Republic of', 'UNK', 1),
(254, 'Isle of Man', 'IMN', 1),
(255, 'Tristan da Cunha', 'SHN', 1),
(256, 'Guernsey', 'GGY', 1),
(257, 'Jersey', 'JEY', 1);

-- --------------------------------------------------------

--
-- Table structure for table `com_state`
--

CREATE TABLE `com_state` (
  `state_id` int(11) NOT NULL,
  `country_id` int(11) NOT NULL,
  `state_name` varchar(255) NOT NULL,
  `state_code` varchar(255) NOT NULL,
  `state_status` tinyint(4) NOT NULL DEFAULT 1
) ENGINE=MyISAM DEFAULT CHARSET=utf8 ROW_FORMAT=DYNAMIC;

--
-- Dumping data for table `com_state`
--

INSERT INTO `com_state` (`state_id`, `country_id`, `state_name`, `state_code`, `state_status`) VALUES
(1, 1, 'Badakhshan', 'BDS', 1),
(2, 1, 'Badghis', 'BDG', 1),
(3, 1, 'Baghlan', 'BGL', 1),
(4, 1, 'Balkh', 'BAL', 1),
(5, 1, 'Bamian', 'BAM', 1),
(6, 1, 'Farah', 'FRA', 1),
(7, 1, 'Faryab', 'FYB', 1),
(8, 1, 'Ghazni', 'GHA', 1),
(9, 1, 'Ghowr', 'GHO', 1),
(10, 1, 'Helmand', 'HEL', 1),
(11, 1, 'Herat', 'HER', 1),
(12, 1, 'Jowzjan', 'JOW', 1),
(13, 1, 'Kabul', 'KAB', 1),
(14, 1, 'Kandahar', 'KAN', 1),
(15, 1, 'Kapisa', 'KAP', 1),
(16, 1, 'Khost', 'KHO', 1),
(17, 1, 'Konar', 'KNR', 1),
(18, 1, 'Kondoz', 'KDZ', 1),
(19, 1, 'Laghman', 'LAG', 1),
(20, 1, 'Lowgar', 'LOW', 1),
(21, 1, 'Nangrahar', 'NAN', 1),
(22, 1, 'Nimruz', 'NIM', 1),
(23, 1, 'Nurestan', 'NUR', 1),
(24, 1, 'Oruzgan', 'ORU', 1),
(25, 1, 'Paktia', 'PIA', 1),
(26, 1, 'Paktika', 'PKA', 1),
(27, 1, 'Parwan', 'PAR', 1),
(28, 1, 'Samangan', 'SAM', 1),
(29, 1, 'Sar-e Pol', 'SAR', 1),
(30, 1, 'Takhar', 'TAK', 1),
(31, 1, 'Wardak', 'WAR', 1),
(32, 1, 'Zabol', 'ZAB', 1),
(33, 2, 'Berat', 'BR', 1),
(34, 2, 'Bulqize', 'BU', 1),
(35, 2, 'Delvine', 'DL', 1),
(36, 2, 'Devoll', 'DV', 1),
(37, 2, 'Diber', 'DI', 1),
(38, 2, 'Durres', 'DR', 1),
(39, 2, 'Elbasan', 'EL', 1),
(40, 2, 'Kolonje', 'ER', 1),
(41, 2, 'Fier', 'FR', 1),
(42, 2, 'Gjirokaster', 'GJ', 1),
(43, 2, 'Gramsh', 'GR', 1),
(44, 2, 'Has', 'HA', 1),
(45, 2, 'Kavaje', 'KA', 1),
(46, 2, 'Kurbin', 'KB', 1),
(47, 2, 'Kucove', 'KC', 1),
(48, 2, 'Korce', 'KO', 1),
(49, 2, 'Kruje', 'KR', 1),
(50, 2, 'Kukes', 'KU', 1),
(51, 2, 'Librazhd', 'LB', 1),
(52, 2, 'Lezhe', 'LE', 1),
(53, 2, 'Lushnje', 'LU', 1),
(54, 2, 'Malesi e Madhe', 'MM', 1),
(55, 2, 'Mallakaster', 'MK', 1),
(56, 2, 'Mat', 'MT', 1),
(57, 2, 'Mirdite', 'MR', 1),
(58, 2, 'Peqin', 'PQ', 1),
(59, 2, 'Permet', 'PR', 1),
(60, 2, 'Pogradec', 'PG', 1),
(61, 2, 'Puke', 'PU', 1),
(62, 2, 'Shkoder', 'SH', 1),
(63, 2, 'Skrapar', 'SK', 1),
(64, 2, 'Sarande', 'SR', 1),
(65, 2, 'Tepelene', 'TE', 1),
(66, 2, 'Tropoje', 'TP', 1),
(67, 2, 'Tirane', 'TR', 1),
(68, 2, 'Vlore', 'VL', 1),
(69, 3, 'Adrar', 'ADR', 1),
(70, 3, 'Ain Defla', 'ADE', 1),
(71, 3, 'Ain Temouchent', 'ATE', 1),
(72, 3, 'Alger', 'ALG', 1),
(73, 3, 'Annaba', 'ANN', 1),
(74, 3, 'Batna', 'BAT', 1),
(75, 3, 'Bechar', 'BEC', 1),
(76, 3, 'Bejaia', 'BEJ', 1),
(77, 3, 'Biskra', 'BIS', 1),
(78, 3, 'Blida', 'BLI', 1),
(79, 3, 'Bordj Bou Arreridj', 'BBA', 1),
(80, 3, 'Bouira', 'BOA', 1),
(81, 3, 'Boumerdes', 'BMD', 1),
(82, 3, 'Chlef', 'CHL', 1),
(83, 3, 'Constantine', 'CON', 1),
(84, 3, 'Djelfa', 'DJE', 1),
(85, 3, 'El Bayadh', 'EBA', 1),
(86, 3, 'El Oued', 'EOU', 1),
(87, 3, 'El Tarf', 'ETA', 1),
(88, 3, 'Ghardaia', 'GHA', 1),
(89, 3, 'Guelma', 'GUE', 1),
(90, 3, 'Illizi', 'ILL', 1),
(91, 3, 'Jijel', 'JIJ', 1),
(92, 3, 'Khenchela', 'KHE', 1),
(93, 3, 'Laghouat', 'LAG', 1),
(94, 3, 'Muaskar', 'MUA', 1),
(95, 3, 'Medea', 'MED', 1),
(96, 3, 'Mila', 'MIL', 1),
(97, 3, 'Mostaganem', 'MOS', 1),
(98, 3, 'M\'Sila', 'MSI', 1),
(99, 3, 'Naama', 'NAA', 1),
(100, 3, 'Oran', 'ORA', 1),
(101, 3, 'Ouargla', 'OUA', 1),
(102, 3, 'Oum el-Bouaghi', 'OEB', 1),
(103, 3, 'Relizane', 'REL', 1),
(104, 3, 'Saida', 'SAI', 1),
(105, 3, 'Setif', 'SET', 1),
(106, 3, 'Sidi Bel Abbes', 'SBA', 1),
(107, 3, 'Skikda', 'SKI', 1),
(108, 3, 'Souk Ahras', 'SAH', 1),
(109, 3, 'Tamanghasset', 'TAM', 1),
(110, 3, 'Tebessa', 'TEB', 1),
(111, 3, 'Tiaret', 'TIA', 1),
(112, 3, 'Tindouf', 'TIN', 1),
(113, 3, 'Tipaza', 'TIP', 1),
(114, 3, 'Tissemsilt', 'TIS', 1),
(115, 3, 'Tizi Ouzou', 'TOU', 1),
(116, 3, 'Tlemcen', 'TLE', 1),
(117, 4, 'Eastern', 'E', 1),
(118, 4, 'Manu\'a', 'M', 1),
(119, 4, 'Rose Island', 'R', 1),
(120, 4, 'Swains Island', 'S', 1),
(121, 4, 'Western', 'W', 1),
(122, 5, 'Andorra la Vella', 'ALV', 1),
(123, 5, 'Canillo', 'CAN', 1),
(124, 5, 'Encamp', 'ENC', 1),
(125, 5, 'Escaldes-Engordany', 'ESE', 1),
(126, 5, 'La Massana', 'LMA', 1),
(127, 5, 'Ordino', 'ORD', 1),
(128, 5, 'Sant Julia de Loria', 'SJL', 1),
(129, 6, 'Bengo', 'BGO', 1),
(130, 6, 'Benguela', 'BGU', 1),
(131, 6, 'Bie', 'BIE', 1),
(132, 6, 'Cabinda', 'CAB', 1),
(133, 6, 'Cuando-Cubango', 'CCU', 1),
(134, 6, 'Cuanza Norte', 'CNO', 1),
(135, 6, 'Cuanza Sul', 'CUS', 1),
(136, 6, 'Cunene', 'CNN', 1),
(137, 6, 'Huambo', 'HUA', 1),
(138, 6, 'Huila', 'HUI', 1),
(139, 6, 'Luanda', 'LUA', 1),
(140, 6, 'Lunda Norte', 'LNO', 1),
(141, 6, 'Lunda Sul', 'LSU', 1),
(142, 6, 'Malange', 'MAL', 1),
(143, 6, 'Moxico', 'MOX', 1),
(144, 6, 'Namibe', 'NAM', 1),
(145, 6, 'Uige', 'UIG', 1),
(146, 6, 'Zaire', 'ZAI', 1),
(147, 9, 'Saint George', 'ASG', 1),
(148, 9, 'Saint John', 'ASJ', 1),
(149, 9, 'Saint Mary', 'ASM', 1),
(150, 9, 'Saint Paul', 'ASL', 1),
(151, 9, 'Saint Peter', 'ASR', 1),
(152, 9, 'Saint Philip', 'ASH', 1),
(153, 9, 'Barbuda', 'BAR', 1),
(154, 9, 'Redonda', 'RED', 1),
(155, 10, 'Antartida e Islas del Atlantico', 'AN', 1),
(156, 10, 'Buenos Aires', 'BA', 1),
(157, 10, 'Catamarca', 'CA', 1),
(158, 10, 'Chaco', 'CH', 1),
(159, 10, 'Chubut', 'CU', 1),
(160, 10, 'Cordoba', 'CO', 1),
(161, 10, 'Corrientes', 'CR', 1),
(162, 10, 'Distrito Federal', 'DF', 1),
(163, 10, 'Entre Rios', 'ER', 1),
(164, 10, 'Formosa', 'FO', 1),
(165, 10, 'Jujuy', 'JU', 1),
(166, 10, 'La Pampa', 'LP', 1),
(167, 10, 'La Rioja', 'LR', 1),
(168, 10, 'Mendoza', 'ME', 1),
(169, 10, 'Misiones', 'MI', 1),
(170, 10, 'Neuquen', 'NE', 1),
(171, 10, 'Rio Negro', 'RN', 1),
(172, 10, 'Salta', 'SA', 1),
(173, 10, 'San Juan', 'SJ', 1),
(174, 10, 'San Luis', 'SL', 1),
(175, 10, 'Santa Cruz', 'SC', 1),
(176, 10, 'Santa Fe', 'SF', 1),
(177, 10, 'Santiago del Estero', 'SD', 1),
(178, 10, 'Tierra del Fuego', 'TF', 1),
(179, 10, 'Tucuman', 'TU', 1),
(180, 11, 'Aragatsotn', 'AGT', 1),
(181, 11, 'Ararat', 'ARR', 1),
(182, 11, 'Armavir', 'ARM', 1),
(183, 11, 'Geghark\'unik\'', 'GEG', 1),
(184, 11, 'Kotayk\'', 'KOT', 1),
(185, 11, 'Lorri', 'LOR', 1),
(186, 11, 'Shirak', 'SHI', 1),
(187, 11, 'Syunik\'', 'SYU', 1),
(188, 11, 'Tavush', 'TAV', 1),
(189, 11, 'Vayots\' Dzor', 'VAY', 1),
(190, 11, 'Yerevan', 'YER', 1),
(191, 13, 'Australian Capital Territory', 'ACT', 1),
(192, 13, 'New South Wales', 'NSW', 1),
(193, 13, 'Northern Territory', 'NT', 1),
(194, 13, 'Queensland', 'QLD', 1),
(195, 13, 'South Australia', 'SA', 1),
(196, 13, 'Tasmania', 'TAS', 1),
(197, 13, 'Victoria', 'VIC', 1),
(198, 13, 'Western Australia', 'WA', 1),
(199, 14, 'Burgenland', 'BUR', 1),
(200, 14, 'Kärnten', 'KAR', 1),
(201, 14, 'Nieder&ouml;sterreich', 'NOS', 1),
(202, 14, 'Ober&ouml;sterreich', 'OOS', 1),
(203, 14, 'Salzburg', 'SAL', 1),
(204, 14, 'Steiermark', 'STE', 1),
(205, 14, 'Tirol', 'TIR', 1),
(206, 14, 'Vorarlberg', 'VOR', 1),
(207, 14, 'Wien', 'WIE', 1),
(208, 15, 'Ali Bayramli', 'AB', 1),
(209, 15, 'Abseron', 'ABS', 1),
(210, 15, 'AgcabAdi', 'AGC', 1),
(211, 15, 'Agdam', 'AGM', 1),
(212, 15, 'Agdas', 'AGS', 1),
(213, 15, 'Agstafa', 'AGA', 1),
(214, 15, 'Agsu', 'AGU', 1),
(215, 15, 'Astara', 'AST', 1),
(216, 15, 'Baki', 'BA', 1),
(217, 15, 'BabAk', 'BAB', 1),
(218, 15, 'BalakAn', 'BAL', 1),
(219, 15, 'BArdA', 'BAR', 1),
(220, 15, 'Beylaqan', 'BEY', 1),
(221, 15, 'Bilasuvar', 'BIL', 1),
(222, 15, 'Cabrayil', 'CAB', 1),
(223, 15, 'Calilabab', 'CAL', 1),
(224, 15, 'Culfa', 'CUL', 1),
(225, 15, 'Daskasan', 'DAS', 1),
(226, 15, 'Davaci', 'DAV', 1),
(227, 15, 'Fuzuli', 'FUZ', 1),
(228, 15, 'Ganca', 'GA', 1),
(229, 15, 'Gadabay', 'GAD', 1),
(230, 15, 'Goranboy', 'GOR', 1),
(231, 15, 'Goycay', 'GOY', 1),
(232, 15, 'Haciqabul', 'HAC', 1),
(233, 15, 'Imisli', 'IMI', 1),
(234, 15, 'Ismayilli', 'ISM', 1),
(235, 15, 'Kalbacar', 'KAL', 1),
(236, 15, 'Kurdamir', 'KUR', 1),
(237, 15, 'Lankaran', 'LA', 1),
(238, 15, 'Lacin', 'LAC', 1),
(239, 15, 'Lankaran', 'LAN', 1),
(240, 15, 'Lerik', 'LER', 1),
(241, 15, 'Masalli', 'MAS', 1),
(242, 15, 'Mingacevir', 'MI', 1),
(243, 15, 'Naftalan', 'NA', 1),
(244, 15, 'Neftcala', 'NEF', 1),
(245, 15, 'Oguz', 'OGU', 1),
(246, 15, 'Ordubad', 'ORD', 1),
(247, 15, 'Qabala', 'QAB', 1),
(248, 15, 'Qax', 'QAX', 1),
(249, 15, 'Qazax', 'QAZ', 1),
(250, 15, 'Qobustan', 'QOB', 1),
(251, 15, 'Quba', 'QBA', 1),
(252, 15, 'Qubadli', 'QBI', 1),
(253, 15, 'Qusar', 'QUS', 1),
(254, 15, 'Saki', 'SA', 1),
(255, 15, 'Saatli', 'SAT', 1),
(256, 15, 'Sabirabad', 'SAB', 1),
(257, 15, 'Sadarak', 'SAD', 1),
(258, 15, 'Sahbuz', 'SAH', 1),
(259, 15, 'Saki', 'SAK', 1),
(260, 15, 'Salyan', 'SAL', 1),
(261, 15, 'Sumqayit', 'SM', 1),
(262, 15, 'Samaxi', 'SMI', 1),
(263, 15, 'Samkir', 'SKR', 1),
(264, 15, 'Samux', 'SMX', 1),
(265, 15, 'Sarur', 'SAR', 1),
(266, 15, 'Siyazan', 'SIY', 1),
(267, 15, 'Susa', 'SS', 1),
(268, 15, 'Susa', 'SUS', 1),
(269, 15, 'Tartar', 'TAR', 1),
(270, 15, 'Tovuz', 'TOV', 1),
(271, 15, 'Ucar', 'UCA', 1),
(272, 15, 'Xankandi', 'XA', 1),
(273, 15, 'Xacmaz', 'XAC', 1),
(274, 15, 'Xanlar', 'XAN', 1),
(275, 15, 'Xizi', 'XIZ', 1),
(276, 15, 'Xocali', 'XCI', 1),
(277, 15, 'Xocavand', 'XVD', 1),
(278, 15, 'Yardimli', 'YAR', 1),
(279, 15, 'Yevlax', 'YEV', 1),
(280, 15, 'Zangilan', 'ZAN', 1),
(281, 15, 'Zaqatala', 'ZAQ', 1),
(282, 15, 'Zardab', 'ZAR', 1),
(283, 15, 'Naxcivan', 'NX', 1),
(284, 16, 'Acklins', 'ACK', 1),
(285, 16, 'Berry Islands', 'BER', 1),
(286, 16, 'Bimini', 'BIM', 1),
(287, 16, 'Black Point', 'BLK', 1),
(288, 16, 'Cat Island', 'CAT', 1),
(289, 16, 'Central Abaco', 'CAB', 1),
(290, 16, 'Central Andros', 'CAN', 1),
(291, 16, 'Central Eleuthera', 'CEL', 1),
(292, 16, 'City of Freeport', 'FRE', 1),
(293, 16, 'Crooked Island', 'CRO', 1),
(294, 16, 'East Grand Bahama', 'EGB', 1),
(295, 16, 'Exuma', 'EXU', 1),
(296, 16, 'Grand Cay', 'GRD', 1),
(297, 16, 'Harbour Island', 'HAR', 1),
(298, 16, 'Hope Town', 'HOP', 1),
(299, 16, 'Inagua', 'INA', 1),
(300, 16, 'Long Island', 'LNG', 1),
(301, 16, 'Mangrove Cay', 'MAN', 1),
(302, 16, 'Mayaguana', 'MAY', 1),
(303, 16, 'Moore\'s Island', 'MOO', 1),
(304, 16, 'North Abaco', 'NAB', 1),
(305, 16, 'North Andros', 'NAN', 1),
(306, 16, 'North Eleuthera', 'NEL', 1),
(307, 16, 'Ragged Island', 'RAG', 1),
(308, 16, 'Rum Cay', 'RUM', 1),
(309, 16, 'San Salvador', 'SAL', 1),
(310, 16, 'South Abaco', 'SAB', 1),
(311, 16, 'South Andros', 'SAN', 1),
(312, 16, 'South Eleuthera', 'SEL', 1),
(313, 16, 'Spanish Wells', 'SWE', 1),
(314, 16, 'West Grand Bahama', 'WGB', 1),
(315, 17, 'Capital', 'CAP', 1),
(316, 17, 'Central', 'CEN', 1),
(317, 17, 'Muharraq', 'MUH', 1),
(318, 17, 'Northern', 'NOR', 1),
(319, 17, 'Southern', 'SOU', 1),
(320, 18, 'Barisal', 'BAR', 1),
(321, 18, 'Chittagong', 'CHI', 1),
(322, 18, 'Dhaka', 'DHA', 1),
(323, 18, 'Khulna', 'KHU', 1),
(324, 18, 'Rajshahi', 'RAJ', 1),
(325, 18, 'Sylhet', 'SYL', 1),
(326, 19, 'Christ Church', 'CC', 1),
(327, 19, 'Saint Andrew', 'AND', 1),
(328, 19, 'Saint George', 'GEO', 1),
(329, 19, 'Saint James', 'JAM', 1),
(330, 19, 'Saint John', 'JOH', 1),
(331, 19, 'Saint Joseph', 'JOS', 1),
(332, 19, 'Saint Lucy', 'LUC', 1),
(333, 19, 'Saint Michael', 'MIC', 1),
(334, 19, 'Saint Peter', 'PET', 1),
(335, 19, 'Saint Philip', 'PHI', 1),
(336, 19, 'Saint Thomas', 'THO', 1),
(337, 20, 'Brestskaya (Brest)', 'BR', 1),
(338, 20, 'Homyel\'skaya (Homyel\')', 'HO', 1),
(339, 20, 'Horad Minsk', 'HM', 1),
(340, 20, 'Hrodzyenskaya (Hrodna)', 'HR', 1),
(341, 20, 'Mahilyowskaya (Mahilyow)', 'MA', 1),
(342, 20, 'Minskaya', 'MI', 1),
(343, 20, 'Vitsyebskaya (Vitsyebsk)', 'VI', 1),
(344, 21, 'Antwerpen', 'VAN', 1),
(345, 21, 'Brabant Wallon', 'WBR', 1),
(346, 21, 'Hainaut', 'WHT', 1),
(347, 21, 'Liège', 'WLG', 1),
(348, 21, 'Limburg', 'VLI', 1),
(349, 21, 'Luxembourg', 'WLX', 1),
(350, 21, 'Namur', 'WNA', 1),
(351, 21, 'Oost-Vlaanderen', 'VOV', 1),
(352, 21, 'Vlaams Brabant', 'VBR', 1),
(353, 21, 'West-Vlaanderen', 'VWV', 1),
(354, 22, 'Belize', 'BZ', 1),
(355, 22, 'Cayo', 'CY', 1),
(356, 22, 'Corozal', 'CR', 1),
(357, 22, 'Orange Walk', 'OW', 1),
(358, 22, 'Stann Creek', 'SC', 1),
(359, 22, 'Toledo', 'TO', 1),
(360, 23, 'Alibori', 'AL', 1),
(361, 23, 'Atakora', 'AK', 1),
(362, 23, 'Atlantique', 'AQ', 1),
(363, 23, 'Borgou', 'BO', 1),
(364, 23, 'Collines', 'CO', 1),
(365, 23, 'Donga', 'DO', 1),
(366, 23, 'Kouffo', 'KO', 1),
(367, 23, 'Littoral', 'LI', 1),
(368, 23, 'Mono', 'MO', 1),
(369, 23, 'Oueme', 'OU', 1),
(370, 23, 'Plateau', 'PL', 1),
(371, 23, 'Zou', 'ZO', 1),
(372, 24, 'Devonshire', 'DS', 1),
(373, 24, 'Hamilton City', 'HC', 1),
(374, 24, 'Hamilton', 'HA', 1),
(375, 24, 'Paget', 'PG', 1),
(376, 24, 'Pembroke', 'PB', 1),
(377, 24, 'Saint George City', 'GC', 1),
(378, 24, 'Saint George\'s', 'SG', 1),
(379, 24, 'Sandys', 'SA', 1),
(380, 24, 'Smith\'s', 'SM', 1),
(381, 24, 'Southampton', 'SH', 1),
(382, 24, 'Warwick', 'WA', 1),
(383, 25, 'Bumthang', 'BUM', 1),
(384, 25, 'Chukha', 'CHU', 1),
(385, 25, 'Dagana', 'DAG', 1),
(386, 25, 'Gasa', 'GAS', 1),
(387, 25, 'Haa', 'HAA', 1),
(388, 25, 'Lhuntse', 'LHU', 1),
(389, 25, 'Mongar', 'MON', 1),
(390, 25, 'Paro', 'PAR', 1),
(391, 25, 'Pemagatshel', 'PEM', 1),
(392, 25, 'Punakha', 'PUN', 1),
(393, 25, 'Samdrup Jongkhar', 'SJO', 1),
(394, 25, 'Samtse', 'SAT', 1),
(395, 25, 'Sarpang', 'SAR', 1),
(396, 25, 'Thimphu', 'THI', 1),
(397, 25, 'Trashigang', 'TRG', 1),
(398, 25, 'Trashiyangste', 'TRY', 1),
(399, 25, 'Trongsa', 'TRO', 1),
(400, 25, 'Tsirang', 'TSI', 1),
(401, 25, 'Wangdue Phodrang', 'WPH', 1),
(402, 25, 'Zhemgang', 'ZHE', 1),
(403, 26, 'Beni', 'BEN', 1),
(404, 26, 'Chuquisaca', 'CHU', 1),
(405, 26, 'Cochabamba', 'COC', 1),
(406, 26, 'La Paz', 'LPZ', 1),
(407, 26, 'Oruro', 'ORU', 1),
(408, 26, 'Pando', 'PAN', 1),
(409, 26, 'Potosi', 'POT', 1),
(410, 26, 'Santa Cruz', 'SCZ', 1),
(411, 26, 'Tarija', 'TAR', 1),
(412, 27, 'Brcko district', 'BRO', 1),
(413, 27, 'Unsko-Sanski Kanton', 'FUS', 1),
(414, 27, 'Posavski Kanton', 'FPO', 1),
(415, 27, 'Tuzlanski Kanton', 'FTU', 1),
(416, 27, 'Zenicko-Dobojski Kanton', 'FZE', 1),
(417, 27, 'Bosanskopodrinjski Kanton', 'FBP', 1),
(418, 27, 'Srednjebosanski Kanton', 'FSB', 1),
(419, 27, 'Hercegovacko-neretvanski Kanton', 'FHN', 1),
(420, 27, 'Zapadnohercegovacka Zupanija', 'FZH', 1),
(421, 27, 'Kanton Sarajevo', 'FSA', 1),
(422, 27, 'Zapadnobosanska', 'FZA', 1),
(423, 27, 'Banja Luka', 'SBL', 1),
(424, 27, 'Doboj', 'SDO', 1),
(425, 27, 'Bijeljina', 'SBI', 1),
(426, 27, 'Vlasenica', 'SVL', 1),
(427, 27, 'Sarajevo-Romanija or Sokolac', 'SSR', 1),
(428, 27, 'Foca', 'SFO', 1),
(429, 27, 'Trebinje', 'STR', 1),
(430, 28, 'Central', 'CE', 1),
(431, 28, 'Ghanzi', 'GH', 1),
(432, 28, 'Kgalagadi', 'KD', 1),
(433, 28, 'Kgatleng', 'KT', 1),
(434, 28, 'Kweneng', 'KW', 1),
(435, 28, 'Ngamiland', 'NG', 1),
(436, 28, 'North East', 'NE', 1),
(437, 28, 'North West', 'NW', 1),
(438, 28, 'South East', 'SE', 1),
(439, 28, 'Southern', 'SO', 1),
(440, 30, 'Acre', 'AC', 1),
(441, 30, 'Alagoas', 'AL', 1),
(442, 30, 'Amapá', 'AP', 1),
(443, 30, 'Amazonas', 'AM', 1),
(444, 30, 'Bahia', 'BA', 1),
(445, 30, 'Ceará', 'CE', 1),
(446, 30, 'Distrito Federal', 'DF', 1),
(447, 30, 'Espírito Santo', 'ES', 1),
(448, 30, 'Goiás', 'GO', 1),
(449, 30, 'Maranhão', 'MA', 1),
(450, 30, 'Mato Grosso', 'MT', 1),
(451, 30, 'Mato Grosso do Sul', 'MS', 1),
(452, 30, 'Minas Gerais', 'MG', 1),
(453, 30, 'Pará', 'PA', 1),
(454, 30, 'Paraíba', 'PB', 1),
(455, 30, 'Paraná', 'PR', 1),
(456, 30, 'Pernambuco', 'PE', 1),
(457, 30, 'Piauí', 'PI', 1),
(458, 30, 'Rio de Janeiro', 'RJ', 1),
(459, 30, 'Rio Grande do Norte', 'RN', 1),
(460, 30, 'Rio Grande do Sul', 'RS', 1),
(461, 30, 'Rondônia', 'RO', 1),
(462, 30, 'Roraima', 'RR', 1),
(463, 30, 'Santa Catarina', 'SC', 1),
(464, 30, 'São Paulo', 'SP', 1),
(465, 30, 'Sergipe', 'SE', 1),
(466, 30, 'Tocantins', 'TO', 1),
(467, 31, 'Peros Banhos', 'PB', 1),
(468, 31, 'Salomon Islands', 'SI', 1),
(469, 31, 'Nelsons Island', 'NI', 1),
(470, 31, 'Three Brothers', 'TB', 1),
(471, 31, 'Eagle Islands', 'EA', 1),
(472, 31, 'Danger Island', 'DI', 1),
(473, 31, 'Egmont Islands', 'EG', 1),
(474, 31, 'Diego Garcia', 'DG', 1),
(475, 32, 'Belait', 'BEL', 1),
(476, 32, 'Brunei and Muara', 'BRM', 1),
(477, 32, 'Temburong', 'TEM', 1),
(478, 32, 'Tutong', 'TUT', 1),
(479, 33, 'Blagoevgrad', '', 1),
(480, 33, 'Burgas', '', 1),
(481, 33, 'Dobrich', '', 1),
(482, 33, 'Gabrovo', '', 1),
(483, 33, 'Haskovo', '', 1),
(484, 33, 'Kardjali', '', 1),
(485, 33, 'Kyustendil', '', 1),
(486, 33, 'Lovech', '', 1),
(487, 33, 'Montana', '', 1),
(488, 33, 'Pazardjik', '', 1),
(489, 33, 'Pernik', '', 1),
(490, 33, 'Pleven', '', 1),
(491, 33, 'Plovdiv', '', 1),
(492, 33, 'Razgrad', '', 1),
(493, 33, 'Shumen', '', 1),
(494, 33, 'Silistra', '', 1),
(495, 33, 'Sliven', '', 1),
(496, 33, 'Smolyan', '', 1),
(497, 33, 'Sofia', '', 1),
(498, 33, 'Sofia - town', '', 1),
(499, 33, 'Stara Zagora', '', 1),
(500, 33, 'Targovishte', '', 1),
(501, 33, 'Varna', '', 1),
(502, 33, 'Veliko Tarnovo', '', 1),
(503, 33, 'Vidin', '', 1),
(504, 33, 'Vratza', '', 1),
(505, 33, 'Yambol', '', 1),
(506, 34, 'Bale', 'BAL', 1),
(507, 34, 'Bam', 'BAM', 1),
(508, 34, 'Banwa', 'BAN', 1),
(509, 34, 'Bazega', 'BAZ', 1),
(510, 34, 'Bougouriba', 'BOR', 1),
(511, 34, 'Boulgou', 'BLG', 1),
(512, 34, 'Boulkiemde', 'BOK', 1),
(513, 34, 'Comoe', 'COM', 1),
(514, 34, 'Ganzourgou', 'GAN', 1),
(515, 34, 'Gnagna', 'GNA', 1),
(516, 34, 'Gourma', 'GOU', 1),
(517, 34, 'Houet', 'HOU', 1),
(518, 34, 'Ioba', 'IOA', 1),
(519, 34, 'Kadiogo', 'KAD', 1),
(520, 34, 'Kenedougou', 'KEN', 1),
(521, 34, 'Komondjari', 'KOD', 1),
(522, 34, 'Kompienga', 'KOP', 1),
(523, 34, 'Kossi', 'KOS', 1),
(524, 34, 'Koulpelogo', 'KOL', 1),
(525, 34, 'Kouritenga', 'KOT', 1),
(526, 34, 'Kourweogo', 'KOW', 1),
(527, 34, 'Leraba', 'LER', 1),
(528, 34, 'Loroum', 'LOR', 1),
(529, 34, 'Mouhoun', 'MOU', 1),
(530, 34, 'Nahouri', 'NAH', 1),
(531, 34, 'Namentenga', 'NAM', 1),
(532, 34, 'Nayala', 'NAY', 1),
(533, 34, 'Noumbiel', 'NOU', 1),
(534, 34, 'Oubritenga', 'OUB', 1),
(535, 34, 'Oudalan', 'OUD', 1),
(536, 34, 'Passore', 'PAS', 1),
(537, 34, 'Poni', 'PON', 1),
(538, 34, 'Sanguie', 'SAG', 1),
(539, 34, 'Sanmatenga', 'SAM', 1),
(540, 34, 'Seno', 'SEN', 1),
(541, 34, 'Sissili', 'SIS', 1),
(542, 34, 'Soum', 'SOM', 1),
(543, 34, 'Sourou', 'SOR', 1),
(544, 34, 'Tapoa', 'TAP', 1),
(545, 34, 'Tuy', 'TUY', 1),
(546, 34, 'Yagha', 'YAG', 1),
(547, 34, 'Yatenga', 'YAT', 1),
(548, 34, 'Ziro', 'ZIR', 1),
(549, 34, 'Zondoma', 'ZOD', 1),
(550, 34, 'Zoundweogo', 'ZOW', 1),
(551, 35, 'Bubanza', 'BB', 1),
(552, 35, 'Bujumbura', 'BJ', 1),
(553, 35, 'Bururi', 'BR', 1),
(554, 35, 'Cankuzo', 'CA', 1),
(555, 35, 'Cibitoke', 'CI', 1),
(556, 35, 'Gitega', 'GI', 1),
(557, 35, 'Karuzi', 'KR', 1),
(558, 35, 'Kayanza', 'KY', 1),
(559, 35, 'Kirundo', 'KI', 1),
(560, 35, 'Makamba', 'MA', 1),
(561, 35, 'Muramvya', 'MU', 1),
(562, 35, 'Muyinga', 'MY', 1),
(563, 35, 'Mwaro', 'MW', 1),
(564, 35, 'Ngozi', 'NG', 1),
(565, 35, 'Rutana', 'RT', 1),
(566, 35, 'Ruyigi', 'RY', 1),
(567, 36, 'Phnom Penh', 'PP', 1),
(568, 36, 'Preah Seihanu (Kompong Som or Sihanoukville)', 'PS', 1),
(569, 36, 'Pailin', 'PA', 1),
(570, 36, 'Keb', 'KB', 1),
(571, 36, 'Banteay Meanchey', 'BM', 1),
(572, 36, 'Battambang', 'BA', 1),
(573, 36, 'Kampong Cham', 'KM', 1),
(574, 36, 'Kampong Chhnang', 'KN', 1),
(575, 36, 'Kampong Speu', 'KU', 1),
(576, 36, 'Kampong Som', 'KO', 1),
(577, 36, 'Kampong Thom', 'KT', 1),
(578, 36, 'Kampot', 'KP', 1),
(579, 36, 'Kandal', 'KL', 1),
(580, 36, 'Kaoh Kong', 'KK', 1),
(581, 36, 'Kratie', 'KR', 1),
(582, 36, 'Mondul Kiri', 'MK', 1),
(583, 36, 'Oddar Meancheay', 'OM', 1),
(584, 36, 'Pursat', 'PU', 1),
(585, 36, 'Preah Vihear', 'PR', 1),
(586, 36, 'Prey Veng', 'PG', 1),
(587, 36, 'Ratanak Kiri', 'RK', 1),
(588, 36, 'Siemreap', 'SI', 1),
(589, 36, 'Stung Treng', 'ST', 1),
(590, 36, 'Svay Rieng', 'SR', 1),
(591, 36, 'Takeo', 'TK', 1),
(592, 37, 'Adamawa (Adamaoua)', 'ADA', 1),
(593, 37, 'Centre', 'CEN', 1),
(594, 37, 'East (Est)', 'EST', 1),
(595, 37, 'Extreme North (Extreme-Nord)', 'EXN', 1),
(596, 37, 'Littoral', 'LIT', 1),
(597, 37, 'North (Nord)', 'NOR', 1),
(598, 37, 'Northwest (Nord-Ouest)', 'NOT', 1),
(599, 37, 'West (Ouest)', 'OUE', 1),
(600, 37, 'South (Sud)', 'SUD', 1),
(601, 37, 'Southwest (Sud-Ouest).', 'SOU', 1),
(602, 38, 'Alberta', 'AB', 1),
(603, 38, 'British Columbia', 'BC', 1),
(604, 38, 'Manitoba', 'MB', 1),
(605, 38, 'New Brunswick', 'NB', 1),
(606, 38, 'Newfoundland and Labrador', 'NL', 1),
(607, 38, 'Northwest Territories', 'NT', 1),
(608, 38, 'Nova Scotia', 'NS', 1),
(609, 38, 'Nunavut', 'NU', 1),
(610, 38, 'Ontario', 'ON', 1),
(611, 38, 'Prince Edward Island', 'PE', 1),
(612, 38, 'Qu&eacute;bec', 'QC', 1),
(613, 38, 'Saskatchewan', 'SK', 1),
(614, 38, 'Yukon Territory', 'YT', 1),
(615, 39, 'Boa Vista', 'BV', 1),
(616, 39, 'Brava', 'BR', 1),
(617, 39, 'Calheta de Sao Miguel', 'CS', 1),
(618, 39, 'Maio', 'MA', 1),
(619, 39, 'Mosteiros', 'MO', 1),
(620, 39, 'Paul', 'PA', 1),
(621, 39, 'Porto Novo', 'PN', 1),
(622, 39, 'Praia', 'PR', 1),
(623, 39, 'Ribeira Grande', 'RG', 1),
(624, 39, 'Sal', 'SL', 1),
(625, 39, 'Santa Catarina', 'CA', 1),
(626, 39, 'Santa Cruz', 'CR', 1),
(627, 39, 'Sao Domingos', 'SD', 1),
(628, 39, 'Sao Filipe', 'SF', 1),
(629, 39, 'Sao Nicolau', 'SN', 1),
(630, 39, 'Sao Vicente', 'SV', 1),
(631, 39, 'Tarrafal', 'TA', 1),
(632, 40, 'Creek', 'CR', 1),
(633, 40, 'Eastern', 'EA', 1),
(634, 40, 'Midland', 'ML', 1),
(635, 40, 'South Town', 'ST', 1),
(636, 40, 'Spot Bay', 'SP', 1),
(637, 40, 'Stake Bay', 'SK', 1),
(638, 40, 'West End', 'WD', 1),
(639, 40, 'Western', 'WN', 1),
(640, 41, 'Bamingui-Bangoran', 'BBA', 1),
(641, 41, 'Basse-Kotto', 'BKO', 1),
(642, 41, 'Haute-Kotto', 'HKO', 1),
(643, 41, 'Haut-Mbomou', 'HMB', 1),
(644, 41, 'Kemo', 'KEM', 1),
(645, 41, 'Lobaye', 'LOB', 1),
(646, 41, 'Mambere-KadeÔ', 'MKD', 1),
(647, 41, 'Mbomou', 'MBO', 1),
(648, 41, 'Nana-Mambere', 'NMM', 1),
(649, 41, 'Ombella-M\'Poko', 'OMP', 1),
(650, 41, 'Ouaka', 'OUK', 1),
(651, 41, 'Ouham', 'OUH', 1),
(652, 41, 'Ouham-Pende', 'OPE', 1),
(653, 41, 'Vakaga', 'VAK', 1),
(654, 41, 'Nana-Grebizi', 'NGR', 1),
(655, 41, 'Sangha-Mbaere', 'SMB', 1),
(656, 41, 'Bangui', 'BAN', 1),
(657, 42, 'Batha', 'BA', 1),
(658, 42, 'Biltine', 'BI', 1),
(659, 42, 'Borkou-Ennedi-Tibesti', 'BE', 1),
(660, 42, 'Chari-Baguirmi', 'CB', 1),
(661, 42, 'Guera', 'GU', 1),
(662, 42, 'Kanem', 'KA', 1),
(663, 42, 'Lac', 'LA', 1),
(664, 42, 'Logone Occidental', 'LC', 1),
(665, 42, 'Logone Oriental', 'LR', 1),
(666, 42, 'Mayo-Kebbi', 'MK', 1),
(667, 42, 'Moyen-Chari', 'MC', 1),
(668, 42, 'Ouaddai', 'OU', 1),
(669, 42, 'Salamat', 'SA', 1),
(670, 42, 'Tandjile', 'TA', 1),
(671, 43, 'Aisen del General Carlos Ibanez', 'AI', 1),
(672, 43, 'Antofagasta', 'AN', 1),
(673, 43, 'Araucania', 'AR', 1),
(674, 43, 'Atacama', 'AT', 1),
(675, 43, 'Bio-Bio', 'BI', 1),
(676, 43, 'Coquimbo', 'CO', 1),
(677, 43, 'Libertador General Bernardo O\'Higgins', 'LI', 1),
(678, 43, 'Los Lagos', 'LL', 1),
(679, 43, 'Magallanes y de la Antartica Chilena', 'MA', 1),
(680, 43, 'Maule', 'ML', 1),
(681, 43, 'Region Metropolitana', 'RM', 1),
(682, 43, 'Tarapaca', 'TA', 1),
(683, 43, 'Valparaiso', 'VS', 1),
(684, 44, 'Anhui', 'AN', 1),
(685, 44, 'Beijing', 'BE', 1),
(686, 44, 'Chongqing', 'CH', 1),
(687, 44, 'Fujian', 'FU', 1),
(688, 44, 'Gansu', 'GA', 1),
(689, 44, 'Guangdong', 'GU', 1),
(690, 44, 'Guangxi', 'GX', 1),
(691, 44, 'Guizhou', 'GZ', 1),
(692, 44, 'Hainan', 'HA', 1),
(693, 44, 'Hebei', 'HB', 1),
(694, 44, 'Heilongjiang', 'HL', 1),
(695, 44, 'Henan', 'HE', 1),
(696, 44, 'Hong Kong', 'HK', 1),
(697, 44, 'Hubei', 'HU', 1),
(698, 44, 'Hunan', 'HN', 1),
(699, 44, 'Inner Mongolia', 'IM', 1),
(700, 44, 'Jiangsu', 'JI', 1),
(701, 44, 'Jiangxi', 'JX', 1),
(702, 44, 'Jilin', 'JL', 1),
(703, 44, 'Liaoning', 'LI', 1),
(704, 44, 'Macau', 'MA', 1),
(705, 44, 'Ningxia', 'NI', 1),
(706, 44, 'Shaanxi', 'SH', 1),
(707, 44, 'Shandong', 'SA', 1),
(708, 44, 'Shanghai', 'SG', 1),
(709, 44, 'Shanxi', 'SX', 1),
(710, 44, 'Sichuan', 'SI', 1),
(711, 44, 'Tianjin', 'TI', 1),
(712, 44, 'Xinjiang', 'XI', 1),
(713, 44, 'Yunnan', 'YU', 1),
(714, 44, 'Zhejiang', 'ZH', 1),
(715, 46, 'Direction Island', 'D', 1),
(716, 46, 'Home Island', 'H', 1),
(717, 46, 'Horsburgh Island', 'O', 1),
(718, 46, 'South Island', 'S', 1),
(719, 46, 'West Island', 'W', 1),
(720, 47, 'Amazonas', 'AMZ', 1),
(721, 47, 'Antioquia', 'ANT', 1),
(722, 47, 'Arauca', 'ARA', 1),
(723, 47, 'Atlantico', 'ATL', 1),
(724, 47, 'Bogota D.C.', 'BDC', 1),
(725, 47, 'Bolivar', 'BOL', 1),
(726, 47, 'Boyaca', 'BOY', 1),
(727, 47, 'Caldas', 'CAL', 1),
(728, 47, 'Caqueta', 'CAQ', 1),
(729, 47, 'Casanare', 'CAS', 1),
(730, 47, 'Cauca', 'CAU', 1),
(731, 47, 'Cesar', 'CES', 1),
(732, 47, 'Choco', 'CHO', 1),
(733, 47, 'Cordoba', 'COR', 1),
(734, 47, 'Cundinamarca', 'CAM', 1),
(735, 47, 'Guainia', 'GNA', 1),
(736, 47, 'Guajira', 'GJR', 1),
(737, 47, 'Guaviare', 'GVR', 1),
(738, 47, 'Huila', 'HUI', 1),
(739, 47, 'Magdalena', 'MAG', 1),
(740, 47, 'Meta', 'MET', 1),
(741, 47, 'Narino', 'NAR', 1),
(742, 47, 'Norte de Santander', 'NDS', 1),
(743, 47, 'Putumayo', 'PUT', 1),
(744, 47, 'Quindio', 'QUI', 1),
(745, 47, 'Risaralda', 'RIS', 1),
(746, 47, 'San Andres y Providencia', 'SAP', 1),
(747, 47, 'Santander', 'SAN', 1),
(748, 47, 'Sucre', 'SUC', 1),
(749, 47, 'Tolima', 'TOL', 1),
(750, 47, 'Valle del Cauca', 'VDC', 1),
(751, 47, 'Vaupes', 'VAU', 1),
(752, 47, 'Vichada', 'VIC', 1),
(753, 48, 'Grande Comore', 'G', 1),
(754, 48, 'Anjouan', 'A', 1),
(755, 48, 'Moheli', 'M', 1),
(756, 49, 'Bouenza', 'BO', 1),
(757, 49, 'Brazzaville', 'BR', 1),
(758, 49, 'Cuvette', 'CU', 1),
(759, 49, 'Cuvette-Ouest', 'CO', 1),
(760, 49, 'Kouilou', 'KO', 1),
(761, 49, 'Lekoumou', 'LE', 1),
(762, 49, 'Likouala', 'LI', 1),
(763, 49, 'Niari', 'NI', 1),
(764, 49, 'Plateaux', 'PL', 1),
(765, 49, 'Pool', 'PO', 1),
(766, 49, 'Sangha', 'SA', 1),
(767, 50, 'Pukapuka', 'PU', 1),
(768, 50, 'Rakahanga', 'RK', 1),
(769, 50, 'Manihiki', 'MK', 1),
(770, 50, 'Penrhyn', 'PE', 1),
(771, 50, 'Nassau Island', 'NI', 1),
(772, 50, 'Surwarrow', 'SU', 1),
(773, 50, 'Palmerston', 'PA', 1),
(774, 50, 'Aitutaki', 'AI', 1),
(775, 50, 'Manuae', 'MA', 1),
(776, 50, 'Takutea', 'TA', 1),
(777, 50, 'Mitiaro', 'MT', 1),
(778, 50, 'Atiu', 'AT', 1),
(779, 50, 'Mauke', 'MU', 1),
(780, 50, 'Rarotonga', 'RR', 1),
(781, 50, 'Mangaia', 'MG', 1),
(782, 51, 'Alajuela', 'AL', 1),
(783, 51, 'Cartago', 'CA', 1),
(784, 51, 'Guanacaste', 'GU', 1),
(785, 51, 'Heredia', 'HE', 1),
(786, 51, 'Limon', 'LI', 1),
(787, 51, 'Puntarenas', 'PU', 1),
(788, 51, 'San Jose', 'SJ', 1),
(789, 52, 'Abengourou', 'ABE', 1),
(790, 52, 'Abidjan', 'ABI', 1),
(791, 52, 'Aboisso', 'ABO', 1),
(792, 52, 'Adiake', 'ADI', 1),
(793, 52, 'Adzope', 'ADZ', 1),
(794, 52, 'Agboville', 'AGB', 1),
(795, 52, 'Agnibilekrou', 'AGN', 1),
(796, 52, 'Alepe', 'ALE', 1),
(797, 52, 'Bocanda', 'BOC', 1),
(798, 52, 'Bangolo', 'BAN', 1),
(799, 52, 'Beoumi', 'BEO', 1),
(800, 52, 'Biankouma', 'BIA', 1),
(801, 52, 'Bondoukou', 'BDK', 1),
(802, 52, 'Bongouanou', 'BGN', 1),
(803, 52, 'Bouafle', 'BFL', 1),
(804, 52, 'Bouake', 'BKE', 1),
(805, 52, 'Bouna', 'BNA', 1),
(806, 52, 'Boundiali', 'BDL', 1),
(807, 52, 'Dabakala', 'DKL', 1),
(808, 52, 'Dabou', 'DBU', 1),
(809, 52, 'Daloa', 'DAL', 1),
(810, 52, 'Danane', 'DAN', 1),
(811, 52, 'Daoukro', 'DAO', 1),
(812, 52, 'Dimbokro', 'DIM', 1),
(813, 52, 'Divo', 'DIV', 1),
(814, 52, 'Duekoue', 'DUE', 1),
(815, 52, 'Ferkessedougou', 'FER', 1),
(816, 52, 'Gagnoa', 'GAG', 1),
(817, 52, 'Grand-Bassam', 'GBA', 1),
(818, 52, 'Grand-Lahou', 'GLA', 1),
(819, 52, 'Guiglo', 'GUI', 1),
(820, 52, 'Issia', 'ISS', 1),
(821, 52, 'Jacqueville', 'JAC', 1),
(822, 52, 'Katiola', 'KAT', 1),
(823, 52, 'Korhogo', 'KOR', 1),
(824, 52, 'Lakota', 'LAK', 1),
(825, 52, 'Man', 'MAN', 1),
(826, 52, 'Mankono', 'MKN', 1),
(827, 52, 'Mbahiakro', 'MBA', 1),
(828, 52, 'Odienne', 'ODI', 1),
(829, 52, 'Oume', 'OUM', 1),
(830, 52, 'Sakassou', 'SAK', 1),
(831, 52, 'San-Pedro', 'SPE', 1),
(832, 52, 'Sassandra', 'SAS', 1),
(833, 52, 'Seguela', 'SEG', 1),
(834, 52, 'Sinfra', 'SIN', 1),
(835, 52, 'Soubre', 'SOU', 1),
(836, 52, 'Tabou', 'TAB', 1),
(837, 52, 'Tanda', 'TAN', 1),
(838, 52, 'Tiebissou', 'TIE', 1),
(839, 52, 'Tingrela', 'TIN', 1),
(840, 52, 'Tiassale', 'TIA', 1),
(841, 52, 'Touba', 'TBA', 1),
(842, 52, 'Toulepleu', 'TLP', 1),
(843, 52, 'Toumodi', 'TMD', 1),
(844, 52, 'Vavoua', 'VAV', 1),
(845, 52, 'Yamoussoukro', 'YAM', 1),
(846, 52, 'Zuenoula', 'ZUE', 1),
(847, 53, 'Bjelovarsko-bilogorska', 'BB', 1),
(848, 53, 'Grad Zagreb', 'GZ', 1),
(849, 53, 'Dubrovačko-neretvanska', 'DN', 1),
(850, 53, 'Istarska', 'IS', 1),
(851, 53, 'Karlovačka', 'KA', 1),
(852, 53, 'Koprivničko-križevačka', 'KK', 1),
(853, 53, 'Krapinsko-zagorska', 'KZ', 1),
(854, 53, 'Ličko-senjska', 'LS', 1),
(855, 53, 'Međimurska', 'ME', 1),
(856, 53, 'Osječko-baranjska', 'OB', 1),
(857, 53, 'Požeško-slavonska', 'PS', 1),
(858, 53, 'Primorsko-goranska', 'PG', 1),
(859, 53, 'Šibensko-kninska', 'SK', 1),
(860, 53, 'Sisačko-moslavačka', 'SM', 1),
(861, 53, 'Brodsko-posavska', 'BP', 1),
(862, 53, 'Splitsko-dalmatinska', 'SD', 1),
(863, 53, 'Varaždinska', 'VA', 1),
(864, 53, 'Virovitičko-podravska', 'VP', 1),
(865, 53, 'Vukovarsko-srijemska', 'VS', 1),
(866, 53, 'Zadarska', 'ZA', 1),
(867, 53, 'Zagrebačka', 'ZG', 1),
(868, 54, 'Camaguey', 'CA', 1),
(869, 54, 'Ciego de Avila', 'CD', 1),
(870, 54, 'Cienfuegos', 'CI', 1),
(871, 54, 'Ciudad de La Habana', 'CH', 1),
(872, 54, 'Granma', 'GR', 1),
(873, 54, 'Guantanamo', 'GU', 1),
(874, 54, 'Holguin', 'HO', 1),
(875, 54, 'Isla de la Juventud', 'IJ', 1),
(876, 54, 'La Habana', 'LH', 1),
(877, 54, 'Las Tunas', 'LT', 1),
(878, 54, 'Matanzas', 'MA', 1),
(879, 54, 'Pinar del Rio', 'PR', 1),
(880, 54, 'Sancti Spiritus', 'SS', 1),
(881, 54, 'Santiago de Cuba', 'SC', 1),
(882, 54, 'Villa Clara', 'VC', 1),
(883, 55, 'Famagusta', 'F', 1),
(884, 55, 'Kyrenia', 'K', 1),
(885, 55, 'Larnaca', 'A', 1),
(886, 55, 'Limassol', 'I', 1),
(887, 55, 'Nicosia', 'N', 1),
(888, 55, 'Paphos', 'P', 1),
(889, 56, 'Ústecký', 'U', 1),
(890, 56, 'Jihočeský', 'C', 1),
(891, 56, 'Jihomoravský', 'B', 1),
(892, 56, 'Karlovarský', 'K', 1),
(893, 56, 'Královehradecký', 'H', 1),
(894, 56, 'Liberecký', 'L', 1),
(895, 56, 'Moravskoslezský', 'T', 1),
(896, 56, 'Olomoucký', 'M', 1),
(897, 56, 'Pardubický', 'E', 1),
(898, 56, 'Plzeňský', 'P', 1),
(899, 56, 'Praha', 'A', 1),
(900, 56, 'Středočeský', 'S', 1),
(901, 56, 'Vysočina', 'J', 1),
(902, 56, 'Zlínský', 'Z', 1),
(903, 57, 'Arhus', 'AR', 1),
(904, 57, 'Bornholm', 'BH', 1),
(905, 57, 'Copenhagen', 'CO', 1),
(906, 57, 'Faroe Islands', 'FO', 1),
(907, 57, 'Frederiksborg', 'FR', 1),
(908, 57, 'Fyn', 'FY', 1),
(909, 57, 'Kobenhavn', 'KO', 1),
(910, 57, 'Nordjylland', 'NO', 1),
(911, 57, 'Ribe', 'RI', 1),
(912, 57, 'Ringkobing', 'RK', 1),
(913, 57, 'Roskilde', 'RO', 1),
(914, 57, 'Sonderjylland', 'SO', 1),
(915, 57, 'Storstrom', 'ST', 1),
(916, 57, 'Vejle', 'VK', 1),
(917, 57, 'Vestj&aelig;lland', 'VJ', 1),
(918, 57, 'Viborg', 'VB', 1),
(919, 58, '\'Ali Sabih', 'S', 1),
(920, 58, 'Dikhil', 'K', 1),
(921, 58, 'Djibouti', 'J', 1),
(922, 58, 'Obock', 'O', 1),
(923, 58, 'Tadjoura', 'T', 1),
(924, 59, 'Saint Andrew Parish', 'AND', 1),
(925, 59, 'Saint David Parish', 'DAV', 1),
(926, 59, 'Saint George Parish', 'GEO', 1),
(927, 59, 'Saint John Parish', 'JOH', 1),
(928, 59, 'Saint Joseph Parish', 'JOS', 1),
(929, 59, 'Saint Luke Parish', 'LUK', 1),
(930, 59, 'Saint Mark Parish', 'MAR', 1),
(931, 59, 'Saint Patrick Parish', 'PAT', 1),
(932, 59, 'Saint Paul Parish', 'PAU', 1),
(933, 59, 'Saint Peter Parish', 'PET', 1),
(934, 60, 'Distrito Nacional', 'DN', 1),
(935, 60, 'Azua', 'AZ', 1),
(936, 60, 'Baoruco', 'BC', 1),
(937, 60, 'Barahona', 'BH', 1),
(938, 60, 'Dajabon', 'DJ', 1),
(939, 60, 'Duarte', 'DU', 1),
(940, 60, 'Elias Pina', 'EL', 1),
(941, 60, 'El Seybo', 'SY', 1),
(942, 60, 'Espaillat', 'ET', 1),
(943, 60, 'Hato Mayor', 'HM', 1),
(944, 60, 'Independencia', 'IN', 1),
(945, 60, 'La Altagracia', 'AL', 1),
(946, 60, 'La Romana', 'RO', 1),
(947, 60, 'La Vega', 'VE', 1),
(948, 60, 'Maria Trinidad Sanchez', 'MT', 1),
(949, 60, 'Monsenor Nouel', 'MN', 1),
(950, 60, 'Monte Cristi', 'MC', 1),
(951, 60, 'Monte Plata', 'MP', 1),
(952, 60, 'Pedernales', 'PD', 1),
(953, 60, 'Peravia (Bani)', 'PR', 1),
(954, 60, 'Puerto Plata', 'PP', 1),
(955, 60, 'Salcedo', 'SL', 1),
(956, 60, 'Samana', 'SM', 1),
(957, 60, 'Sanchez Ramirez', 'SH', 1),
(958, 60, 'San Cristobal', 'SC', 1),
(959, 60, 'San Jose de Ocoa', 'JO', 1),
(960, 60, 'San Juan', 'SJ', 1),
(961, 60, 'San Pedro de Macoris', 'PM', 1),
(962, 60, 'Santiago', 'SA', 1),
(963, 60, 'Santiago Rodriguez', 'ST', 1),
(964, 60, 'Santo Domingo', 'SD', 1),
(965, 60, 'Valverde', 'VA', 1),
(966, 61, 'Aileu', 'AL', 1),
(967, 61, 'Ainaro', 'AN', 1),
(968, 61, 'Baucau', 'BA', 1),
(969, 61, 'Bobonaro', 'BO', 1),
(970, 61, 'Cova Lima', 'CO', 1),
(971, 61, 'Dili', 'DI', 1),
(972, 61, 'Ermera', 'ER', 1),
(973, 61, 'Lautem', 'LA', 1),
(974, 61, 'Liquica', 'LI', 1),
(975, 61, 'Manatuto', 'MT', 1),
(976, 61, 'Manufahi', 'MF', 1),
(977, 61, 'Oecussi', 'OE', 1),
(978, 61, 'Viqueque', 'VI', 1),
(979, 62, 'Azuay', 'AZU', 1),
(980, 62, 'Bolivar', 'BOL', 1),
(981, 62, 'Ca&ntilde;ar', 'CAN', 1),
(982, 62, 'Carchi', 'CAR', 1),
(983, 62, 'Chimborazo', 'CHI', 1),
(984, 62, 'Cotopaxi', 'COT', 1),
(985, 62, 'El Oro', 'EOR', 1),
(986, 62, 'Esmeraldas', 'ESM', 1),
(987, 62, 'Gal&aacute;pagos', 'GPS', 1),
(988, 62, 'Guayas', 'GUA', 1),
(989, 62, 'Imbabura', 'IMB', 1),
(990, 62, 'Loja', 'LOJ', 1),
(991, 62, 'Los Rios', 'LRO', 1),
(992, 62, 'Manab&iacute;', 'MAN', 1),
(993, 62, 'Morona Santiago', 'MSA', 1),
(994, 62, 'Napo', 'NAP', 1),
(995, 62, 'Orellana', 'ORE', 1),
(996, 62, 'Pastaza', 'PAS', 1),
(997, 62, 'Pichincha', 'PIC', 1),
(998, 62, 'Sucumb&iacute;os', 'SUC', 1),
(999, 62, 'Tungurahua', 'TUN', 1),
(1000, 62, 'Zamora Chinchipe', 'ZCH', 1),
(1001, 63, 'Ad Daqahliyah', 'DHY', 1),
(1002, 63, 'Al Bahr al Ahmar', 'BAM', 1),
(1003, 63, 'Al Buhayrah', 'BHY', 1),
(1004, 63, 'Al Fayyum', 'FYM', 1),
(1005, 63, 'Al Gharbiyah', 'GBY', 1),
(1006, 63, 'Al Iskandariyah', 'IDR', 1),
(1007, 63, 'Al Isma\'iliyah', 'IML', 1),
(1008, 63, 'Al Jizah', 'JZH', 1),
(1009, 63, 'Al Minufiyah', 'MFY', 1),
(1010, 63, 'Al Minya', 'MNY', 1),
(1011, 63, 'Al Qahirah', 'QHR', 1),
(1012, 63, 'Al Qalyubiyah', 'QLY', 1),
(1013, 63, 'Al Wadi al Jadid', 'WJD', 1),
(1014, 63, 'Ash Sharqiyah', 'SHQ', 1),
(1015, 63, 'As Suways', 'SWY', 1),
(1016, 63, 'Aswan', 'ASW', 1),
(1017, 63, 'Asyut', 'ASY', 1),
(1018, 63, 'Bani Suwayf', 'BSW', 1),
(1019, 63, 'Bur Sa\'id', 'BSD', 1),
(1020, 63, 'Dumyat', 'DMY', 1),
(1021, 63, 'Janub Sina\'', 'JNS', 1),
(1022, 63, 'Kafr ash Shaykh', 'KSH', 1),
(1023, 63, 'Matruh', 'MAT', 1),
(1024, 63, 'Qina', 'QIN', 1),
(1025, 63, 'Shamal Sina\'', 'SHS', 1),
(1026, 63, 'Suhaj', 'SUH', 1),
(1027, 64, 'Ahuachapan', 'AH', 1),
(1028, 64, 'Cabanas', 'CA', 1),
(1029, 64, 'Chalatenango', 'CH', 1),
(1030, 64, 'Cuscatlan', 'CU', 1),
(1031, 64, 'La Libertad', 'LB', 1),
(1032, 64, 'La Paz', 'PZ', 1),
(1033, 64, 'La Union', 'UN', 1),
(1034, 64, 'Morazan', 'MO', 1),
(1035, 64, 'San Miguel', 'SM', 1),
(1036, 64, 'San Salvador', 'SS', 1),
(1037, 64, 'San Vicente', 'SV', 1),
(1038, 64, 'Santa Ana', 'SA', 1),
(1039, 64, 'Sonsonate', 'SO', 1),
(1040, 64, 'Usulutan', 'US', 1),
(1041, 65, 'Provincia Annobon', 'AN', 1),
(1042, 65, 'Provincia Bioko Norte', 'BN', 1),
(1043, 65, 'Provincia Bioko Sur', 'BS', 1),
(1044, 65, 'Provincia Centro Sur', 'CS', 1),
(1045, 65, 'Provincia Kie-Ntem', 'KN', 1),
(1046, 65, 'Provincia Litoral', 'LI', 1),
(1047, 65, 'Provincia Wele-Nzas', 'WN', 1),
(1048, 66, 'Central (Maekel)', 'MA', 1),
(1049, 66, 'Anseba (Keren)', 'KE', 1),
(1050, 66, 'Southern Red Sea (Debub-Keih-Bahri)', 'DK', 1),
(1051, 66, 'Northern Red Sea (Semien-Keih-Bahri)', 'SK', 1),
(1052, 66, 'Southern (Debub)', 'DE', 1),
(1053, 66, 'Gash-Barka (Barentu)', 'BR', 1),
(1054, 67, 'Harjumaa (Tallinn)', 'HA', 1),
(1055, 67, 'Hiiumaa (Kardla)', 'HI', 1),
(1056, 67, 'Ida-Virumaa (Johvi)', 'IV', 1),
(1057, 67, 'Jarvamaa (Paide)', 'JA', 1),
(1058, 67, 'Jogevamaa (Jogeva)', 'JO', 1),
(1059, 67, 'Laane-Virumaa (Rakvere)', 'LV', 1),
(1060, 67, 'Laanemaa (Haapsalu)', 'LA', 1),
(1061, 67, 'Parnumaa (Parnu)', 'PA', 1),
(1062, 67, 'Polvamaa (Polva)', 'PO', 1),
(1063, 67, 'Raplamaa (Rapla)', 'RA', 1),
(1064, 67, 'Saaremaa (Kuessaare)', 'SA', 1),
(1065, 67, 'Tartumaa (Tartu)', 'TA', 1),
(1066, 67, 'Valgamaa (Valga)', 'VA', 1),
(1067, 67, 'Viljandimaa (Viljandi)', 'VI', 1),
(1068, 67, 'Vorumaa (Voru)', 'VO', 1),
(1069, 68, 'Afar', 'AF', 1),
(1070, 68, 'Amhara', 'AH', 1),
(1071, 68, 'Benishangul-Gumaz', 'BG', 1),
(1072, 68, 'Gambela', 'GB', 1),
(1073, 68, 'Hariai', 'HR', 1),
(1074, 68, 'Oromia', 'OR', 1),
(1075, 68, 'Somali', 'SM', 1),
(1076, 68, 'Southern Nations - Nationalities and Peoples Region', 'SN', 1),
(1077, 68, 'Tigray', 'TG', 1),
(1078, 68, 'Addis Ababa', 'AA', 1),
(1079, 68, 'Dire Dawa', 'DD', 1),
(1080, 71, 'Central Division', 'C', 1),
(1081, 71, 'Northern Division', 'N', 1),
(1082, 71, 'Eastern Division', 'E', 1),
(1083, 71, 'Western Division', 'W', 1),
(1084, 71, 'Rotuma', 'R', 1),
(1085, 72, 'Ahvenanmaan lääni', 'AL', 1),
(1086, 72, 'Etelä-Suomen lääni', 'ES', 1),
(1087, 72, 'Itä-Suomen lääni', 'IS', 1),
(1088, 72, 'Länsi-Suomen lääni', 'LS', 1),
(1089, 72, 'Lapin lääni', 'LA', 1),
(1090, 72, 'Oulun lääni', 'OU', 1),
(1114, 74, 'Ain', '01', 1),
(1115, 74, 'Aisne', '02', 1),
(1116, 74, 'Allier', '03', 1),
(1117, 74, 'Alpes de Haute Provence', '04', 1),
(1118, 74, 'Hautes-Alpes', '05', 1),
(1119, 74, 'Alpes Maritimes', '06', 1),
(1120, 74, 'Ard&egrave;che', '07', 1),
(1121, 74, 'Ardennes', '08', 1),
(1122, 74, 'Ari&egrave;ge', '09', 1),
(1123, 74, 'Aube', '10', 1),
(1124, 74, 'Aude', '11', 1),
(1125, 74, 'Aveyron', '12', 1),
(1126, 74, 'Bouches du Rh&ocirc;ne', '13', 1),
(1127, 74, 'Calvados', '14', 1),
(1128, 74, 'Cantal', '15', 1),
(1129, 74, 'Charente', '16', 1),
(1130, 74, 'Charente Maritime', '17', 1),
(1131, 74, 'Cher', '18', 1),
(1132, 74, 'Corr&egrave;ze', '19', 1),
(1133, 74, 'Corse du Sud', '2A', 1),
(1134, 74, 'Haute Corse', '2B', 1),
(1135, 74, 'C&ocirc;te d&#039;or', '21', 1),
(1136, 74, 'C&ocirc;tes d&#039;Armor', '22', 1),
(1137, 74, 'Creuse', '23', 1),
(1138, 74, 'Dordogne', '24', 1),
(1139, 74, 'Doubs', '25', 1),
(1140, 74, 'Dr&ocirc;me', '26', 1),
(1141, 74, 'Eure', '27', 1),
(1142, 74, 'Eure et Loir', '28', 1),
(1143, 74, 'Finist&egrave;re', '29', 1),
(1144, 74, 'Gard', '30', 1),
(1145, 74, 'Haute Garonne', '31', 1),
(1146, 74, 'Gers', '32', 1),
(1147, 74, 'Gironde', '33', 1),
(1148, 74, 'H&eacute;rault', '34', 1),
(1149, 74, 'Ille et Vilaine', '35', 1),
(1150, 74, 'Indre', '36', 1),
(1151, 74, 'Indre et Loire', '37', 1),
(1152, 74, 'Is&eacute;re', '38', 1),
(1153, 74, 'Jura', '39', 1),
(1154, 74, 'Landes', '40', 1),
(1155, 74, 'Loir et Cher', '41', 1),
(1156, 74, 'Loire', '42', 1),
(1157, 74, 'Haute Loire', '43', 1),
(1158, 74, 'Loire Atlantique', '44', 1),
(1159, 74, 'Loiret', '45', 1),
(1160, 74, 'Lot', '46', 1),
(1161, 74, 'Lot et Garonne', '47', 1),
(1162, 74, 'Loz&egrave;re', '48', 1),
(1163, 74, 'Maine et Loire', '49', 1),
(1164, 74, 'Manche', '50', 1),
(1165, 74, 'Marne', '51', 1),
(1166, 74, 'Haute Marne', '52', 1),
(1167, 74, 'Mayenne', '53', 1),
(1168, 74, 'Meurthe et Moselle', '54', 1),
(1169, 74, 'Meuse', '55', 1),
(1170, 74, 'Morbihan', '56', 1),
(1171, 74, 'Moselle', '57', 1),
(1172, 74, 'Ni&egrave;vre', '58', 1),
(1173, 74, 'Nord', '59', 1),
(1174, 74, 'Oise', '60', 1),
(1175, 74, 'Orne', '61', 1),
(1176, 74, 'Pas de Calais', '62', 1),
(1177, 74, 'Puy de D&ocirc;me', '63', 1),
(1178, 74, 'Pyr&eacute;n&eacute;es Atlantiques', '64', 1),
(1179, 74, 'Hautes Pyr&eacute;n&eacute;es', '65', 1),
(1180, 74, 'Pyr&eacute;n&eacute;es Orientales', '66', 1),
(1181, 74, 'Bas Rhin', '67', 1),
(1182, 74, 'Haut Rhin', '68', 1),
(1183, 74, 'Rh&ocirc;ne', '69', 1),
(1184, 74, 'Haute Sa&ocirc;ne', '70', 1),
(1185, 74, 'Sa&ocirc;ne et Loire', '71', 1),
(1186, 74, 'Sarthe', '72', 1),
(1187, 74, 'Savoie', '73', 1),
(1188, 74, 'Haute Savoie', '74', 1),
(1189, 74, 'Paris', '75', 1),
(1190, 74, 'Seine Maritime', '76', 1),
(1191, 74, 'Seine et Marne', '77', 1),
(1192, 74, 'Yvelines', '78', 1),
(1193, 74, 'Deux S&egrave;vres', '79', 1),
(1194, 74, 'Somme', '80', 1),
(1195, 74, 'Tarn', '81', 1),
(1196, 74, 'Tarn et Garonne', '82', 1),
(1197, 74, 'Var', '83', 1),
(1198, 74, 'Vaucluse', '84', 1),
(1199, 74, 'Vend&eacute;e', '85', 1),
(1200, 74, 'Vienne', '86', 1),
(1201, 74, 'Haute Vienne', '87', 1),
(1202, 74, 'Vosges', '88', 1),
(1203, 74, 'Yonne', '89', 1),
(1204, 74, 'Territoire de Belfort', '90', 1),
(1205, 74, 'Essonne', '91', 1),
(1206, 74, 'Hauts de Seine', '92', 1),
(1207, 74, 'Seine St-Denis', '93', 1),
(1208, 74, 'Val de Marne', '94', 1),
(1209, 74, 'Val d\'Oise', '95', 1),
(1210, 76, 'Archipel des Marquises', 'M', 1),
(1211, 76, 'Archipel des Tuamotu', 'T', 1),
(1212, 76, 'Archipel des Tubuai', 'I', 1),
(1213, 76, 'Iles du Vent', 'V', 1),
(1214, 76, 'Iles Sous-le-Vent', 'S', 1),
(1215, 77, 'Iles Crozet', 'C', 1),
(1216, 77, 'Iles Kerguelen', 'K', 1),
(1217, 77, 'Ile Amsterdam', 'A', 1),
(1218, 77, 'Ile Saint-Paul', 'P', 1),
(1219, 77, 'Adelie Land', 'D', 1),
(1220, 78, 'Estuaire', 'ES', 1),
(1221, 78, 'Haut-Ogooue', 'HO', 1),
(1222, 78, 'Moyen-Ogooue', 'MO', 1),
(1223, 78, 'Ngounie', 'NG', 1),
(1224, 78, 'Nyanga', 'NY', 1),
(1225, 78, 'Ogooue-Ivindo', 'OI', 1),
(1226, 78, 'Ogooue-Lolo', 'OL', 1),
(1227, 78, 'Ogooue-Maritime', 'OM', 1),
(1228, 78, 'Woleu-Ntem', 'WN', 1),
(1229, 79, 'Banjul', 'BJ', 1),
(1230, 79, 'Basse', 'BS', 1),
(1231, 79, 'Brikama', 'BR', 1),
(1232, 79, 'Janjangbure', 'JA', 1),
(1233, 79, 'Kanifeng', 'KA', 1),
(1234, 79, 'Kerewan', 'KE', 1),
(1235, 79, 'Kuntaur', 'KU', 1),
(1236, 79, 'Mansakonko', 'MA', 1),
(1237, 79, 'Lower River', 'LR', 1),
(1238, 79, 'Central River', 'CR', 1),
(1239, 79, 'North Bank', 'NB', 1),
(1240, 79, 'Upper River', 'UR', 1),
(1241, 79, 'Western', 'WE', 1),
(1242, 80, 'Abkhazia', 'AB', 1),
(1243, 80, 'Ajaria', 'AJ', 1),
(1244, 80, 'Tbilisi', 'TB', 1),
(1245, 80, 'Guria', 'GU', 1),
(1246, 80, 'Imereti', 'IM', 1),
(1247, 80, 'Kakheti', 'KA', 1),
(1248, 80, 'Kvemo Kartli', 'KK', 1),
(1249, 80, 'Mtskheta-Mtianeti', 'MM', 1),
(1250, 80, 'Racha Lechkhumi and Kvemo Svanet', 'RL', 1),
(1251, 80, 'Samegrelo-Zemo Svaneti', 'SZ', 1),
(1252, 80, 'Samtskhe-Javakheti', 'SJ', 1),
(1253, 80, 'Shida Kartli', 'SK', 1),
(1254, 81, 'Baden-W&uuml;rttemberg', 'BAW', 1),
(1255, 81, 'Bayern', 'BAY', 1),
(1256, 81, 'Berlin', 'BER', 1),
(1257, 81, 'Brandenburg', 'BRG', 1),
(1258, 81, 'Bremen', 'BRE', 1),
(1259, 81, 'Hamburg', 'HAM', 1),
(1260, 81, 'Hessen', 'HES', 1),
(1261, 81, 'Mecklenburg-Vorpommern', 'MEC', 1),
(1262, 81, 'Niedersachsen', 'NDS', 1),
(1263, 81, 'Nordrhein-Westfalen', 'NRW', 1),
(1264, 81, 'Rheinland-Pfalz', 'RHE', 1),
(1265, 81, 'Saarland', 'SAR', 1),
(1266, 81, 'Sachsen', 'SAS', 1),
(1267, 81, 'Sachsen-Anhalt', 'SAC', 1),
(1268, 81, 'Schleswig-Holstein', 'SCN', 1),
(1269, 81, 'Th&uuml;ringen', 'THE', 1),
(1270, 82, 'Ashanti Region', 'AS', 1),
(1271, 82, 'Brong-Ahafo Region', 'BA', 1),
(1272, 82, 'Central Region', 'CE', 1),
(1273, 82, 'Eastern Region', 'EA', 1),
(1274, 82, 'Greater Accra Region', 'GA', 1),
(1275, 82, 'Northern Region', 'NO', 1),
(1276, 82, 'Upper East Region', 'UE', 1),
(1277, 82, 'Upper West Region', 'UW', 1),
(1278, 82, 'Volta Region', 'VO', 1),
(1279, 82, 'Western Region', 'WE', 1),
(1280, 84, 'Attica', 'AT', 1),
(1281, 84, 'Central Greece', 'CN', 1),
(1282, 84, 'Central Macedonia', 'CM', 1),
(1283, 84, 'Crete', 'CR', 1),
(1284, 84, 'East Macedonia and Thrace', 'EM', 1),
(1285, 84, 'Epirus', 'EP', 1),
(1286, 84, 'Ionian Islands', 'II', 1),
(1287, 84, 'North Aegean', 'NA', 1),
(1288, 84, 'Peloponnesos', 'PP', 1),
(1289, 84, 'South Aegean', 'SA', 1),
(1290, 84, 'Thessaly', 'TH', 1),
(1291, 84, 'West Greece', 'WG', 1),
(1292, 84, 'West Macedonia', 'WM', 1),
(1293, 85, 'Avannaa', 'A', 1),
(1294, 85, 'Tunu', 'T', 1),
(1295, 85, 'Kitaa', 'K', 1),
(1296, 86, 'Saint Andrew', 'A', 1),
(1297, 86, 'Saint David', 'D', 1),
(1298, 86, 'Saint George', 'G', 1),
(1299, 86, 'Saint John', 'J', 1),
(1300, 86, 'Saint Mark', 'M', 1),
(1301, 86, 'Saint Patrick', 'P', 1),
(1302, 86, 'Carriacou', 'C', 1),
(1303, 86, 'Petit Martinique', 'Q', 1),
(1304, 89, 'Alta Verapaz', 'AV', 1),
(1305, 89, 'Baja Verapaz', 'BV', 1),
(1306, 89, 'Chimaltenango', 'CM', 1),
(1307, 89, 'Chiquimula', 'CQ', 1),
(1308, 89, 'El Peten', 'PE', 1),
(1309, 89, 'El Progreso', 'PR', 1),
(1310, 89, 'El Quiche', 'QC', 1),
(1311, 89, 'Escuintla', 'ES', 1),
(1312, 89, 'Guatemala', 'GU', 1),
(1313, 89, 'Huehuetenango', 'HU', 1),
(1314, 89, 'Izabal', 'IZ', 1),
(1315, 89, 'Jalapa', 'JA', 1),
(1316, 89, 'Jutiapa', 'JU', 1),
(1317, 89, 'Quetzaltenango', 'QZ', 1),
(1318, 89, 'Retalhuleu', 'RE', 1),
(1319, 89, 'Sacatepequez', 'ST', 1),
(1320, 89, 'San Marcos', 'SM', 1),
(1321, 89, 'Santa Rosa', 'SR', 1),
(1322, 89, 'Solola', 'SO', 1),
(1323, 89, 'Suchitepequez', 'SU', 1),
(1324, 89, 'Totonicapan', 'TO', 1),
(1325, 89, 'Zacapa', 'ZA', 1),
(1326, 90, 'Conakry', 'CNK', 1),
(1327, 90, 'Beyla', 'BYL', 1),
(1328, 90, 'Boffa', 'BFA', 1),
(1329, 90, 'Boke', 'BOK', 1),
(1330, 90, 'Coyah', 'COY', 1),
(1331, 90, 'Dabola', 'DBL', 1),
(1332, 90, 'Dalaba', 'DLB', 1),
(1333, 90, 'Dinguiraye', 'DGR', 1),
(1334, 90, 'Dubreka', 'DBR', 1),
(1335, 90, 'Faranah', 'FRN', 1),
(1336, 90, 'Forecariah', 'FRC', 1),
(1337, 90, 'Fria', 'FRI', 1),
(1338, 90, 'Gaoual', 'GAO', 1),
(1339, 90, 'Gueckedou', 'GCD', 1),
(1340, 90, 'Kankan', 'KNK', 1),
(1341, 90, 'Kerouane', 'KRN', 1),
(1342, 90, 'Kindia', 'KND', 1),
(1343, 90, 'Kissidougou', 'KSD', 1),
(1344, 90, 'Koubia', 'KBA', 1),
(1345, 90, 'Koundara', 'KDA', 1),
(1346, 90, 'Kouroussa', 'KRA', 1),
(1347, 90, 'Labe', 'LAB', 1),
(1348, 90, 'Lelouma', 'LLM', 1),
(1349, 90, 'Lola', 'LOL', 1),
(1350, 90, 'Macenta', 'MCT', 1),
(1351, 90, 'Mali', 'MAL', 1),
(1352, 90, 'Mamou', 'MAM', 1),
(1353, 90, 'Mandiana', 'MAN', 1),
(1354, 90, 'Nzerekore', 'NZR', 1),
(1355, 90, 'Pita', 'PIT', 1),
(1356, 90, 'Siguiri', 'SIG', 1),
(1357, 90, 'Telimele', 'TLM', 1),
(1358, 90, 'Tougue', 'TOG', 1),
(1359, 90, 'Yomou', 'YOM', 1),
(1360, 91, 'Bafata Region', 'BF', 1),
(1361, 91, 'Biombo Region', 'BB', 1),
(1362, 91, 'Bissau Region', 'BS', 1),
(1363, 91, 'Bolama Region', 'BL', 1),
(1364, 91, 'Cacheu Region', 'CA', 1),
(1365, 91, 'Gabu Region', 'GA', 1),
(1366, 91, 'Oio Region', 'OI', 1),
(1367, 91, 'Quinara Region', 'QU', 1),
(1368, 91, 'Tombali Region', 'TO', 1),
(1369, 92, 'Barima-Waini', 'BW', 1),
(1370, 92, 'Cuyuni-Mazaruni', 'CM', 1),
(1371, 92, 'Demerara-Mahaica', 'DM', 1),
(1372, 92, 'East Berbice-Corentyne', 'EC', 1),
(1373, 92, 'Essequibo Islands-West Demerara', 'EW', 1),
(1374, 92, 'Mahaica-Berbice', 'MB', 1),
(1375, 92, 'Pomeroon-Supenaam', 'PM', 1),
(1376, 92, 'Potaro-Siparuni', 'PI', 1),
(1377, 92, 'Upper Demerara-Berbice', 'UD', 1),
(1378, 92, 'Upper Takutu-Upper Essequibo', 'UT', 1),
(1379, 93, 'Artibonite', 'AR', 1),
(1380, 93, 'Centre', 'CE', 1),
(1381, 93, 'Grand\'Anse', 'GA', 1),
(1382, 93, 'Nord', 'ND', 1),
(1383, 93, 'Nord-Est', 'NE', 1),
(1384, 93, 'Nord-Ouest', 'NO', 1),
(1385, 93, 'Ouest', 'OU', 1),
(1386, 93, 'Sud', 'SD', 1),
(1387, 93, 'Sud-Est', 'SE', 1),
(1388, 94, 'Flat Island', 'F', 1),
(1389, 94, 'McDonald Island', 'M', 1),
(1390, 94, 'Shag Island', 'S', 1),
(1391, 94, 'Heard Island', 'H', 1),
(1392, 95, 'Atlantida', 'AT', 1),
(1393, 95, 'Choluteca', 'CH', 1),
(1394, 95, 'Colon', 'CL', 1),
(1395, 95, 'Comayagua', 'CM', 1),
(1396, 95, 'Copan', 'CP', 1),
(1397, 95, 'Cortes', 'CR', 1),
(1398, 95, 'El Paraiso', 'PA', 1),
(1399, 95, 'Francisco Morazan', 'FM', 1),
(1400, 95, 'Gracias a Dios', 'GD', 1),
(1401, 95, 'Intibuca', 'IN', 1),
(1402, 95, 'Islas de la Bahia (Bay Islands)', 'IB', 1),
(1403, 95, 'La Paz', 'PZ', 1),
(1404, 95, 'Lempira', 'LE', 1),
(1405, 95, 'Ocotepeque', 'OC', 1),
(1406, 95, 'Olancho', 'OL', 1),
(1407, 95, 'Santa Barbara', 'SB', 1),
(1408, 95, 'Valle', 'VA', 1),
(1409, 95, 'Yoro', 'YO', 1),
(1410, 96, 'Central and Western Hong Kong Island', 'HCW', 1),
(1411, 96, 'Eastern Hong Kong Island', 'HEA', 1),
(1412, 96, 'Southern Hong Kong Island', 'HSO', 1),
(1413, 96, 'Wan Chai Hong Kong Island', 'HWC', 1),
(1414, 96, 'Kowloon City Kowloon', 'KKC', 1),
(1415, 96, 'Kwun Tong Kowloon', 'KKT', 1),
(1416, 96, 'Sham Shui Po Kowloon', 'KSS', 1),
(1417, 96, 'Wong Tai Sin Kowloon', 'KWT', 1),
(1418, 96, 'Yau Tsim Mong Kowloon', 'KYT', 1),
(1419, 96, 'Islands New Territories', 'NIS', 1),
(1420, 96, 'Kwai Tsing New Territories', 'NKT', 1),
(1421, 96, 'North New Territories', 'NNO', 1),
(1422, 96, 'Sai Kung New Territories', 'NSK', 1),
(1423, 96, 'Sha Tin New Territories', 'NST', 1),
(1424, 96, 'Tai Po New Territories', 'NTP', 1),
(1425, 96, 'Tsuen Wan New Territories', 'NTW', 1),
(1426, 96, 'Tuen Mun New Territories', 'NTM', 1),
(1427, 96, 'Yuen Long New Territories', 'NYL', 1),
(1467, 98, 'Austurland', 'AL', 1),
(1468, 98, 'Hofuoborgarsvaeoi', 'HF', 1),
(1469, 98, 'Norourland eystra', 'NE', 1),
(1470, 98, 'Norourland vestra', 'NV', 1),
(1471, 98, 'Suourland', 'SL', 1),
(1472, 98, 'Suournes', 'SN', 1),
(1473, 98, 'Vestfiroir', 'VF', 1),
(1474, 98, 'Vesturland', 'VL', 1),
(1475, 99, 'Andaman and Nicobar Islands', 'AN', 1),
(1476, 99, 'Andhra Pradesh', 'AP', 1),
(1477, 99, 'Arunachal Pradesh', 'AR', 1),
(1478, 99, 'Assam', 'AS', 1),
(1479, 99, 'Bihar', 'BI', 1),
(1480, 99, 'Chandigarh', 'CH', 1),
(1481, 99, 'Dadra and Nagar Haveli', 'DA', 1),
(1482, 99, 'Daman and Diu', 'DM', 1),
(1483, 99, 'Delhi', 'DE', 1),
(1484, 99, 'Goa', 'GO', 1),
(1485, 99, 'Gujarat', 'GU', 1),
(1486, 99, 'Haryana', 'HA', 1),
(1487, 99, 'Himachal Pradesh', 'HP', 1),
(1488, 99, 'Jammu and Kashmir', 'JA', 1),
(1489, 99, 'Karnataka', 'KA', 1),
(1490, 99, 'Kerala', 'KE', 1),
(1491, 99, 'Lakshadweep Islands', 'LI', 1),
(1492, 99, 'Madhya Pradesh', 'MP', 1),
(1493, 99, 'Maharashtra', 'MA', 1),
(1494, 99, 'Manipur', 'MN', 1),
(1495, 99, 'Meghalaya', 'ME', 1),
(1496, 99, 'Mizoram', 'MI', 1),
(1497, 99, 'Nagaland', 'NA', 1),
(1498, 99, 'Orissa', 'OR', 1),
(1499, 99, 'Pondicherry', 'PO', 1),
(1500, 99, 'Punjab', 'PU', 1),
(1501, 99, 'Rajasthan', 'RA', 1),
(1502, 99, 'Sikkim', 'SI', 1),
(1503, 99, 'Tamil Nadu', 'TN', 1),
(1504, 99, 'Tripura', 'TR', 1),
(1505, 99, 'Uttar Pradesh', 'UP', 1),
(1506, 99, 'West Bengal', 'WB', 1),
(1507, 100, 'Aceh', 'AC', 1),
(1508, 100, 'Bali', 'BA', 1),
(1509, 100, 'Banten', 'BT', 1),
(1510, 100, 'Bengkulu', 'BE', 1),
(1511, 100, 'BoDeTaBek', 'BD', 1),
(1512, 100, 'Gorontalo', 'GO', 1),
(1513, 100, 'Jakarta Raya', 'JK', 1),
(1514, 100, 'Jambi', 'JA', 1),
(1515, 100, 'Jawa Barat', 'JB', 1),
(1516, 100, 'Jawa Tengah', 'JT', 1),
(1517, 100, 'Jawa Timur', 'JI', 1),
(1518, 100, 'Kalimantan Barat', 'KB', 1),
(1519, 100, 'Kalimantan Selatan', 'KS', 1),
(1520, 100, 'Kalimantan Tengah', 'KT', 1),
(1521, 100, 'Kalimantan Timur', 'KI', 1),
(1522, 100, 'Kepulauan Bangka Belitung', 'BB', 1),
(1523, 100, 'Lampung', 'LA', 1),
(1524, 100, 'Maluku', 'MA', 1),
(1525, 100, 'Maluku Utara', 'MU', 1),
(1526, 100, 'Nusa Tenggara Barat', 'NB', 1),
(1527, 100, 'Nusa Tenggara Timur', 'NT', 1),
(1528, 100, 'Papua', 'PA', 1),
(1529, 100, 'Riau', 'RI', 1),
(1530, 100, 'Sulawesi Selatan', 'SN', 1),
(1531, 100, 'Sulawesi Tengah', 'ST', 1),
(1532, 100, 'Sulawesi Tenggara', 'SG', 1),
(1533, 100, 'Sulawesi Utara', 'SA', 1),
(1534, 100, 'Sumatera Barat', 'SB', 1),
(1535, 100, 'Sumatera Selatan', 'SS', 1),
(1536, 100, 'Sumatera Utara', 'SU', 1),
(1537, 100, 'Yogyakarta', 'YO', 1),
(1538, 101, 'Tehran', 'TEH', 1),
(1539, 101, 'Qom', 'QOM', 1),
(1540, 101, 'Markazi', 'MKZ', 1),
(1541, 101, 'Qazvin', 'QAZ', 1),
(1542, 101, 'Gilan', 'GIL', 1),
(1543, 101, 'Ardabil', 'ARD', 1),
(1544, 101, 'Zanjan', 'ZAN', 1),
(1545, 101, 'East Azarbaijan', 'EAZ', 1),
(1546, 101, 'West Azarbaijan', 'WEZ', 1),
(1547, 101, 'Kurdistan', 'KRD', 1),
(1548, 101, 'Hamadan', 'HMD', 1),
(1549, 101, 'Kermanshah', 'KRM', 1),
(1550, 101, 'Ilam', 'ILM', 1),
(1551, 101, 'Lorestan', 'LRS', 1),
(1552, 101, 'Khuzestan', 'KZT', 1),
(1553, 101, 'Chahar Mahaal and Bakhtiari', 'CMB', 1),
(1554, 101, 'Kohkiluyeh and Buyer Ahmad', 'KBA', 1),
(1555, 101, 'Bushehr', 'BSH', 1),
(1556, 101, 'Fars', 'FAR', 1),
(1557, 101, 'Hormozgan', 'HRM', 1),
(1558, 101, 'Sistan and Baluchistan', 'SBL', 1),
(1559, 101, 'Kerman', 'KRB', 1),
(1560, 101, 'Yazd', 'YZD', 1),
(1561, 101, 'Esfahan', 'EFH', 1),
(1562, 101, 'Semnan', 'SMN', 1),
(1563, 101, 'Mazandaran', 'MZD', 1),
(1564, 101, 'Golestan', 'GLS', 1),
(1565, 101, 'North Khorasan', 'NKH', 1),
(1566, 101, 'Razavi Khorasan', 'RKH', 1),
(1567, 101, 'South Khorasan', 'SKH', 1),
(1568, 102, 'Baghdad', 'BD', 1),
(1569, 102, 'Salah ad Din', 'SD', 1),
(1570, 102, 'Diyala', 'DY', 1),
(1571, 102, 'Wasit', 'WS', 1),
(1572, 102, 'Maysan', 'MY', 1),
(1573, 102, 'Al Basrah', 'BA', 1),
(1574, 102, 'Dhi Qar', 'DQ', 1),
(1575, 102, 'Al Muthanna', 'MU', 1),
(1576, 102, 'Al Qadisyah', 'QA', 1),
(1577, 102, 'Babil', 'BB', 1),
(1578, 102, 'Al Karbala', 'KB', 1),
(1579, 102, 'An Najaf', 'NJ', 1),
(1580, 102, 'Al Anbar', 'AB', 1),
(1581, 102, 'Ninawa', 'NN', 1),
(1582, 102, 'Dahuk', 'DH', 1),
(1583, 102, 'Arbil', 'AL', 1),
(1584, 102, 'At Ta\'mim', 'TM', 1),
(1585, 102, 'As Sulaymaniyah', 'SL', 1),
(1586, 103, 'Carlow', 'CA', 1),
(1587, 103, 'Cavan', 'CV', 1),
(1588, 103, 'Clare', 'CL', 1),
(1589, 103, 'Cork', 'CO', 1),
(1590, 103, 'Donegal', 'DO', 1),
(1591, 103, 'Dublin', 'DU', 1),
(1592, 103, 'Galway', 'GA', 1),
(1593, 103, 'Kerry', 'KE', 1),
(1594, 103, 'Kildare', 'KI', 1),
(1595, 103, 'Kilkenny', 'KL', 1),
(1596, 103, 'Laois', 'LA', 1);
INSERT INTO `com_state` (`state_id`, `country_id`, `state_name`, `state_code`, `state_status`) VALUES
(1597, 103, 'Leitrim', 'LE', 1),
(1598, 103, 'Limerick', 'LI', 1),
(1599, 103, 'Longford', 'LO', 1),
(1600, 103, 'Louth', 'LU', 1),
(1601, 103, 'Mayo', 'MA', 1),
(1602, 103, 'Meath', 'ME', 1),
(1603, 103, 'Monaghan', 'MO', 1),
(1604, 103, 'Offaly', 'OF', 1),
(1605, 103, 'Roscommon', 'RO', 1),
(1606, 103, 'Sligo', 'SL', 1),
(1607, 103, 'Tipperary', 'TI', 1),
(1608, 103, 'Waterford', 'WA', 1),
(1609, 103, 'Westmeath', 'WE', 1),
(1610, 103, 'Wexford', 'WX', 1),
(1611, 103, 'Wicklow', 'WI', 1),
(1612, 104, 'Be\'er Sheva', 'BS', 1),
(1613, 104, 'Bika\'at Hayarden', 'BH', 1),
(1614, 104, 'Eilat and Arava', 'EA', 1),
(1615, 104, 'Galil', 'GA', 1),
(1616, 104, 'Haifa', 'HA', 1),
(1617, 104, 'Jehuda Mountains', 'JM', 1),
(1618, 104, 'Jerusalem', 'JE', 1),
(1619, 104, 'Negev', 'NE', 1),
(1620, 104, 'Semaria', 'SE', 1),
(1621, 104, 'Sharon', 'SH', 1),
(1622, 104, 'Tel Aviv (Gosh Dan)', 'TA', 1),
(3860, 105, 'Caltanissetta', 'CL', 1),
(3842, 105, 'Agrigento', 'AG', 1),
(3843, 105, 'Alessandria', 'AL', 1),
(3844, 105, 'Ancona', 'AN', 1),
(3845, 105, 'Aosta', 'AO', 1),
(3846, 105, 'Arezzo', 'AR', 1),
(3847, 105, 'Ascoli Piceno', 'AP', 1),
(3848, 105, 'Asti', 'AT', 1),
(3849, 105, 'Avellino', 'AV', 1),
(3850, 105, 'Bari', 'BA', 1),
(3851, 105, 'Belluno', 'BL', 1),
(3852, 105, 'Benevento', 'BN', 1),
(3853, 105, 'Bergamo', 'BG', 1),
(3854, 105, 'Biella', 'BI', 1),
(3855, 105, 'Bologna', 'BO', 1),
(3856, 105, 'Bolzano', 'BZ', 1),
(3857, 105, 'Brescia', 'BS', 1),
(3858, 105, 'Brindisi', 'BR', 1),
(3859, 105, 'Cagliari', 'CA', 1),
(1643, 106, 'Clarendon Parish', 'CLA', 1),
(1644, 106, 'Hanover Parish', 'HAN', 1),
(1645, 106, 'Kingston Parish', 'KIN', 1),
(1646, 106, 'Manchester Parish', 'MAN', 1),
(1647, 106, 'Portland Parish', 'POR', 1),
(1648, 106, 'Saint Andrew Parish', 'AND', 1),
(1649, 106, 'Saint Ann Parish', 'ANN', 1),
(1650, 106, 'Saint Catherine Parish', 'CAT', 1),
(1651, 106, 'Saint Elizabeth Parish', 'ELI', 1),
(1652, 106, 'Saint James Parish', 'JAM', 1),
(1653, 106, 'Saint Mary Parish', 'MAR', 1),
(1654, 106, 'Saint Thomas Parish', 'THO', 1),
(1655, 106, 'Trelawny Parish', 'TRL', 1),
(1656, 106, 'Westmoreland Parish', 'WML', 1),
(1657, 107, 'Aichi', 'AI', 1),
(1658, 107, 'Akita', 'AK', 1),
(1659, 107, 'Aomori', 'AO', 1),
(1660, 107, 'Chiba', 'CH', 1),
(1661, 107, 'Ehime', 'EH', 1),
(1662, 107, 'Fukui', 'FK', 1),
(1663, 107, 'Fukuoka', 'FU', 1),
(1664, 107, 'Fukushima', 'FS', 1),
(1665, 107, 'Gifu', 'GI', 1),
(1666, 107, 'Gumma', 'GU', 1),
(1667, 107, 'Hiroshima', 'HI', 1),
(1668, 107, 'Hokkaido', 'HO', 1),
(1669, 107, 'Hyogo', 'HY', 1),
(1670, 107, 'Ibaraki', 'IB', 1),
(1671, 107, 'Ishikawa', 'IS', 1),
(1672, 107, 'Iwate', 'IW', 1),
(1673, 107, 'Kagawa', 'KA', 1),
(1674, 107, 'Kagoshima', 'KG', 1),
(1675, 107, 'Kanagawa', 'KN', 1),
(1676, 107, 'Kochi', 'KO', 1),
(1677, 107, 'Kumamoto', 'KU', 1),
(1678, 107, 'Kyoto', 'KY', 1),
(1679, 107, 'Mie', 'MI', 1),
(1680, 107, 'Miyagi', 'MY', 1),
(1681, 107, 'Miyazaki', 'MZ', 1),
(1682, 107, 'Nagano', 'NA', 1),
(1683, 107, 'Nagasaki', 'NG', 1),
(1684, 107, 'Nara', 'NR', 1),
(1685, 107, 'Niigata', 'NI', 1),
(1686, 107, 'Oita', 'OI', 1),
(1687, 107, 'Okayama', 'OK', 1),
(1688, 107, 'Okinawa', 'ON', 1),
(1689, 107, 'Osaka', 'OS', 1),
(1690, 107, 'Saga', 'SA', 1),
(1691, 107, 'Saitama', 'SI', 1),
(1692, 107, 'Shiga', 'SH', 1),
(1693, 107, 'Shimane', 'SM', 1),
(1694, 107, 'Shizuoka', 'SZ', 1),
(1695, 107, 'Tochigi', 'TO', 1),
(1696, 107, 'Tokushima', 'TS', 1),
(1697, 107, 'Tokyo', 'TK', 1),
(1698, 107, 'Tottori', 'TT', 1),
(1699, 107, 'Toyama', 'TY', 1),
(1700, 107, 'Wakayama', 'WA', 1),
(1701, 107, 'Yamagata', 'YA', 1),
(1702, 107, 'Yamaguchi', 'YM', 1),
(1703, 107, 'Yamanashi', 'YN', 1),
(1704, 108, '\'Amman', 'AM', 1),
(1705, 108, 'Ajlun', 'AJ', 1),
(1706, 108, 'Al \'Aqabah', 'AA', 1),
(1707, 108, 'Al Balqa\'', 'AB', 1),
(1708, 108, 'Al Karak', 'AK', 1),
(1709, 108, 'Al Mafraq', 'AL', 1),
(1710, 108, 'At Tafilah', 'AT', 1),
(1711, 108, 'Az Zarqa\'', 'AZ', 1),
(1712, 108, 'Irbid', 'IR', 1),
(1713, 108, 'Jarash', 'JA', 1),
(1714, 108, 'Ma\'an', 'MA', 1),
(1715, 108, 'Madaba', 'MD', 1),
(1716, 109, 'Almaty', 'AL', 1),
(1717, 109, 'Almaty City', 'AC', 1),
(1718, 109, 'Aqmola', 'AM', 1),
(1719, 109, 'Aqtobe', 'AQ', 1),
(1720, 109, 'Astana City', 'AS', 1),
(1721, 109, 'Atyrau', 'AT', 1),
(1722, 109, 'Batys Qazaqstan', 'BA', 1),
(1723, 109, 'Bayqongyr City', 'BY', 1),
(1724, 109, 'Mangghystau', 'MA', 1),
(1725, 109, 'Ongtustik Qazaqstan', 'ON', 1),
(1726, 109, 'Pavlodar', 'PA', 1),
(1727, 109, 'Qaraghandy', 'QA', 1),
(1728, 109, 'Qostanay', 'QO', 1),
(1729, 109, 'Qyzylorda', 'QY', 1),
(1730, 109, 'Shyghys Qazaqstan', 'SH', 1),
(1731, 109, 'Soltustik Qazaqstan', 'SO', 1),
(1732, 109, 'Zhambyl', 'ZH', 1),
(1733, 110, 'Central', 'CE', 1),
(1734, 110, 'Coast', 'CO', 1),
(1735, 110, 'Eastern', 'EA', 1),
(1736, 110, 'Nairobi Area', 'NA', 1),
(1737, 110, 'North Eastern', 'NE', 1),
(1738, 110, 'Nyanza', 'NY', 1),
(1739, 110, 'Rift Valley', 'RV', 1),
(1740, 110, 'Western', 'WE', 1),
(1741, 111, 'Abaiang', 'AG', 1),
(1742, 111, 'Abemama', 'AM', 1),
(1743, 111, 'Aranuka', 'AK', 1),
(1744, 111, 'Arorae', 'AO', 1),
(1745, 111, 'Banaba', 'BA', 1),
(1746, 111, 'Beru', 'BE', 1),
(1747, 111, 'Butaritari', 'bT', 1),
(1748, 111, 'Kanton', 'KA', 1),
(1749, 111, 'Kiritimati', 'KR', 1),
(1750, 111, 'Kuria', 'KU', 1),
(1751, 111, 'Maiana', 'MI', 1),
(1752, 111, 'Makin', 'MN', 1),
(1753, 111, 'Marakei', 'ME', 1),
(1754, 111, 'Nikunau', 'NI', 1),
(1755, 111, 'Nonouti', 'NO', 1),
(1756, 111, 'Onotoa', 'ON', 1),
(1757, 111, 'Tabiteuea', 'TT', 1),
(1758, 111, 'Tabuaeran', 'TR', 1),
(1759, 111, 'Tamana', 'TM', 1),
(1760, 111, 'Tarawa', 'TW', 1),
(1761, 111, 'Teraina', 'TE', 1),
(1762, 112, 'Chagang-do', 'CHA', 1),
(1763, 112, 'Hamgyong-bukto', 'HAB', 1),
(1764, 112, 'Hamgyong-namdo', 'HAN', 1),
(1765, 112, 'Hwanghae-bukto', 'HWB', 1),
(1766, 112, 'Hwanghae-namdo', 'HWN', 1),
(1767, 112, 'Kangwon-do', 'KAN', 1),
(1768, 112, 'P\'yongan-bukto', 'PYB', 1),
(1769, 112, 'P\'yongan-namdo', 'PYN', 1),
(1770, 112, 'Ryanggang-do (Yanggang-do)', 'YAN', 1),
(1771, 112, 'Rason Directly Governed City', 'NAJ', 1),
(1772, 112, 'P\'yongyang Special City', 'PYO', 1),
(1773, 113, 'Ch\'ungch\'ong-bukto', 'CO', 1),
(1774, 113, 'Ch\'ungch\'ong-namdo', 'CH', 1),
(1775, 113, 'Cheju-do', 'CD', 1),
(1776, 113, 'Cholla-bukto', 'CB', 1),
(1777, 113, 'Cholla-namdo', 'CN', 1),
(1778, 113, 'Inch\'on-gwangyoksi', 'IG', 1),
(1779, 113, 'Kangwon-do', 'KA', 1),
(1780, 113, 'Kwangju-gwangyoksi', 'KG', 1),
(1781, 113, 'Kyonggi-do', 'KD', 1),
(1782, 113, 'Kyongsang-bukto', 'KB', 1),
(1783, 113, 'Kyongsang-namdo', 'KN', 1),
(1784, 113, 'Pusan-gwangyoksi', 'PG', 1),
(1785, 113, 'Soul-t\'ukpyolsi', 'SO', 1),
(1786, 113, 'Taegu-gwangyoksi', 'TA', 1),
(1787, 113, 'Taejon-gwangyoksi', 'TG', 1),
(1788, 114, 'Al \'Asimah', 'AL', 1),
(1789, 114, 'Al Ahmadi', 'AA', 1),
(1790, 114, 'Al Farwaniyah', 'AF', 1),
(1791, 114, 'Al Jahra\'', 'AJ', 1),
(1792, 114, 'Hawalli', 'HA', 1),
(1793, 115, 'Bishkek', 'GB', 1),
(1794, 115, 'Batken', 'B', 1),
(1795, 115, 'Chu', 'C', 1),
(1796, 115, 'Jalal-Abad', 'J', 1),
(1797, 115, 'Naryn', 'N', 1),
(1798, 115, 'Osh', 'O', 1),
(1799, 115, 'Talas', 'T', 1),
(1800, 115, 'Ysyk-Kol', 'Y', 1),
(1801, 116, 'Vientiane', 'VT', 1),
(1802, 116, 'Attapu', 'AT', 1),
(1803, 116, 'Bokeo', 'BK', 1),
(1804, 116, 'Bolikhamxai', 'BL', 1),
(1805, 116, 'Champasak', 'CH', 1),
(1806, 116, 'Houaphan', 'HO', 1),
(1807, 116, 'Khammouan', 'KH', 1),
(1808, 116, 'Louang Namtha', 'LM', 1),
(1809, 116, 'Louangphabang', 'LP', 1),
(1810, 116, 'Oudomxai', 'OU', 1),
(1811, 116, 'Phongsali', 'PH', 1),
(1812, 116, 'Salavan', 'SL', 1),
(1813, 116, 'Savannakhet', 'SV', 1),
(1814, 116, 'Vientiane', 'VI', 1),
(1815, 116, 'Xaignabouli', 'XA', 1),
(1816, 116, 'Xekong', 'XE', 1),
(1817, 116, 'Xiangkhoang', 'XI', 1),
(1818, 116, 'Xaisomboun', 'XN', 1),
(1852, 119, 'Berea', 'BE', 1),
(1853, 119, 'Butha-Buthe', 'BB', 1),
(1854, 119, 'Leribe', 'LE', 1),
(1855, 119, 'Mafeteng', 'MF', 1),
(1856, 119, 'Maseru', 'MS', 1),
(1857, 119, 'Mohale\'s Hoek', 'MH', 1),
(1858, 119, 'Mokhotlong', 'MK', 1),
(1859, 119, 'Qacha\'s Nek', 'QN', 1),
(1860, 119, 'Quthing', 'QT', 1),
(1861, 119, 'Thaba-Tseka', 'TT', 1),
(1862, 120, 'Bomi', 'BI', 1),
(1863, 120, 'Bong', 'BG', 1),
(1864, 120, 'Grand Bassa', 'GB', 1),
(1865, 120, 'Grand Cape Mount', 'CM', 1),
(1866, 120, 'Grand Gedeh', 'GG', 1),
(1867, 120, 'Grand Kru', 'GK', 1),
(1868, 120, 'Lofa', 'LO', 1),
(1869, 120, 'Margibi', 'MG', 1),
(1870, 120, 'Maryland', 'ML', 1),
(1871, 120, 'Montserrado', 'MS', 1),
(1872, 120, 'Nimba', 'NB', 1),
(1873, 120, 'River Cess', 'RC', 1),
(1874, 120, 'Sinoe', 'SN', 1),
(1875, 121, 'Ajdabiya', 'AJ', 1),
(1876, 121, 'Al \'Aziziyah', 'AZ', 1),
(1877, 121, 'Al Fatih', 'FA', 1),
(1878, 121, 'Al Jabal al Akhdar', 'JA', 1),
(1879, 121, 'Al Jufrah', 'JU', 1),
(1880, 121, 'Al Khums', 'KH', 1),
(1881, 121, 'Al Kufrah', 'KU', 1),
(1882, 121, 'An Nuqat al Khams', 'NK', 1),
(1883, 121, 'Ash Shati\'', 'AS', 1),
(1884, 121, 'Awbari', 'AW', 1),
(1885, 121, 'Az Zawiyah', 'ZA', 1),
(1886, 121, 'Banghazi', 'BA', 1),
(1887, 121, 'Darnah', 'DA', 1),
(1888, 121, 'Ghadamis', 'GD', 1),
(1889, 121, 'Gharyan', 'GY', 1),
(1890, 121, 'Misratah', 'MI', 1),
(1891, 121, 'Murzuq', 'MZ', 1),
(1892, 121, 'Sabha', 'SB', 1),
(1893, 121, 'Sawfajjin', 'SW', 1),
(1894, 121, 'Surt', 'SU', 1),
(1895, 121, 'Tarabulus (Tripoli)', 'TL', 1),
(1896, 121, 'Tarhunah', 'TH', 1),
(1897, 121, 'Tubruq', 'TU', 1),
(1898, 121, 'Yafran', 'YA', 1),
(1899, 121, 'Zlitan', 'ZL', 1),
(1900, 122, 'Vaduz', 'V', 1),
(1901, 122, 'Schaan', 'A', 1),
(1902, 122, 'Balzers', 'B', 1),
(1903, 122, 'Triesen', 'N', 1),
(1904, 122, 'Eschen', 'E', 1),
(1905, 122, 'Mauren', 'M', 1),
(1906, 122, 'Triesenberg', 'T', 1),
(1907, 122, 'Ruggell', 'R', 1),
(1908, 122, 'Gamprin', 'G', 1),
(1909, 122, 'Schellenberg', 'L', 1),
(1910, 122, 'Planken', 'P', 1),
(1911, 123, 'Alytus', 'AL', 1),
(1912, 123, 'Kaunas', 'KA', 1),
(1913, 123, 'Klaipeda', 'KL', 1),
(1914, 123, 'Marijampole', 'MA', 1),
(1915, 123, 'Panevezys', 'PA', 1),
(1916, 123, 'Siauliai', 'SI', 1),
(1917, 123, 'Taurage', 'TA', 1),
(1918, 123, 'Telsiai', 'TE', 1),
(1919, 123, 'Utena', 'UT', 1),
(1920, 123, 'Vilnius', 'VI', 1),
(1921, 124, 'Diekirch', 'DD', 1),
(1922, 124, 'Clervaux', 'DC', 1),
(1923, 124, 'Redange', 'DR', 1),
(1924, 124, 'Vianden', 'DV', 1),
(1925, 124, 'Wiltz', 'DW', 1),
(1926, 124, 'Grevenmacher', 'GG', 1),
(1927, 124, 'Echternach', 'GE', 1),
(1928, 124, 'Remich', 'GR', 1),
(1929, 124, 'Luxembourg', 'LL', 1),
(1930, 124, 'Capellen', 'LC', 1),
(1931, 124, 'Esch-sur-Alzette', 'LE', 1),
(1932, 124, 'Mersch', 'LM', 1),
(1933, 125, 'Our Lady Fatima Parish', 'OLF', 1),
(1934, 125, 'St. Anthony Parish', 'ANT', 1),
(1935, 125, 'St. Lazarus Parish', 'LAZ', 1),
(1936, 125, 'Cathedral Parish', 'CAT', 1),
(1937, 125, 'St. Lawrence Parish', 'LAW', 1),
(1938, 127, 'Antananarivo', 'AN', 1),
(1939, 127, 'Antsiranana', 'AS', 1),
(1940, 127, 'Fianarantsoa', 'FN', 1),
(1941, 127, 'Mahajanga', 'MJ', 1),
(1942, 127, 'Toamasina', 'TM', 1),
(1943, 127, 'Toliara', 'TL', 1),
(1944, 128, 'Balaka', 'BLK', 1),
(1945, 128, 'Blantyre', 'BLT', 1),
(1946, 128, 'Chikwawa', 'CKW', 1),
(1947, 128, 'Chiradzulu', 'CRD', 1),
(1948, 128, 'Chitipa', 'CTP', 1),
(1949, 128, 'Dedza', 'DDZ', 1),
(1950, 128, 'Dowa', 'DWA', 1),
(1951, 128, 'Karonga', 'KRG', 1),
(1952, 128, 'Kasungu', 'KSG', 1),
(1953, 128, 'Likoma', 'LKM', 1),
(1954, 128, 'Lilongwe', 'LLG', 1),
(1955, 128, 'Machinga', 'MCG', 1),
(1956, 128, 'Mangochi', 'MGC', 1),
(1957, 128, 'Mchinji', 'MCH', 1),
(1958, 128, 'Mulanje', 'MLJ', 1),
(1959, 128, 'Mwanza', 'MWZ', 1),
(1960, 128, 'Mzimba', 'MZM', 1),
(1961, 128, 'Ntcheu', 'NTU', 1),
(1962, 128, 'Nkhata Bay', 'NKB', 1),
(1963, 128, 'Nkhotakota', 'NKH', 1),
(1964, 128, 'Nsanje', 'NSJ', 1),
(1965, 128, 'Ntchisi', 'NTI', 1),
(1966, 128, 'Phalombe', 'PHL', 1),
(1967, 128, 'Rumphi', 'RMP', 1),
(1968, 128, 'Salima', 'SLM', 1),
(1969, 128, 'Thyolo', 'THY', 1),
(1970, 128, 'Zomba', 'ZBA', 1),
(1971, 129, 'Johor', 'MY-01', 1),
(1972, 129, 'Kedah', 'MY-02', 1),
(1973, 129, 'Kelantan', 'MY-03', 1),
(1974, 129, 'Labuan', 'MY-15', 1),
(1975, 129, 'Melaka', 'MY-04', 1),
(1976, 129, 'Negeri Sembilan', 'MY-05', 1),
(1977, 129, 'Pahang', 'MY-06', 1),
(1978, 129, 'Perak', 'MY-08', 1),
(1979, 129, 'Perlis', 'MY-09', 1),
(1980, 129, 'Pulau Pinang', 'MY-07', 1),
(1981, 129, 'Sabah', 'MY-12', 1),
(1982, 129, 'Sarawak', 'MY-13', 1),
(1983, 129, 'Selangor', 'MY-10', 1),
(1984, 129, 'Terengganu', 'MY-11', 1),
(1985, 129, 'Kuala Lumpur', 'MY-14', 1),
(4035, 129, 'Putrajaya', 'MY-16', 1),
(1986, 130, 'Thiladhunmathi Uthuru', 'THU', 1),
(1987, 130, 'Thiladhunmathi Dhekunu', 'THD', 1),
(1988, 130, 'Miladhunmadulu Uthuru', 'MLU', 1),
(1989, 130, 'Miladhunmadulu Dhekunu', 'MLD', 1),
(1990, 130, 'Maalhosmadulu Uthuru', 'MAU', 1),
(1991, 130, 'Maalhosmadulu Dhekunu', 'MAD', 1),
(1992, 130, 'Faadhippolhu', 'FAA', 1),
(1993, 130, 'Male Atoll', 'MAA', 1),
(1994, 130, 'Ari Atoll Uthuru', 'AAU', 1),
(1995, 130, 'Ari Atoll Dheknu', 'AAD', 1),
(1996, 130, 'Felidhe Atoll', 'FEA', 1),
(1997, 130, 'Mulaku Atoll', 'MUA', 1),
(1998, 130, 'Nilandhe Atoll Uthuru', 'NAU', 1),
(1999, 130, 'Nilandhe Atoll Dhekunu', 'NAD', 1),
(2000, 130, 'Kolhumadulu', 'KLH', 1),
(2001, 130, 'Hadhdhunmathi', 'HDH', 1),
(2002, 130, 'Huvadhu Atoll Uthuru', 'HAU', 1),
(2003, 130, 'Huvadhu Atoll Dhekunu', 'HAD', 1),
(2004, 130, 'Fua Mulaku', 'FMU', 1),
(2005, 130, 'Addu', 'ADD', 1),
(2006, 131, 'Gao', 'GA', 1),
(2007, 131, 'Kayes', 'KY', 1),
(2008, 131, 'Kidal', 'KD', 1),
(2009, 131, 'Koulikoro', 'KL', 1),
(2010, 131, 'Mopti', 'MP', 1),
(2011, 131, 'Segou', 'SG', 1),
(2012, 131, 'Sikasso', 'SK', 1),
(2013, 131, 'Tombouctou', 'TB', 1),
(2014, 131, 'Bamako Capital District', 'CD', 1),
(2015, 132, 'Attard', 'ATT', 1),
(2016, 132, 'Balzan', 'BAL', 1),
(2017, 132, 'Birgu', 'BGU', 1),
(2018, 132, 'Birkirkara', 'BKK', 1),
(2019, 132, 'Birzebbuga', 'BRZ', 1),
(2020, 132, 'Bormla', 'BOR', 1),
(2021, 132, 'Dingli', 'DIN', 1),
(2022, 132, 'Fgura', 'FGU', 1),
(2023, 132, 'Floriana', 'FLO', 1),
(2024, 132, 'Gudja', 'GDJ', 1),
(2025, 132, 'Gzira', 'GZR', 1),
(2026, 132, 'Gargur', 'GRG', 1),
(2027, 132, 'Gaxaq', 'GXQ', 1),
(2028, 132, 'Hamrun', 'HMR', 1),
(2029, 132, 'Iklin', 'IKL', 1),
(2030, 132, 'Isla', 'ISL', 1),
(2031, 132, 'Kalkara', 'KLK', 1),
(2032, 132, 'Kirkop', 'KRK', 1),
(2033, 132, 'Lija', 'LIJ', 1),
(2034, 132, 'Luqa', 'LUQ', 1),
(2035, 132, 'Marsa', 'MRS', 1),
(2036, 132, 'Marsaskala', 'MKL', 1),
(2037, 132, 'Marsaxlokk', 'MXL', 1),
(2038, 132, 'Mdina', 'MDN', 1),
(2039, 132, 'Melliea', 'MEL', 1),
(2040, 132, 'Mgarr', 'MGR', 1),
(2041, 132, 'Mosta', 'MST', 1),
(2042, 132, 'Mqabba', 'MQA', 1),
(2043, 132, 'Msida', 'MSI', 1),
(2044, 132, 'Mtarfa', 'MTF', 1),
(2045, 132, 'Naxxar', 'NAX', 1),
(2046, 132, 'Paola', 'PAO', 1),
(2047, 132, 'Pembroke', 'PEM', 1),
(2048, 132, 'Pieta', 'PIE', 1),
(2049, 132, 'Qormi', 'QOR', 1),
(2050, 132, 'Qrendi', 'QRE', 1),
(2051, 132, 'Rabat', 'RAB', 1),
(2052, 132, 'Safi', 'SAF', 1),
(2053, 132, 'San Giljan', 'SGI', 1),
(2054, 132, 'Santa Lucija', 'SLU', 1),
(2055, 132, 'San Pawl il-Bahar', 'SPB', 1),
(2056, 132, 'San Gwann', 'SGW', 1),
(2057, 132, 'Santa Venera', 'SVE', 1),
(2058, 132, 'Siggiewi', 'SIG', 1),
(2059, 132, 'Sliema', 'SLM', 1),
(2060, 132, 'Swieqi', 'SWQ', 1),
(2061, 132, 'Ta Xbiex', 'TXB', 1),
(2062, 132, 'Tarxien', 'TRX', 1),
(2063, 132, 'Valletta', 'VLT', 1),
(2064, 132, 'Xgajra', 'XGJ', 1),
(2065, 132, 'Zabbar', 'ZBR', 1),
(2066, 132, 'Zebbug', 'ZBG', 1),
(2067, 132, 'Zejtun', 'ZJT', 1),
(2068, 132, 'Zurrieq', 'ZRQ', 1),
(2069, 132, 'Fontana', 'FNT', 1),
(2070, 132, 'Ghajnsielem', 'GHJ', 1),
(2071, 132, 'Gharb', 'GHR', 1),
(2072, 132, 'Ghasri', 'GHS', 1),
(2073, 132, 'Kercem', 'KRC', 1),
(2074, 132, 'Munxar', 'MUN', 1),
(2075, 132, 'Nadur', 'NAD', 1),
(2076, 132, 'Qala', 'QAL', 1),
(2077, 132, 'Victoria', 'VIC', 1),
(2078, 132, 'San Lawrenz', 'SLA', 1),
(2079, 132, 'Sannat', 'SNT', 1),
(2080, 132, 'Xagra', 'ZAG', 1),
(2081, 132, 'Xewkija', 'XEW', 1),
(2082, 132, 'Zebbug', 'ZEB', 1),
(2083, 133, 'Ailinginae', 'ALG', 1),
(2084, 133, 'Ailinglaplap', 'ALL', 1),
(2085, 133, 'Ailuk', 'ALK', 1),
(2086, 133, 'Arno', 'ARN', 1),
(2087, 133, 'Aur', 'AUR', 1),
(2088, 133, 'Bikar', 'BKR', 1),
(2089, 133, 'Bikini', 'BKN', 1),
(2090, 133, 'Bokak', 'BKK', 1),
(2091, 133, 'Ebon', 'EBN', 1),
(2092, 133, 'Enewetak', 'ENT', 1),
(2093, 133, 'Erikub', 'EKB', 1),
(2094, 133, 'Jabat', 'JBT', 1),
(2095, 133, 'Jaluit', 'JLT', 1),
(2096, 133, 'Jemo', 'JEM', 1),
(2097, 133, 'Kili', 'KIL', 1),
(2098, 133, 'Kwajalein', 'KWJ', 1),
(2099, 133, 'Lae', 'LAE', 1),
(2100, 133, 'Lib', 'LIB', 1),
(2101, 133, 'Likiep', 'LKP', 1),
(2102, 133, 'Majuro', 'MJR', 1),
(2103, 133, 'Maloelap', 'MLP', 1),
(2104, 133, 'Mejit', 'MJT', 1),
(2105, 133, 'Mili', 'MIL', 1),
(2106, 133, 'Namorik', 'NMK', 1),
(2107, 133, 'Namu', 'NAM', 1),
(2108, 133, 'Rongelap', 'RGL', 1),
(2109, 133, 'Rongrik', 'RGK', 1),
(2110, 133, 'Toke', 'TOK', 1),
(2111, 133, 'Ujae', 'UJA', 1),
(2112, 133, 'Ujelang', 'UJL', 1),
(2113, 133, 'Utirik', 'UTK', 1),
(2114, 133, 'Wotho', 'WTH', 1),
(2115, 133, 'Wotje', 'WTJ', 1),
(2116, 135, 'Adrar', 'AD', 1),
(2117, 135, 'Assaba', 'AS', 1),
(2118, 135, 'Brakna', 'BR', 1),
(2119, 135, 'Dakhlet Nouadhibou', 'DN', 1),
(2120, 135, 'Gorgol', 'GO', 1),
(2121, 135, 'Guidimaka', 'GM', 1),
(2122, 135, 'Hodh Ech Chargui', 'HC', 1),
(2123, 135, 'Hodh El Gharbi', 'HG', 1),
(2124, 135, 'Inchiri', 'IN', 1),
(2125, 135, 'Tagant', 'TA', 1),
(2126, 135, 'Tiris Zemmour', 'TZ', 1),
(2127, 135, 'Trarza', 'TR', 1),
(2128, 135, 'Nouakchott', 'NO', 1),
(2129, 136, 'Beau Bassin-Rose Hill', 'BR', 1),
(2130, 136, 'Curepipe', 'CU', 1),
(2131, 136, 'Port Louis', 'PU', 1),
(2132, 136, 'Quatre Bornes', 'QB', 1),
(2133, 136, 'Vacoas-Phoenix', 'VP', 1),
(2134, 136, 'Agalega Islands', 'AG', 1),
(2135, 136, 'Cargados Carajos Shoals (Saint Brandon Islands)', 'CC', 1),
(2136, 136, 'Rodrigues', 'RO', 1),
(2137, 136, 'Black River', 'BL', 1),
(2138, 136, 'Flacq', 'FL', 1),
(2139, 136, 'Grand Port', 'GP', 1),
(2140, 136, 'Moka', 'MO', 1),
(2141, 136, 'Pamplemousses', 'PA', 1),
(2142, 136, 'Plaines Wilhems', 'PW', 1),
(2143, 136, 'Port Louis', 'PL', 1),
(2144, 136, 'Riviere du Rempart', 'RR', 1),
(2145, 136, 'Savanne', 'SA', 1),
(2146, 138, 'Baja California Norte', 'BN', 1),
(2147, 138, 'Baja California Sur', 'BS', 1),
(2148, 138, 'Campeche', 'CA', 1),
(2149, 138, 'Chiapas', 'CI', 1),
(2150, 138, 'Chihuahua', 'CH', 1),
(2151, 138, 'Coahuila de Zaragoza', 'CZ', 1),
(2152, 138, 'Colima', 'CL', 1),
(2153, 138, 'Distrito Federal', 'DF', 1),
(2154, 138, 'Durango', 'DU', 1),
(2155, 138, 'Guanajuato', 'GA', 1),
(2156, 138, 'Guerrero', 'GE', 1),
(2157, 138, 'Hidalgo', 'HI', 1),
(2158, 138, 'Jalisco', 'JA', 1),
(2159, 138, 'Mexico', 'ME', 1),
(2160, 138, 'Michoacan de Ocampo', 'MI', 1),
(2161, 138, 'Morelos', 'MO', 1),
(2162, 138, 'Nayarit', 'NA', 1),
(2163, 138, 'Nuevo Leon', 'NL', 1),
(2164, 138, 'Oaxaca', 'OA', 1),
(2165, 138, 'Puebla', 'PU', 1),
(2166, 138, 'Queretaro de Arteaga', 'QA', 1),
(2167, 138, 'Quintana Roo', 'QR', 1),
(2168, 138, 'San Luis Potosi', 'SA', 1),
(2169, 138, 'Sinaloa', 'SI', 1),
(2170, 138, 'Sonora', 'SO', 1),
(2171, 138, 'Tabasco', 'TB', 1),
(2172, 138, 'Tamaulipas', 'TM', 1),
(2173, 138, 'Tlaxcala', 'TL', 1),
(2174, 138, 'Veracruz-Llave', 'VE', 1),
(2175, 138, 'Yucatan', 'YU', 1),
(2176, 138, 'Zacatecas', 'ZA', 1),
(2177, 139, 'Chuuk', 'C', 1),
(2178, 139, 'Kosrae', 'K', 1),
(2179, 139, 'Pohnpei', 'P', 1),
(2180, 139, 'Yap', 'Y', 1),
(2181, 140, 'Gagauzia', 'GA', 1),
(2182, 140, 'Chisinau', 'CU', 1),
(2183, 140, 'Balti', 'BA', 1),
(2184, 140, 'Cahul', 'CA', 1),
(2185, 140, 'Edinet', 'ED', 1),
(2186, 140, 'Lapusna', 'LA', 1),
(2187, 140, 'Orhei', 'OR', 1),
(2188, 140, 'Soroca', 'SO', 1),
(2189, 140, 'Tighina', 'TI', 1),
(2190, 140, 'Ungheni', 'UN', 1),
(2191, 140, 'St‚nga Nistrului', 'SN', 1),
(2192, 141, 'Fontvieille', 'FV', 1),
(2193, 141, 'La Condamine', 'LC', 1),
(2194, 141, 'Monaco-Ville', 'MV', 1),
(2195, 141, 'Monte-Carlo', 'MC', 1),
(2196, 142, 'Ulanbaatar', '1', 1),
(2197, 142, 'Orhon', '035', 1),
(2198, 142, 'Darhan uul', '037', 1),
(2199, 142, 'Hentiy', '039', 1),
(2200, 142, 'Hovsgol', '041', 1),
(2201, 142, 'Hovd', '043', 1),
(2202, 142, 'Uvs', '046', 1),
(2203, 142, 'Tov', '047', 1),
(2204, 142, 'Selenge', '049', 1),
(2205, 142, 'Suhbaatar', '051', 1),
(2206, 142, 'Omnogovi', '053', 1),
(2207, 142, 'Ovorhangay', '055', 1),
(2208, 142, 'Dzavhan', '057', 1),
(2209, 142, 'DundgovL', '059', 1),
(2210, 142, 'Dornod', '061', 1),
(2211, 142, 'Dornogov', '063', 1),
(2212, 142, 'Govi-Sumber', '064', 1),
(2213, 142, 'Govi-Altay', '065', 1),
(2214, 142, 'Bulgan', '067', 1),
(2215, 142, 'Bayanhongor', '069', 1),
(2216, 142, 'Bayan-Olgiy', '071', 1),
(2217, 142, 'Arhangay', '073', 1),
(2218, 143, 'Saint Anthony', 'A', 1),
(2219, 143, 'Saint Georges', 'G', 1),
(2220, 143, 'Saint Peter', 'P', 1),
(2221, 144, 'Agadir', 'AGD', 1),
(2222, 144, 'Al Hoceima', 'HOC', 1),
(2223, 144, 'Azilal', 'AZI', 1),
(2224, 144, 'Beni Mellal', 'BME', 1),
(2225, 144, 'Ben Slimane', 'BSL', 1),
(2226, 144, 'Boulemane', 'BLM', 1),
(2227, 144, 'Casablanca', 'CBL', 1),
(2228, 144, 'Chaouen', 'CHA', 1),
(2229, 144, 'El Jadida', 'EJA', 1),
(2230, 144, 'El Kelaa des Sraghna', 'EKS', 1),
(2231, 144, 'Er Rachidia', 'ERA', 1),
(2232, 144, 'Essaouira', 'ESS', 1),
(2233, 144, 'Fes', 'FES', 1),
(2234, 144, 'Figuig', 'FIG', 1),
(2235, 144, 'Guelmim', 'GLM', 1),
(2236, 144, 'Ifrane', 'IFR', 1),
(2237, 144, 'Kenitra', 'KEN', 1),
(2238, 144, 'Khemisset', 'KHM', 1),
(2239, 144, 'Khenifra', 'KHN', 1),
(2240, 144, 'Khouribga', 'KHO', 1),
(2241, 144, 'Laayoune', 'LYN', 1),
(2242, 144, 'Larache', 'LAR', 1),
(2243, 144, 'Marrakech', 'MRK', 1),
(2244, 144, 'Meknes', 'MKN', 1),
(2245, 144, 'Nador', 'NAD', 1),
(2246, 144, 'Ouarzazate', 'ORZ', 1),
(2247, 144, 'Oujda', 'OUJ', 1),
(2248, 144, 'Rabat-Sale', 'RSA', 1),
(2249, 144, 'Safi', 'SAF', 1),
(2250, 144, 'Settat', 'SET', 1),
(2251, 144, 'Sidi Kacem', 'SKA', 1),
(2252, 144, 'Tangier', 'TGR', 1),
(2253, 144, 'Tan-Tan', 'TAN', 1),
(2254, 144, 'Taounate', 'TAO', 1),
(2255, 144, 'Taroudannt', 'TRD', 1),
(2256, 144, 'Tata', 'TAT', 1),
(2257, 144, 'Taza', 'TAZ', 1),
(2258, 144, 'Tetouan', 'TET', 1),
(2259, 144, 'Tiznit', 'TIZ', 1),
(2260, 144, 'Ad Dakhla', 'ADK', 1),
(2261, 144, 'Boujdour', 'BJD', 1),
(2262, 144, 'Es Smara', 'ESM', 1),
(2263, 145, 'Cabo Delgado', 'CD', 1),
(2264, 145, 'Gaza', 'GZ', 1),
(2265, 145, 'Inhambane', 'IN', 1),
(2266, 145, 'Manica', 'MN', 1),
(2267, 145, 'Maputo (city)', 'MC', 1),
(2268, 145, 'Maputo', 'MP', 1),
(2269, 145, 'Nampula', 'NA', 1),
(2270, 145, 'Niassa', 'NI', 1),
(2271, 145, 'Sofala', 'SO', 1),
(2272, 145, 'Tete', 'TE', 1),
(2273, 145, 'Zambezia', 'ZA', 1),
(2274, 146, 'Ayeyarwady', 'AY', 1),
(2275, 146, 'Bago', 'BG', 1),
(2276, 146, 'Magway', 'MG', 1),
(2277, 146, 'Mandalay', 'MD', 1),
(2278, 146, 'Sagaing', 'SG', 1),
(2279, 146, 'Tanintharyi', 'TN', 1),
(2280, 146, 'Yangon', 'YG', 1),
(2281, 146, 'Chin State', 'CH', 1),
(2282, 146, 'Kachin State', 'KC', 1),
(2283, 146, 'Kayah State', 'KH', 1),
(2284, 146, 'Kayin State', 'KN', 1),
(2285, 146, 'Mon State', 'MN', 1),
(2286, 146, 'Rakhine State', 'RK', 1),
(2287, 146, 'Shan State', 'SH', 1),
(2288, 147, 'Caprivi', 'CA', 1),
(2289, 147, 'Erongo', 'ER', 1),
(2290, 147, 'Hardap', 'HA', 1),
(2291, 147, 'Karas', 'KR', 1),
(2292, 147, 'Kavango', 'KV', 1),
(2293, 147, 'Khomas', 'KH', 1),
(2294, 147, 'Kunene', 'KU', 1),
(2295, 147, 'Ohangwena', 'OW', 1),
(2296, 147, 'Omaheke', 'OK', 1),
(2297, 147, 'Omusati', 'OT', 1),
(2298, 147, 'Oshana', 'ON', 1),
(2299, 147, 'Oshikoto', 'OO', 1),
(2300, 147, 'Otjozondjupa', 'OJ', 1),
(2301, 148, 'Aiwo', 'AO', 1),
(2302, 148, 'Anabar', 'AA', 1),
(2303, 148, 'Anetan', 'AT', 1),
(2304, 148, 'Anibare', 'AI', 1),
(2305, 148, 'Baiti', 'BA', 1),
(2306, 148, 'Boe', 'BO', 1),
(2307, 148, 'Buada', 'BU', 1),
(2308, 148, 'Denigomodu', 'DE', 1),
(2309, 148, 'Ewa', 'EW', 1),
(2310, 148, 'Ijuw', 'IJ', 1),
(2311, 148, 'Meneng', 'ME', 1),
(2312, 148, 'Nibok', 'NI', 1),
(2313, 148, 'Uaboe', 'UA', 1),
(2314, 148, 'Yaren', 'YA', 1),
(2315, 149, 'Bagmati', 'BA', 1),
(2316, 149, 'Bheri', 'BH', 1),
(2317, 149, 'Dhawalagiri', 'DH', 1),
(2318, 149, 'Gandaki', 'GA', 1),
(2319, 149, 'Janakpur', 'JA', 1),
(2320, 149, 'Karnali', 'KA', 1),
(2321, 149, 'Kosi', 'KO', 1),
(2322, 149, 'Lumbini', 'LU', 1),
(2323, 149, 'Mahakali', 'MA', 1),
(2324, 149, 'Mechi', 'ME', 1),
(2325, 149, 'Narayani', 'NA', 1),
(2326, 149, 'Rapti', 'RA', 1),
(2327, 149, 'Sagarmatha', 'SA', 1),
(2328, 149, 'Seti', 'SE', 1),
(2329, 150, 'Drenthe', 'DR', 1),
(2330, 150, 'Flevoland', 'FL', 1),
(2331, 150, 'Friesland', 'FR', 1),
(2332, 150, 'Gelderland', 'GE', 1),
(2333, 150, 'Groningen', 'GR', 1),
(2334, 150, 'Limburg', 'LI', 1),
(2335, 150, 'Noord Brabant', 'NB', 1),
(2336, 150, 'Noord Holland', 'NH', 1),
(2337, 150, 'Overijssel', 'OV', 1),
(2338, 150, 'Utrecht', 'UT', 1),
(2339, 150, 'Zeeland', 'ZE', 1),
(2340, 150, 'Zuid Holland', 'ZH', 1),
(2341, 152, 'Iles Loyaute', 'L', 1),
(2342, 152, 'Nord', 'N', 1),
(2343, 152, 'Sud', 'S', 1),
(2344, 153, 'Auckland', 'AUK', 1),
(2345, 153, 'Bay of Plenty', 'BOP', 1),
(2346, 153, 'Canterbury', 'CAN', 1),
(2347, 153, 'Coromandel', 'COR', 1),
(2348, 153, 'Gisborne', 'GIS', 1),
(2349, 153, 'Fiordland', 'FIO', 1),
(2350, 153, 'Hawke\'s Bay', 'HKB', 1),
(2351, 153, 'Marlborough', 'MBH', 1),
(2352, 153, 'Manawatu-Wanganui', 'MWT', 1),
(2353, 153, 'Mt Cook-Mackenzie', 'MCM', 1),
(2354, 153, 'Nelson', 'NSN', 1),
(2355, 153, 'Northland', 'NTL', 1),
(2356, 153, 'Otago', 'OTA', 1),
(2357, 153, 'Southland', 'STL', 1),
(2358, 153, 'Taranaki', 'TKI', 1),
(2359, 153, 'Wellington', 'WGN', 1),
(2360, 153, 'Waikato', 'WKO', 1),
(2361, 153, 'Wairarapa', 'WAI', 1),
(2362, 153, 'West Coast', 'WTC', 1),
(2363, 154, 'Atlantico Norte', 'AN', 1),
(2364, 154, 'Atlantico Sur', 'AS', 1),
(2365, 154, 'Boaco', 'BO', 1),
(2366, 154, 'Carazo', 'CA', 1),
(2367, 154, 'Chinandega', 'CI', 1),
(2368, 154, 'Chontales', 'CO', 1),
(2369, 154, 'Esteli', 'ES', 1),
(2370, 154, 'Granada', 'GR', 1),
(2371, 154, 'Jinotega', 'JI', 1),
(2372, 154, 'Leon', 'LE', 1),
(2373, 154, 'Madriz', 'MD', 1),
(2374, 154, 'Managua', 'MN', 1),
(2375, 154, 'Masaya', 'MS', 1),
(2376, 154, 'Matagalpa', 'MT', 1),
(2377, 154, 'Nuevo Segovia', 'NS', 1),
(2378, 154, 'Rio San Juan', 'RS', 1),
(2379, 154, 'Rivas', 'RI', 1),
(2380, 155, 'Agadez', 'AG', 1),
(2381, 155, 'Diffa', 'DF', 1),
(2382, 155, 'Dosso', 'DS', 1),
(2383, 155, 'Maradi', 'MA', 1),
(2384, 155, 'Niamey', 'NM', 1),
(2385, 155, 'Tahoua', 'TH', 1),
(2386, 155, 'Tillaberi', 'TL', 1),
(2387, 155, 'Zinder', 'ZD', 1),
(2388, 156, 'Abia', 'AB', 1),
(2389, 156, 'Abuja Federal Capital Territory', 'CT', 1),
(2390, 156, 'Adamawa', 'AD', 1),
(2391, 156, 'Akwa Ibom', 'AK', 1),
(2392, 156, 'Anambra', 'AN', 1),
(2393, 156, 'Bauchi', 'BC', 1),
(2394, 156, 'Bayelsa', 'BY', 1),
(2395, 156, 'Benue', 'BN', 1),
(2396, 156, 'Borno', 'BO', 1),
(2397, 156, 'Cross River', 'CR', 1),
(2398, 156, 'Delta', 'DE', 1),
(2399, 156, 'Ebonyi', 'EB', 1),
(2400, 156, 'Edo', 'ED', 1),
(2401, 156, 'Ekiti', 'EK', 1),
(2402, 156, 'Enugu', 'EN', 1),
(2403, 156, 'Gombe', 'GO', 1),
(2404, 156, 'Imo', 'IM', 1),
(2405, 156, 'Jigawa', 'JI', 1),
(2406, 156, 'Kaduna', 'KD', 1),
(2407, 156, 'Kano', 'KN', 1),
(2408, 156, 'Katsina', 'KT', 1),
(2409, 156, 'Kebbi', 'KE', 1),
(2410, 156, 'Kogi', 'KO', 1),
(2411, 156, 'Kwara', 'KW', 1),
(2412, 156, 'Lagos', 'LA', 1),
(2413, 156, 'Nassarawa', 'NA', 1),
(2414, 156, 'Niger', 'NI', 1),
(2415, 156, 'Ogun', 'OG', 1),
(2416, 156, 'Ondo', 'ONG', 1),
(2417, 156, 'Osun', 'OS', 1),
(2418, 156, 'Oyo', 'OY', 1),
(2419, 156, 'Plateau', 'PL', 1),
(2420, 156, 'Rivers', 'RI', 1),
(2421, 156, 'Sokoto', 'SO', 1),
(2422, 156, 'Taraba', 'TA', 1),
(2423, 156, 'Yobe', 'YO', 1),
(2424, 156, 'Zamfara', 'ZA', 1),
(2425, 159, 'Northern Islands', 'N', 1),
(2426, 159, 'Rota', 'R', 1),
(2427, 159, 'Saipan', 'S', 1),
(2428, 159, 'Tinian', 'T', 1),
(2429, 160, 'Akershus', 'AK', 1),
(2430, 160, 'Aust-Agder', 'AA', 1),
(2431, 160, 'Buskerud', 'BU', 1),
(2432, 160, 'Finnmark', 'FM', 1),
(2433, 160, 'Hedmark', 'HM', 1),
(2434, 160, 'Hordaland', 'HL', 1),
(2435, 160, 'More og Romdal', 'MR', 1),
(2436, 160, 'Nord-Trondelag', 'NT', 1),
(2437, 160, 'Nordland', 'NL', 1),
(2438, 160, 'Ostfold', 'OF', 1),
(2439, 160, 'Oppland', 'OP', 1),
(2440, 160, 'Oslo', 'OL', 1),
(2441, 160, 'Rogaland', 'RL', 1),
(2442, 160, 'Sor-Trondelag', 'ST', 1),
(2443, 160, 'Sogn og Fjordane', 'SJ', 1),
(2444, 160, 'Svalbard', 'SV', 1),
(2445, 160, 'Telemark', 'TM', 1),
(2446, 160, 'Troms', 'TR', 1),
(2447, 160, 'Vest-Agder', 'VA', 1),
(2448, 160, 'Vestfold', 'VF', 1),
(2449, 161, 'Ad Dakhiliyah', 'DA', 1),
(2450, 161, 'Al Batinah', 'BA', 1),
(2451, 161, 'Al Wusta', 'WU', 1),
(2452, 161, 'Ash Sharqiyah', 'SH', 1),
(2453, 161, 'Az Zahirah', 'ZA', 1),
(2454, 161, 'Masqat', 'MA', 1),
(2455, 161, 'Musandam', 'MU', 1),
(2456, 161, 'Zufar', 'ZU', 1),
(2457, 162, 'Balochistan', 'B', 1),
(2458, 162, 'Federally Administered Tribal Areas', 'T', 1),
(2459, 162, 'Islamabad Capital Territory', 'I', 1),
(2460, 162, 'North-West Frontier', 'N', 1),
(2461, 162, 'Punjab', 'P', 1),
(2462, 162, 'Sindh', 'S', 1),
(2463, 163, 'Aimeliik', 'AM', 1),
(2464, 163, 'Airai', 'AR', 1),
(2465, 163, 'Angaur', 'AN', 1),
(2466, 163, 'Hatohobei', 'HA', 1),
(2467, 163, 'Kayangel', 'KA', 1),
(2468, 163, 'Koror', 'KO', 1),
(2469, 163, 'Melekeok', 'ME', 1),
(2470, 163, 'Ngaraard', 'NA', 1),
(2471, 163, 'Ngarchelong', 'NG', 1),
(2472, 163, 'Ngardmau', 'ND', 1),
(2473, 163, 'Ngatpang', 'NT', 1),
(2474, 163, 'Ngchesar', 'NC', 1),
(2475, 163, 'Ngeremlengui', 'NR', 1),
(2476, 163, 'Ngiwal', 'NW', 1),
(2477, 163, 'Peleliu', 'PE', 1),
(2478, 163, 'Sonsorol', 'SO', 1),
(2479, 164, 'Bocas del Toro', 'BT', 1),
(2480, 164, 'Chiriqui', 'CH', 1),
(2481, 164, 'Cocle', 'CC', 1),
(2482, 164, 'Colon', 'CL', 1),
(2483, 164, 'Darien', 'DA', 1),
(2484, 164, 'Herrera', 'HE', 1),
(2485, 164, 'Los Santos', 'LS', 1),
(2486, 164, 'Panama', 'PA', 1),
(2487, 164, 'San Blas', 'SB', 1),
(2488, 164, 'Veraguas', 'VG', 1),
(2489, 165, 'Bougainville', 'BV', 1),
(2490, 165, 'Central', 'CE', 1),
(2491, 165, 'Chimbu', 'CH', 1),
(2492, 165, 'Eastern Highlands', 'EH', 1),
(2493, 165, 'East New Britain', 'EB', 1),
(2494, 165, 'East Sepik', 'ES', 1),
(2495, 165, 'Enga', 'EN', 1),
(2496, 165, 'Gulf', 'GU', 1),
(2497, 165, 'Madang', 'MD', 1),
(2498, 165, 'Manus', 'MN', 1),
(2499, 165, 'Milne Bay', 'MB', 1),
(2500, 165, 'Morobe', 'MR', 1),
(2501, 165, 'National Capital', 'NC', 1),
(2502, 165, 'New Ireland', 'NI', 1),
(2503, 165, 'Northern', 'NO', 1),
(2504, 165, 'Sandaun', 'SA', 1),
(2505, 165, 'Southern Highlands', 'SH', 1),
(2506, 165, 'Western', 'WE', 1),
(2507, 165, 'Western Highlands', 'WH', 1),
(2508, 165, 'West New Britain', 'WB', 1),
(2509, 166, 'Alto Paraguay', 'AG', 1),
(2510, 166, 'Alto Parana', 'AN', 1),
(2511, 166, 'Amambay', 'AM', 1),
(2512, 166, 'Asuncion', 'AS', 1),
(2513, 166, 'Boqueron', 'BO', 1),
(2514, 166, 'Caaguazu', 'CG', 1),
(2515, 166, 'Caazapa', 'CZ', 1),
(2516, 166, 'Canindeyu', 'CN', 1),
(2517, 166, 'Central', 'CE', 1),
(2518, 166, 'Concepcion', 'CC', 1),
(2519, 166, 'Cordillera', 'CD', 1),
(2520, 166, 'Guaira', 'GU', 1),
(2521, 166, 'Itapua', 'IT', 1),
(2522, 166, 'Misiones', 'MI', 1),
(2523, 166, 'Neembucu', 'NE', 1),
(2524, 166, 'Paraguari', 'PA', 1),
(2525, 166, 'Presidente Hayes', 'PH', 1),
(2526, 166, 'San Pedro', 'SP', 1),
(2527, 167, 'Amazonas', 'AM', 1),
(2528, 167, 'Ancash', 'AN', 1),
(2529, 167, 'Apurimac', 'AP', 1),
(2530, 167, 'Arequipa', 'AR', 1),
(2531, 167, 'Ayacucho', 'AY', 1),
(2532, 167, 'Cajamarca', 'CJ', 1),
(2533, 167, 'Callao', 'CL', 1),
(2534, 167, 'Cusco', 'CU', 1),
(2535, 167, 'Huancavelica', 'HV', 1),
(2536, 167, 'Huanuco', 'HO', 1),
(2537, 167, 'Ica', 'IC', 1),
(2538, 167, 'Junin', 'JU', 1),
(2539, 167, 'La Libertad', 'LD', 1),
(2540, 167, 'Lambayeque', 'LY', 1),
(2541, 167, 'Lima', 'LI', 1),
(2542, 167, 'Loreto', 'LO', 1),
(2543, 167, 'Madre de Dios', 'MD', 1),
(2544, 167, 'Moquegua', 'MO', 1),
(2545, 167, 'Pasco', 'PA', 1),
(2546, 167, 'Piura', 'PI', 1),
(2547, 167, 'Puno', 'PU', 1),
(2548, 167, 'San Martin', 'SM', 1),
(2549, 167, 'Tacna', 'TA', 1),
(2550, 167, 'Tumbes', 'TU', 1),
(2551, 167, 'Ucayali', 'UC', 1),
(2552, 168, 'Abra', 'ABR', 1),
(2553, 168, 'Agusan del Norte', 'ANO', 1),
(2554, 168, 'Agusan del Sur', 'ASU', 1),
(2555, 168, 'Aklan', 'AKL', 1),
(2556, 168, 'Albay', 'ALB', 1),
(2557, 168, 'Antique', 'ANT', 1),
(2558, 168, 'Apayao', 'APY', 1),
(2559, 168, 'Aurora', 'AUR', 1),
(2560, 168, 'Basilan', 'BAS', 1),
(2561, 168, 'Bataan', 'BTA', 1),
(2562, 168, 'Batanes', 'BTE', 1),
(2563, 168, 'Batangas', 'BTG', 1),
(2564, 168, 'Biliran', 'BLR', 1),
(2565, 168, 'Benguet', 'BEN', 1),
(2566, 168, 'Bohol', 'BOL', 1),
(2567, 168, 'Bukidnon', 'BUK', 1),
(2568, 168, 'Bulacan', 'BUL', 1),
(2569, 168, 'Cagayan', 'CAG', 1),
(2570, 168, 'Camarines Norte', 'CNO', 1),
(2571, 168, 'Camarines Sur', 'CSU', 1),
(2572, 168, 'Camiguin', 'CAM', 1),
(2573, 168, 'Capiz', 'CAP', 1),
(2574, 168, 'Catanduanes', 'CAT', 1),
(2575, 168, 'Cavite', 'CAV', 1),
(2576, 168, 'Cebu', 'CEB', 1),
(2577, 168, 'Compostela', 'CMP', 1),
(2578, 168, 'Davao del Norte', 'DNO', 1),
(2579, 168, 'Davao del Sur', 'DSU', 1),
(2580, 168, 'Davao Oriental', 'DOR', 1),
(2581, 168, 'Eastern Samar', 'ESA', 1),
(2582, 168, 'Guimaras', 'GUI', 1),
(2583, 168, 'Ifugao', 'IFU', 1),
(2584, 168, 'Ilocos Norte', 'INO', 1),
(2585, 168, 'Ilocos Sur', 'ISU', 1),
(2586, 168, 'Iloilo', 'ILO', 1),
(2587, 168, 'Isabela', 'ISA', 1),
(2588, 168, 'Kalinga', 'KAL', 1),
(2589, 168, 'Laguna', 'LAG', 1),
(2590, 168, 'Lanao del Norte', 'LNO', 1),
(2591, 168, 'Lanao del Sur', 'LSU', 1),
(2592, 168, 'La Union', 'UNI', 1),
(2593, 168, 'Leyte', 'LEY', 1),
(2594, 168, 'Maguindanao', 'MAG', 1),
(2595, 168, 'Marinduque', 'MRN', 1),
(2596, 168, 'Masbate', 'MSB', 1),
(2597, 168, 'Mindoro Occidental', 'MIC', 1),
(2598, 168, 'Mindoro Oriental', 'MIR', 1),
(2599, 168, 'Misamis Occidental', 'MSC', 1),
(2600, 168, 'Misamis Oriental', 'MOR', 1),
(2601, 168, 'Mountain', 'MOP', 1),
(2602, 168, 'Negros Occidental', 'NOC', 1),
(2603, 168, 'Negros Oriental', 'NOR', 1),
(2604, 168, 'North Cotabato', 'NCT', 1),
(2605, 168, 'Northern Samar', 'NSM', 1),
(2606, 168, 'Nueva Ecija', 'NEC', 1),
(2607, 168, 'Nueva Vizcaya', 'NVZ', 1),
(2608, 168, 'Palawan', 'PLW', 1),
(2609, 168, 'Pampanga', 'PMP', 1),
(2610, 168, 'Pangasinan', 'PNG', 1),
(2611, 168, 'Quezon', 'QZN', 1),
(2612, 168, 'Quirino', 'QRN', 1),
(2613, 168, 'Rizal', 'RIZ', 1),
(2614, 168, 'Romblon', 'ROM', 1),
(2615, 168, 'Samar', 'SMR', 1),
(2616, 168, 'Sarangani', 'SRG', 1),
(2617, 168, 'Siquijor', 'SQJ', 1),
(2618, 168, 'Sorsogon', 'SRS', 1),
(2619, 168, 'South Cotabato', 'SCO', 1),
(2620, 168, 'Southern Leyte', 'SLE', 1),
(2621, 168, 'Sultan Kudarat', 'SKU', 1),
(2622, 168, 'Sulu', 'SLU', 1),
(2623, 168, 'Surigao del Norte', 'SNO', 1),
(2624, 168, 'Surigao del Sur', 'SSU', 1),
(2625, 168, 'Tarlac', 'TAR', 1),
(2626, 168, 'Tawi-Tawi', 'TAW', 1),
(2627, 168, 'Zambales', 'ZBL', 1),
(2628, 168, 'Zamboanga del Norte', 'ZNO', 1),
(2629, 168, 'Zamboanga del Sur', 'ZSU', 1),
(2630, 168, 'Zamboanga Sibugay', 'ZSI', 1),
(2631, 170, 'Dolnoslaskie', 'DO', 1),
(2632, 170, 'Kujawsko-Pomorskie', 'KP', 1),
(2633, 170, 'Lodzkie', 'LO', 1),
(2634, 170, 'Lubelskie', 'LL', 1),
(2635, 170, 'Lubuskie', 'LU', 1),
(2636, 170, 'Malopolskie', 'ML', 1),
(2637, 170, 'Mazowieckie', 'MZ', 1),
(2638, 170, 'Opolskie', 'OP', 1),
(2639, 170, 'Podkarpackie', 'PP', 1),
(2640, 170, 'Podlaskie', 'PL', 1),
(2641, 170, 'Pomorskie', 'PM', 1),
(2642, 170, 'Slaskie', 'SL', 1),
(2643, 170, 'Swietokrzyskie', 'SW', 1),
(2644, 170, 'Warminsko-Mazurskie', 'WM', 1),
(2645, 170, 'Wielkopolskie', 'WP', 1),
(2646, 170, 'Zachodniopomorskie', 'ZA', 1),
(2647, 198, 'Saint Pierre', 'P', 1),
(2648, 198, 'Miquelon', 'M', 1),
(2649, 171, 'A&ccedil;ores', 'AC', 1),
(2650, 171, 'Aveiro', 'AV', 1),
(2651, 171, 'Beja', 'BE', 1),
(2652, 171, 'Braga', 'BR', 1),
(2653, 171, 'Bragan&ccedil;a', 'BA', 1),
(2654, 171, 'Castelo Branco', 'CB', 1),
(2655, 171, 'Coimbra', 'CO', 1),
(2656, 171, '&Eacute;vora', 'EV', 1),
(2657, 171, 'Faro', 'FA', 1),
(2658, 171, 'Guarda', 'GU', 1),
(2659, 171, 'Leiria', 'LE', 1),
(2660, 171, 'Lisboa', 'LI', 1),
(2661, 171, 'Madeira', 'ME', 1),
(2662, 171, 'Portalegre', 'PO', 1),
(2663, 171, 'Porto', 'PR', 1),
(2664, 171, 'Santar&eacute;m', 'SA', 1),
(2665, 171, 'Set&uacute;bal', 'SE', 1),
(2666, 171, 'Viana do Castelo', 'VC', 1),
(2667, 171, 'Vila Real', 'VR', 1),
(2668, 171, 'Viseu', 'VI', 1),
(2669, 173, 'Ad Dawhah', 'DW', 1),
(2670, 173, 'Al Ghuwayriyah', 'GW', 1),
(2671, 173, 'Al Jumayliyah', 'JM', 1),
(2672, 173, 'Al Khawr', 'KR', 1),
(2673, 173, 'Al Wakrah', 'WK', 1),
(2674, 173, 'Ar Rayyan', 'RN', 1),
(2675, 173, 'Jarayan al Batinah', 'JB', 1),
(2676, 173, 'Madinat ash Shamal', 'MS', 1),
(2677, 173, 'Umm Sa\'id', 'UD', 1),
(2678, 173, 'Umm Salal', 'UL', 1),
(2679, 175, 'Alba', 'AB', 1),
(2680, 175, 'Arad', 'AR', 1),
(2681, 175, 'Arges', 'AG', 1),
(2682, 175, 'Bacau', 'BC', 1),
(2683, 175, 'Bihor', 'BH', 1),
(2684, 175, 'Bistrita-Nasaud', 'BN', 1),
(2685, 175, 'Botosani', 'BT', 1),
(2686, 175, 'Brasov', 'BV', 1),
(2687, 175, 'Braila', 'BR', 1),
(2688, 175, 'Bucuresti', 'B', 1),
(2689, 175, 'Buzau', 'BZ', 1),
(2690, 175, 'Caras-Severin', 'CS', 1),
(2691, 175, 'Calarasi', 'CL', 1),
(2692, 175, 'Cluj', 'CJ', 1),
(2693, 175, 'Constanta', 'CT', 1),
(2694, 175, 'Covasna', 'CV', 1),
(2695, 175, 'Dimbovita', 'DB', 1),
(2696, 175, 'Dolj', 'DJ', 1),
(2697, 175, 'Galati', 'GL', 1),
(2698, 175, 'Giurgiu', 'GR', 1),
(2699, 175, 'Gorj', 'GJ', 1),
(2700, 175, 'Harghita', 'HR', 1),
(2701, 175, 'Hunedoara', 'HD', 1),
(2702, 175, 'Ialomita', 'IL', 1),
(2703, 175, 'Iasi', 'IS', 1),
(2704, 175, 'Ilfov', 'IF', 1),
(2705, 175, 'Maramures', 'MM', 1),
(2706, 175, 'Mehedinti', 'MH', 1),
(2707, 175, 'Mures', 'MS', 1),
(2708, 175, 'Neamt', 'NT', 1),
(2709, 175, 'Olt', 'OT', 1),
(2710, 175, 'Prahova', 'PH', 1),
(2711, 175, 'Satu-Mare', 'SM', 1),
(2712, 175, 'Salaj', 'SJ', 1),
(2713, 175, 'Sibiu', 'SB', 1),
(2714, 175, 'Suceava', 'SV', 1),
(2715, 175, 'Teleorman', 'TR', 1),
(2716, 175, 'Timis', 'TM', 1),
(2717, 175, 'Tulcea', 'TL', 1),
(2718, 175, 'Vaslui', 'VS', 1),
(2719, 175, 'Valcea', 'VL', 1),
(2720, 175, 'Vrancea', 'VN', 1),
(2721, 176, 'Abakan', 'AB', 1),
(2722, 176, 'Aginskoye', 'AG', 1),
(2723, 176, 'Anadyr', 'AN', 1),
(2724, 176, 'Arkahangelsk', 'AR', 1),
(2725, 176, 'Astrakhan', 'AS', 1),
(2726, 176, 'Barnaul', 'BA', 1),
(2727, 176, 'Belgorod', 'BE', 1),
(2728, 176, 'Birobidzhan', 'BI', 1),
(2729, 176, 'Blagoveshchensk', 'BL', 1),
(2730, 176, 'Bryansk', 'BR', 1),
(2731, 176, 'Cheboksary', 'CH', 1),
(2732, 176, 'Chelyabinsk', 'CL', 1),
(2733, 176, 'Cherkessk', 'CR', 1),
(2734, 176, 'Chita', 'CI', 1),
(2735, 176, 'Dudinka', 'DU', 1),
(2736, 176, 'Elista', 'EL', 1),
(2737, 176, 'Gomo-Altaysk', 'GO', 1),
(2738, 176, 'Gorno-Altaysk', 'GA', 1),
(2739, 176, 'Groznyy', 'GR', 1),
(2740, 176, 'Irkutsk', 'IR', 1),
(2741, 176, 'Ivanovo', 'IV', 1),
(2742, 176, 'Izhevsk', 'IZ', 1),
(2743, 176, 'Kalinigrad', 'KA', 1),
(2744, 176, 'Kaluga', 'KL', 1),
(2745, 176, 'Kasnodar', 'KS', 1),
(2746, 176, 'Kazan', 'KZ', 1),
(2747, 176, 'Kemerovo', 'KE', 1),
(2748, 176, 'Khabarovsk', 'KH', 1),
(2749, 176, 'Khanty-Mansiysk', 'KM', 1),
(2750, 176, 'Kostroma', 'KO', 1),
(2751, 176, 'Krasnodar', 'KR', 1),
(2752, 176, 'Krasnoyarsk', 'KN', 1),
(2753, 176, 'Kudymkar', 'KU', 1),
(2754, 176, 'Kurgan', 'KG', 1),
(2755, 176, 'Kursk', 'KK', 1),
(2756, 176, 'Kyzyl', 'KY', 1),
(2757, 176, 'Lipetsk', 'LI', 1),
(2758, 176, 'Magadan', 'MA', 1),
(2759, 176, 'Makhachkala', 'MK', 1),
(2760, 176, 'Maykop', 'MY', 1),
(2761, 176, 'Moscow', 'MO', 1),
(2762, 176, 'Murmansk', 'MU', 1),
(2763, 176, 'Nalchik', 'NA', 1),
(2764, 176, 'Naryan Mar', 'NR', 1),
(2765, 176, 'Nazran', 'NZ', 1),
(2766, 176, 'Nizhniy Novgorod', 'NI', 1),
(2767, 176, 'Novgorod', 'NO', 1),
(2768, 176, 'Novosibirsk', 'NV', 1),
(2769, 176, 'Omsk', 'OM', 1),
(2770, 176, 'Orel', 'OR', 1),
(2771, 176, 'Orenburg', 'OE', 1),
(2772, 176, 'Palana', 'PA', 1),
(2773, 176, 'Penza', 'PE', 1),
(2774, 176, 'Perm', 'PR', 1),
(2775, 176, 'Petropavlovsk-Kamchatskiy', 'PK', 1),
(2776, 176, 'Petrozavodsk', 'PT', 1),
(2777, 176, 'Pskov', 'PS', 1),
(2778, 176, 'Rostov-na-Donu', 'RO', 1),
(2779, 176, 'Ryazan', 'RY', 1),
(2780, 176, 'Salekhard', 'SL', 1),
(2781, 176, 'Samara', 'SA', 1),
(2782, 176, 'Saransk', 'SR', 1),
(2783, 176, 'Saratov', 'SV', 1),
(2784, 176, 'Smolensk', 'SM', 1),
(2785, 176, 'St. Petersburg', 'SP', 1),
(2786, 176, 'Stavropol', 'ST', 1),
(2787, 176, 'Syktyvkar', 'SY', 1),
(2788, 176, 'Tambov', 'TA', 1),
(2789, 176, 'Tomsk', 'TO', 1),
(2790, 176, 'Tula', 'TU', 1),
(2791, 176, 'Tura', 'TR', 1),
(2792, 176, 'Tver', 'TV', 1),
(2793, 176, 'Tyumen', 'TY', 1),
(2794, 176, 'Ufa', 'UF', 1),
(2795, 176, 'Ul\'yanovsk', 'UL', 1),
(2796, 176, 'Ulan-Ude', 'UU', 1),
(2797, 176, 'Ust\'-Ordynskiy', 'US', 1),
(2798, 176, 'Vladikavkaz', 'VL', 1),
(2799, 176, 'Vladimir', 'VA', 1),
(2800, 176, 'Vladivostok', 'VV', 1),
(2801, 176, 'Volgograd', 'VG', 1),
(2802, 176, 'Vologda', 'VD', 1),
(2803, 176, 'Voronezh', 'VO', 1),
(2804, 176, 'Vyatka', 'VY', 1),
(2805, 176, 'Yakutsk', 'YA', 1),
(2806, 176, 'Yaroslavl', 'YR', 1),
(2807, 176, 'Yekaterinburg', 'YE', 1),
(2808, 176, 'Yoshkar-Ola', 'YO', 1),
(2809, 177, 'Butare', 'BU', 1),
(2810, 177, 'Byumba', 'BY', 1),
(2811, 177, 'Cyangugu', 'CY', 1),
(2812, 177, 'Gikongoro', 'GK', 1),
(2813, 177, 'Gisenyi', 'GS', 1),
(2814, 177, 'Gitarama', 'GT', 1),
(2815, 177, 'Kibungo', 'KG', 1),
(2816, 177, 'Kibuye', 'KY', 1),
(2817, 177, 'Kigali Rurale', 'KR', 1),
(2818, 177, 'Kigali-ville', 'KV', 1),
(2819, 177, 'Ruhengeri', 'RU', 1),
(2820, 177, 'Umutara', 'UM', 1),
(2821, 178, 'Christ Church Nichola Town', 'CCN', 1),
(2822, 178, 'Saint Anne Sandy Point', 'SAS', 1),
(2823, 178, 'Saint George Basseterre', 'SGB', 1),
(2824, 178, 'Saint George Gingerland', 'SGG', 1),
(2825, 178, 'Saint James Windward', 'SJW', 1),
(2826, 178, 'Saint John Capesterre', 'SJC', 1),
(2827, 178, 'Saint John Figtree', 'SJF', 1),
(2828, 178, 'Saint Mary Cayon', 'SMC', 1),
(2829, 178, 'Saint Paul Capesterre', 'CAP', 1),
(2830, 178, 'Saint Paul Charlestown', 'CHA', 1),
(2831, 178, 'Saint Peter Basseterre', 'SPB', 1),
(2832, 178, 'Saint Thomas Lowland', 'STL', 1),
(2833, 178, 'Saint Thomas Middle Island', 'STM', 1),
(2834, 178, 'Trinity Palmetto Point', 'TPP', 1),
(2835, 179, 'Anse-la-Raye', 'AR', 1),
(2836, 179, 'Castries', 'CA', 1),
(2837, 179, 'Choiseul', 'CH', 1),
(2838, 179, 'Dauphin', 'DA', 1),
(2839, 179, 'Dennery', 'DE', 1),
(2840, 179, 'Gros-Islet', 'GI', 1),
(2841, 179, 'Laborie', 'LA', 1),
(2842, 179, 'Micoud', 'MI', 1),
(2843, 179, 'Praslin', 'PR', 1),
(2844, 179, 'Soufriere', 'SO', 1),
(2845, 179, 'Vieux-Fort', 'VF', 1),
(2846, 180, 'Charlotte', 'C', 1),
(2847, 180, 'Grenadines', 'R', 1),
(2848, 180, 'Saint Andrew', 'A', 1),
(2849, 180, 'Saint David', 'D', 1),
(2850, 180, 'Saint George', 'G', 1),
(2851, 180, 'Saint Patrick', 'P', 1),
(2852, 181, 'A\'ana', 'AN', 1),
(2853, 181, 'Aiga-i-le-Tai', 'AI', 1),
(2854, 181, 'Atua', 'AT', 1),
(2855, 181, 'Fa\'asaleleaga', 'FA', 1),
(2856, 181, 'Gaga\'emauga', 'GE', 1),
(2857, 181, 'Gagaifomauga', 'GF', 1),
(2858, 181, 'Palauli', 'PA', 1),
(2859, 181, 'Satupa\'itea', 'SA', 1),
(2860, 181, 'Tuamasaga', 'TU', 1),
(2861, 181, 'Va\'a-o-Fonoti', 'VF', 1),
(2862, 181, 'Vaisigano', 'VS', 1),
(2863, 182, 'Acquaviva', 'AC', 1),
(2864, 182, 'Borgo Maggiore', 'BM', 1),
(2865, 182, 'Chiesanuova', 'CH', 1),
(2866, 182, 'Domagnano', 'DO', 1),
(2867, 182, 'Faetano', 'FA', 1),
(2868, 182, 'Fiorentino', 'FI', 1),
(2869, 182, 'Montegiardino', 'MO', 1),
(2870, 182, 'Citta di San Marino', 'SM', 1),
(2871, 182, 'Serravalle', 'SE', 1),
(2872, 183, 'Sao Tome', 'S', 1),
(2873, 183, 'Principe', 'P', 1),
(2874, 184, 'Al Bahah', 'BH', 1),
(2875, 184, 'Al Hudud ash Shamaliyah', 'HS', 1),
(2876, 184, 'Al Jawf', 'JF', 1),
(2877, 184, 'Al Madinah', 'MD', 1),
(2878, 184, 'Al Qasim', 'QS', 1),
(2879, 184, 'Ar Riyad', 'RD', 1),
(2880, 184, 'Ash Sharqiyah (Eastern)', 'AQ', 1),
(2881, 184, '\'Asir', 'AS', 1),
(2882, 184, 'Ha\'il', 'HL', 1),
(2883, 184, 'Jizan', 'JZ', 1),
(2884, 184, 'Makkah', 'ML', 1),
(2885, 184, 'Najran', 'NR', 1),
(2886, 184, 'Tabuk', 'TB', 1),
(2887, 185, 'Dakar', 'DA', 1),
(2888, 185, 'Diourbel', 'DI', 1),
(2889, 185, 'Fatick', 'FA', 1),
(2890, 185, 'Kaolack', 'KA', 1),
(2891, 185, 'Kolda', 'KO', 1),
(2892, 185, 'Louga', 'LO', 1),
(2893, 185, 'Matam', 'MA', 1),
(2894, 185, 'Saint-Louis', 'SL', 1),
(2895, 185, 'Tambacounda', 'TA', 1),
(2896, 185, 'Thies', 'TH', 1),
(2897, 185, 'Ziguinchor', 'ZI', 1),
(2898, 186, 'Anse aux Pins', 'AP', 1),
(2899, 186, 'Anse Boileau', 'AB', 1),
(2900, 186, 'Anse Etoile', 'AE', 1),
(2901, 186, 'Anse Louis', 'AL', 1),
(2902, 186, 'Anse Royale', 'AR', 1),
(2903, 186, 'Baie Lazare', 'BL', 1),
(2904, 186, 'Baie Sainte Anne', 'BS', 1),
(2905, 186, 'Beau Vallon', 'BV', 1),
(2906, 186, 'Bel Air', 'BA', 1),
(2907, 186, 'Bel Ombre', 'BO', 1),
(2908, 186, 'Cascade', 'CA', 1),
(2909, 186, 'Glacis', 'GL', 1),
(2910, 186, 'Grand\' Anse (on Mahe)', 'GM', 1),
(2911, 186, 'Grand\' Anse (on Praslin)', 'GP', 1),
(2912, 186, 'La Digue', 'DG', 1),
(2913, 186, 'La Riviere Anglaise', 'RA', 1),
(2914, 186, 'Mont Buxton', 'MB', 1),
(2915, 186, 'Mont Fleuri', 'MF', 1),
(2916, 186, 'Plaisance', 'PL', 1),
(2917, 186, 'Pointe La Rue', 'PR', 1),
(2918, 186, 'Port Glaud', 'PG', 1),
(2919, 186, 'Saint Louis', 'SL', 1),
(2920, 186, 'Takamaka', 'TA', 1),
(2921, 187, 'Eastern', 'E', 1),
(2922, 187, 'Northern', 'N', 1),
(2923, 187, 'Southern', 'S', 1),
(2924, 187, 'Western', 'W', 1),
(2925, 189, 'Banskobystrický', 'BA', 1),
(2926, 189, 'Bratislavský', 'BR', 1),
(2927, 189, 'Košický', 'KO', 1),
(2928, 189, 'Nitriansky', 'NI', 1),
(2929, 189, 'Prešovský', 'PR', 1),
(2930, 189, 'Trenčiansky', 'TC', 1),
(2931, 189, 'Trnavský', 'TV', 1),
(2932, 189, 'Žilinský', 'ZI', 1),
(2933, 191, 'Central', 'CE', 1),
(2934, 191, 'Choiseul', 'CH', 1),
(2935, 191, 'Guadalcanal', 'GC', 1),
(2936, 191, 'Honiara', 'HO', 1),
(2937, 191, 'Isabel', 'IS', 1),
(2938, 191, 'Makira', 'MK', 1),
(2939, 191, 'Malaita', 'ML', 1),
(2940, 191, 'Rennell and Bellona', 'RB', 1),
(2941, 191, 'Temotu', 'TM', 1),
(2942, 191, 'Western', 'WE', 1),
(2943, 192, 'Awdal', 'AW', 1),
(2944, 192, 'Bakool', 'BK', 1),
(2945, 192, 'Banaadir', 'BN', 1),
(2946, 192, 'Bari', 'BR', 1),
(2947, 192, 'Bay', 'BY', 1),
(2948, 192, 'Galguduud', 'GA', 1),
(2949, 192, 'Gedo', 'GE', 1),
(2950, 192, 'Hiiraan', 'HI', 1),
(2951, 192, 'Jubbada Dhexe', 'JD', 1),
(2952, 192, 'Jubbada Hoose', 'JH', 1),
(2953, 192, 'Mudug', 'MU', 1),
(2954, 192, 'Nugaal', 'NU', 1),
(2955, 192, 'Sanaag', 'SA', 1),
(2956, 192, 'Shabeellaha Dhexe', 'SD', 1),
(2957, 192, 'Shabeellaha Hoose', 'SH', 1),
(2958, 192, 'Sool', 'SL', 1),
(2959, 192, 'Togdheer', 'TO', 1),
(2960, 192, 'Woqooyi Galbeed', 'WG', 1),
(2961, 193, 'Eastern Cape', 'EC', 1),
(2962, 193, 'Free State', 'FS', 1),
(2963, 193, 'Gauteng', 'GT', 1),
(2964, 193, 'KwaZulu-Natal', 'KN', 1),
(2965, 193, 'Limpopo', 'LP', 1),
(2966, 193, 'Mpumalanga', 'MP', 1),
(2967, 193, 'North West', 'NW', 1),
(2968, 193, 'Northern Cape', 'NC', 1),
(2969, 193, 'Western Cape', 'WC', 1),
(2970, 195, 'La Coru&ntilde;a', 'CA', 1),
(2971, 195, '&Aacute;lava', 'AL', 1),
(2972, 195, 'Albacete', 'AB', 1),
(2973, 195, 'Alicante', 'AC', 1),
(2974, 195, 'Almeria', 'AM', 1),
(2975, 195, 'Asturias', 'AS', 1),
(2976, 195, '&Aacute;vila', 'AV', 1),
(2977, 195, 'Badajoz', 'BJ', 1),
(2978, 195, 'Baleares', 'IB', 1),
(2979, 195, 'Barcelona', 'BA', 1),
(2980, 195, 'Burgos', 'BU', 1),
(2981, 195, 'C&aacute;ceres', 'CC', 1),
(2982, 195, 'C&aacute;diz', 'CZ', 1),
(2983, 195, 'Cantabria', 'CT', 1),
(2984, 195, 'Castell&oacute;n', 'CL', 1),
(2985, 195, 'Ceuta', 'CE', 1),
(2986, 195, 'Ciudad Real', 'CR', 1),
(2987, 195, 'C&oacute;rdoba', 'CD', 1),
(2988, 195, 'Cuenca', 'CU', 1),
(2989, 195, 'Girona', 'GI', 1),
(2990, 195, 'Granada', 'GD', 1),
(2991, 195, 'Guadalajara', 'GJ', 1),
(2992, 195, 'Guip&uacute;zcoa', 'GP', 1),
(2993, 195, 'Huelva', 'HL', 1),
(2994, 195, 'Huesca', 'HS', 1),
(2995, 195, 'Ja&eacute;n', 'JN', 1),
(2996, 195, 'La Rioja', 'RJ', 1),
(2997, 195, 'Las Palmas', 'PM', 1),
(2998, 195, 'Leon', 'LE', 1),
(2999, 195, 'Lleida', 'LL', 1),
(3000, 195, 'Lugo', 'LG', 1),
(3001, 195, 'Madrid', 'MD', 1),
(3002, 195, 'Malaga', 'MA', 1),
(3003, 195, 'Melilla', 'ML', 1),
(3004, 195, 'Murcia', 'MU', 1),
(3005, 195, 'Navarra', 'NV', 1),
(3006, 195, 'Ourense', 'OU', 1),
(3007, 195, 'Palencia', 'PL', 1),
(3008, 195, 'Pontevedra', 'PO', 1),
(3009, 195, 'Salamanca', 'SL', 1),
(3010, 195, 'Santa Cruz de Tenerife', 'SC', 1),
(3011, 195, 'Segovia', 'SG', 1),
(3012, 195, 'Sevilla', 'SV', 1),
(3013, 195, 'Soria', 'SO', 1),
(3014, 195, 'Tarragona', 'TA', 1),
(3015, 195, 'Teruel', 'TE', 1),
(3016, 195, 'Toledo', 'TO', 1),
(3017, 195, 'Valencia', 'VC', 1),
(3018, 195, 'Valladolid', 'VD', 1),
(3019, 195, 'Vizcaya', 'VZ', 1),
(3020, 195, 'Zamora', 'ZM', 1),
(3021, 195, 'Zaragoza', 'ZR', 1),
(3022, 196, 'Central', 'CE', 1),
(3023, 196, 'Eastern', 'EA', 1),
(3024, 196, 'North Central', 'NC', 1),
(3025, 196, 'Northern', 'NO', 1),
(3026, 196, 'North Western', 'NW', 1),
(3027, 196, 'Sabaragamuwa', 'SA', 1),
(3028, 196, 'Southern', 'SO', 1),
(3029, 196, 'Uva', 'UV', 1),
(3030, 196, 'Western', 'WE', 1),
(3032, 197, 'Saint Helena', 'S', 1),
(3034, 199, 'A\'ali an Nil', 'ANL', 1),
(3035, 199, 'Al Bahr al Ahmar', 'BAM', 1),
(3036, 199, 'Al Buhayrat', 'BRT', 1),
(3037, 199, 'Al Jazirah', 'JZR', 1),
(3038, 199, 'Al Khartum', 'KRT', 1),
(3039, 199, 'Al Qadarif', 'QDR', 1),
(3040, 199, 'Al Wahdah', 'WDH', 1),
(3041, 199, 'An Nil al Abyad', 'ANB', 1),
(3042, 199, 'An Nil al Azraq', 'ANZ', 1),
(3043, 199, 'Ash Shamaliyah', 'ASH', 1),
(3044, 199, 'Bahr al Jabal', 'BJA', 1),
(3045, 199, 'Gharb al Istiwa\'iyah', 'GIS', 1),
(3046, 199, 'Gharb Bahr al Ghazal', 'GBG', 1),
(3047, 199, 'Gharb Darfur', 'GDA', 1),
(3048, 199, 'Gharb Kurdufan', 'GKU', 1),
(3049, 199, 'Janub Darfur', 'JDA', 1),
(3050, 199, 'Janub Kurdufan', 'JKU', 1),
(3051, 199, 'Junqali', 'JQL', 1),
(3052, 199, 'Kassala', 'KSL', 1),
(3053, 199, 'Nahr an Nil', 'NNL', 1),
(3054, 199, 'Shamal Bahr al Ghazal', 'SBG', 1),
(3055, 199, 'Shamal Darfur', 'SDA', 1),
(3056, 199, 'Shamal Kurdufan', 'SKU', 1),
(3057, 199, 'Sharq al Istiwa\'iyah', 'SIS', 1),
(3058, 199, 'Sinnar', 'SNR', 1),
(3059, 199, 'Warab', 'WRB', 1),
(3060, 200, 'Brokopondo', 'BR', 1),
(3061, 200, 'Commewijne', 'CM', 1),
(3062, 200, 'Coronie', 'CR', 1),
(3063, 200, 'Marowijne', 'MA', 1),
(3064, 200, 'Nickerie', 'NI', 1),
(3065, 200, 'Para', 'PA', 1),
(3066, 200, 'Paramaribo', 'PM', 1),
(3067, 200, 'Saramacca', 'SA', 1),
(3068, 200, 'Sipaliwini', 'SI', 1),
(3069, 200, 'Wanica', 'WA', 1),
(3070, 202, 'Hhohho', 'H', 1),
(3071, 202, 'Lubombo', 'L', 1),
(3072, 202, 'Manzini', 'M', 1),
(3073, 202, 'Shishelweni', 'S', 1),
(3074, 203, 'Blekinge', 'K', 1),
(3075, 203, 'Dalarna', 'W', 1),
(3076, 203, 'G&auml;vleborg', 'X', 1),
(3077, 203, 'Gotland', 'I', 1),
(3078, 203, 'Halland', 'N', 1),
(3079, 203, 'J&auml;mtland', 'Z', 1),
(3080, 203, 'J&ouml;nk&ouml;ping', 'F', 1),
(3081, 203, 'Kalmar', 'H', 1),
(3082, 203, 'Kronoberg', 'G', 1),
(3083, 203, 'Norrbotten', 'BD', 1),
(3084, 203, '&Ouml;rebro', 'T', 1),
(3085, 203, '&Ouml;sterg&ouml;tland', 'E', 1),
(3086, 203, 'Sk&aring;ne', 'M', 1),
(3087, 203, 'S&ouml;dermanland', 'D', 1),
(3088, 203, 'Stockholm', 'AB', 1),
(3089, 203, 'Uppsala', 'C', 1),
(3090, 203, 'V&auml;rmland', 'S', 1),
(3091, 203, 'V&auml;sterbotten', 'AC', 1),
(3092, 203, 'V&auml;sternorrland', 'Y', 1),
(3093, 203, 'V&auml;stmanland', 'U', 1),
(3094, 203, 'V&auml;stra G&ouml;taland', 'O', 1),
(3095, 204, 'Aargau', 'AG', 1),
(3096, 204, 'Appenzell Ausserrhoden', 'AR', 1),
(3097, 204, 'Appenzell Innerrhoden', 'AI', 1),
(3098, 204, 'Basel-Stadt', 'BS', 1),
(3099, 204, 'Basel-Landschaft', 'BL', 1),
(3100, 204, 'Bern', 'BE', 1),
(3101, 204, 'Fribourg', 'FR', 1),
(3102, 204, 'Gen&egrave;ve', 'GE', 1),
(3103, 204, 'Glarus', 'GL', 1),
(3104, 204, 'Graub&uuml;nden', 'GR', 1),
(3105, 204, 'Jura', 'JU', 1),
(3106, 204, 'Luzern', 'LU', 1),
(3107, 204, 'Neuch&acirc;tel', 'NE', 1),
(3108, 204, 'Nidwald', 'NW', 1),
(3109, 204, 'Obwald', 'OW', 1),
(3110, 204, 'St. Gallen', 'SG', 1),
(3111, 204, 'Schaffhausen', 'SH', 1),
(3112, 204, 'Schwyz', 'SZ', 1),
(3113, 204, 'Solothurn', 'SO', 1),
(3114, 204, 'Thurgau', 'TG', 1),
(3115, 204, 'Ticino', 'TI', 1),
(3116, 204, 'Uri', 'UR', 1),
(3117, 204, 'Valais', 'VS', 1),
(3118, 204, 'Vaud', 'VD', 1),
(3119, 204, 'Zug', 'ZG', 1),
(3120, 204, 'Z&uuml;rich', 'ZH', 1),
(3121, 205, 'Al Hasakah', 'HA', 1),
(3122, 205, 'Al Ladhiqiyah', 'LA', 1),
(3123, 205, 'Al Qunaytirah', 'QU', 1),
(3124, 205, 'Ar Raqqah', 'RQ', 1),
(3125, 205, 'As Suwayda', 'SU', 1),
(3126, 205, 'Dara', 'DA', 1),
(3127, 205, 'Dayr az Zawr', 'DZ', 1),
(3128, 205, 'Dimashq', 'DI', 1),
(3129, 205, 'Halab', 'HL', 1),
(3130, 205, 'Hamah', 'HM', 1),
(3131, 205, 'Hims', 'HI', 1);
INSERT INTO `com_state` (`state_id`, `country_id`, `state_name`, `state_code`, `state_status`) VALUES
(3132, 205, 'Idlib', 'ID', 1),
(3133, 205, 'Rif Dimashq', 'RD', 1),
(3134, 205, 'Tartus', 'TA', 1),
(3135, 206, 'Chang-hua', 'CH', 1),
(3136, 206, 'Chia-i', 'CI', 1),
(3137, 206, 'Hsin-chu', 'HS', 1),
(3138, 206, 'Hua-lien', 'HL', 1),
(3139, 206, 'I-lan', 'IL', 1),
(3140, 206, 'Kao-hsiung county', 'KH', 1),
(3141, 206, 'Kin-men', 'KM', 1),
(3142, 206, 'Lien-chiang', 'LC', 1),
(3143, 206, 'Miao-li', 'ML', 1),
(3144, 206, 'Nan-t\'ou', 'NT', 1),
(3145, 206, 'P\'eng-hu', 'PH', 1),
(3146, 206, 'P\'ing-tung', 'PT', 1),
(3147, 206, 'T\'ai-chung', 'TG', 1),
(3148, 206, 'T\'ai-nan', 'TA', 1),
(3149, 206, 'T\'ai-pei county', 'TP', 1),
(3150, 206, 'T\'ai-tung', 'TT', 1),
(3151, 206, 'T\'ao-yuan', 'TY', 1),
(3152, 206, 'Yun-lin', 'YL', 1),
(3153, 206, 'Chia-i city', 'CC', 1),
(3154, 206, 'Chi-lung', 'CL', 1),
(3155, 206, 'Hsin-chu', 'HC', 1),
(3156, 206, 'T\'ai-chung', 'TH', 1),
(3157, 206, 'T\'ai-nan', 'TN', 1),
(3158, 206, 'Kao-hsiung city', 'KC', 1),
(3159, 206, 'T\'ai-pei city', 'TC', 1),
(3160, 207, 'Gorno-Badakhstan', 'GB', 1),
(3161, 207, 'Khatlon', 'KT', 1),
(3162, 207, 'Sughd', 'SU', 1),
(3163, 208, 'Arusha', 'AR', 1),
(3164, 208, 'Dar es Salaam', 'DS', 1),
(3165, 208, 'Dodoma', 'DO', 1),
(3166, 208, 'Iringa', 'IR', 1),
(3167, 208, 'Kagera', 'KA', 1),
(3168, 208, 'Kigoma', 'KI', 1),
(3169, 208, 'Kilimanjaro', 'KJ', 1),
(3170, 208, 'Lindi', 'LN', 1),
(3171, 208, 'Manyara', 'MY', 1),
(3172, 208, 'Mara', 'MR', 1),
(3173, 208, 'Mbeya', 'MB', 1),
(3174, 208, 'Morogoro', 'MO', 1),
(3175, 208, 'Mtwara', 'MT', 1),
(3176, 208, 'Mwanza', 'MW', 1),
(3177, 208, 'Pemba North', 'PN', 1),
(3178, 208, 'Pemba South', 'PS', 1),
(3179, 208, 'Pwani', 'PW', 1),
(3180, 208, 'Rukwa', 'RK', 1),
(3181, 208, 'Ruvuma', 'RV', 1),
(3182, 208, 'Shinyanga', 'SH', 1),
(3183, 208, 'Singida', 'SI', 1),
(3184, 208, 'Tabora', 'TB', 1),
(3185, 208, 'Tanga', 'TN', 1),
(3186, 208, 'Zanzibar Central/South', 'ZC', 1),
(3187, 208, 'Zanzibar North', 'ZN', 1),
(3188, 208, 'Zanzibar Urban/West', 'ZU', 1),
(3189, 209, 'Amnat Charoen', 'Amnat Charoen', 1),
(3190, 209, 'Ang Thong', 'Ang Thong', 1),
(3191, 209, 'Ayutthaya', 'Ayutthaya', 1),
(3192, 209, 'Bangkok', 'Bangkok', 1),
(3193, 209, 'Buriram', 'Buriram', 1),
(3194, 209, 'Chachoengsao', 'Chachoengsao', 1),
(3195, 209, 'Chai Nat', 'Chai Nat', 1),
(3196, 209, 'Chaiyaphum', 'Chaiyaphum', 1),
(3197, 209, 'Chanthaburi', 'Chanthaburi', 1),
(3198, 209, 'Chiang Mai', 'Chiang Mai', 1),
(3199, 209, 'Chiang Rai', 'Chiang Rai', 1),
(3200, 209, 'Chon Buri', 'Chon Buri', 1),
(3201, 209, 'Chumphon', 'Chumphon', 1),
(3202, 209, 'Kalasin', 'Kalasin', 1),
(3203, 209, 'Kamphaeng Phet', 'Kamphaeng Phet', 1),
(3204, 209, 'Kanchanaburi', 'Kanchanaburi', 1),
(3205, 209, 'Khon Kaen', 'Khon Kaen', 1),
(3206, 209, 'Krabi', 'Krabi', 1),
(3207, 209, 'Lampang', 'Lampang', 1),
(3208, 209, 'Lamphun', 'Lamphun', 1),
(3209, 209, 'Loei', 'Loei', 1),
(3210, 209, 'Lop Buri', 'Lop Buri', 1),
(3211, 209, 'Mae Hong Son', 'Mae Hong Son', 1),
(3212, 209, 'Maha Sarakham', 'Maha Sarakham', 1),
(3213, 209, 'Mukdahan', 'Mukdahan', 1),
(3214, 209, 'Nakhon Nayok', 'Nakhon Nayok', 1),
(3215, 209, 'Nakhon Pathom', 'Nakhon Pathom', 1),
(3216, 209, 'Nakhon Phanom', 'Nakhon Phanom', 1),
(3217, 209, 'Nakhon Ratchasima', 'Nakhon Ratchasima', 1),
(3218, 209, 'Nakhon Sawan', 'Nakhon Sawan', 1),
(3219, 209, 'Nakhon Si Thammarat', 'Nakhon Si Thammarat', 1),
(3220, 209, 'Nan', 'Nan', 1),
(3221, 209, 'Narathiwat', 'Narathiwat', 1),
(3222, 209, 'Nong Bua Lamphu', 'Nong Bua Lamphu', 1),
(3223, 209, 'Nong Khai', 'Nong Khai', 1),
(3224, 209, 'Nonthaburi', 'Nonthaburi', 1),
(3225, 209, 'Pathum Thani', 'Pathum Thani', 1),
(3226, 209, 'Pattani', 'Pattani', 1),
(3227, 209, 'Phangnga', 'Phangnga', 1),
(3228, 209, 'Phatthalung', 'Phatthalung', 1),
(3229, 209, 'Phayao', 'Phayao', 1),
(3230, 209, 'Phetchabun', 'Phetchabun', 1),
(3231, 209, 'Phetchaburi', 'Phetchaburi', 1),
(3232, 209, 'Phichit', 'Phichit', 1),
(3233, 209, 'Phitsanulok', 'Phitsanulok', 1),
(3234, 209, 'Phrae', 'Phrae', 1),
(3235, 209, 'Phuket', 'Phuket', 1),
(3236, 209, 'Prachin Buri', 'Prachin Buri', 1),
(3237, 209, 'Prachuap Khiri Khan', 'Prachuap Khiri Khan', 1),
(3238, 209, 'Ranong', 'Ranong', 1),
(3239, 209, 'Ratchaburi', 'Ratchaburi', 1),
(3240, 209, 'Rayong', 'Rayong', 1),
(3241, 209, 'Roi Et', 'Roi Et', 1),
(3242, 209, 'Sa Kaeo', 'Sa Kaeo', 1),
(3243, 209, 'Sakon Nakhon', 'Sakon Nakhon', 1),
(3244, 209, 'Samut Prakan', 'Samut Prakan', 1),
(3245, 209, 'Samut Sakhon', 'Samut Sakhon', 1),
(3246, 209, 'Samut Songkhram', 'Samut Songkhram', 1),
(3247, 209, 'Sara Buri', 'Sara Buri', 1),
(3248, 209, 'Satun', 'Satun', 1),
(3249, 209, 'Sing Buri', 'Sing Buri', 1),
(3250, 209, 'Sisaket', 'Sisaket', 1),
(3251, 209, 'Songkhla', 'Songkhla', 1),
(3252, 209, 'Sukhothai', 'Sukhothai', 1),
(3253, 209, 'Suphan Buri', 'Suphan Buri', 1),
(3254, 209, 'Surat Thani', 'Surat Thani', 1),
(3255, 209, 'Surin', 'Surin', 1),
(3256, 209, 'Tak', 'Tak', 1),
(3257, 209, 'Trang', 'Trang', 1),
(3258, 209, 'Trat', 'Trat', 1),
(3259, 209, 'Ubon Ratchathani', 'Ubon Ratchathani', 1),
(3260, 209, 'Udon Thani', 'Udon Thani', 1),
(3261, 209, 'Uthai Thani', 'Uthai Thani', 1),
(3262, 209, 'Uttaradit', 'Uttaradit', 1),
(3263, 209, 'Yala', 'Yala', 1),
(3264, 209, 'Yasothon', 'Yasothon', 1),
(3265, 210, 'Kara', 'K', 1),
(3266, 210, 'Plateaux', 'P', 1),
(3267, 210, 'Savanes', 'S', 1),
(3268, 210, 'Centrale', 'C', 1),
(3269, 210, 'Maritime', 'M', 1),
(3270, 211, 'Atafu', 'A', 1),
(3271, 211, 'Fakaofo', 'F', 1),
(3272, 211, 'Nukunonu', 'N', 1),
(3273, 212, 'Ha\'apai', 'H', 1),
(3274, 212, 'Tongatapu', 'T', 1),
(3275, 212, 'Vava\'u', 'V', 1),
(3276, 213, 'Couva/Tabaquite/Talparo', 'CT', 1),
(3277, 213, 'Diego Martin', 'DM', 1),
(3278, 213, 'Mayaro/Rio Claro', 'MR', 1),
(3279, 213, 'Penal/Debe', 'PD', 1),
(3280, 213, 'Princes Town', 'PT', 1),
(3281, 213, 'Sangre Grande', 'SG', 1),
(3282, 213, 'San Juan/Laventille', 'SL', 1),
(3283, 213, 'Siparia', 'SI', 1),
(3284, 213, 'Tunapuna/Piarco', 'TP', 1),
(3285, 213, 'Port of Spain', 'PS', 1),
(3286, 213, 'San Fernando', 'SF', 1),
(3287, 213, 'Arima', 'AR', 1),
(3288, 213, 'Point Fortin', 'PF', 1),
(3289, 213, 'Chaguanas', 'CH', 1),
(3290, 213, 'Tobago', 'TO', 1),
(3291, 214, 'Ariana', 'AR', 1),
(3292, 214, 'Beja', 'BJ', 1),
(3293, 214, 'Ben Arous', 'BA', 1),
(3294, 214, 'Bizerte', 'BI', 1),
(3295, 214, 'Gabes', 'GB', 1),
(3296, 214, 'Gafsa', 'GF', 1),
(3297, 214, 'Jendouba', 'JE', 1),
(3298, 214, 'Kairouan', 'KR', 1),
(3299, 214, 'Kasserine', 'KS', 1),
(3300, 214, 'Kebili', 'KB', 1),
(3301, 214, 'Kef', 'KF', 1),
(3302, 214, 'Mahdia', 'MH', 1),
(3303, 214, 'Manouba', 'MN', 1),
(3304, 214, 'Medenine', 'ME', 1),
(3305, 214, 'Monastir', 'MO', 1),
(3306, 214, 'Nabeul', 'NA', 1),
(3307, 214, 'Sfax', 'SF', 1),
(3308, 214, 'Sidi', 'SD', 1),
(3309, 214, 'Siliana', 'SL', 1),
(3310, 214, 'Sousse', 'SO', 1),
(3311, 214, 'Tataouine', 'TA', 1),
(3312, 214, 'Tozeur', 'TO', 1),
(3313, 214, 'Tunis', 'TU', 1),
(3314, 214, 'Zaghouan', 'ZA', 1),
(3315, 215, 'Adana', 'ADA', 1),
(3316, 215, 'Adıyaman', 'ADI', 1),
(3317, 215, 'Afyonkarahisar', 'AFY', 1),
(3318, 215, 'Ağrı', 'AGR', 1),
(3319, 215, 'Aksaray', 'AKS', 1),
(3320, 215, 'Amasya', 'AMA', 1),
(3321, 215, 'Ankara', 'ANK', 1),
(3322, 215, 'Antalya', 'ANT', 1),
(3323, 215, 'Ardahan', 'ARD', 1),
(3324, 215, 'Artvin', 'ART', 1),
(3325, 215, 'Aydın', 'AYI', 1),
(3326, 215, 'Balıkesir', 'BAL', 1),
(3327, 215, 'Bartın', 'BAR', 1),
(3328, 215, 'Batman', 'BAT', 1),
(3329, 215, 'Bayburt', 'BAY', 1),
(3330, 215, 'Bilecik', 'BIL', 1),
(3331, 215, 'Bingöl', 'BIN', 1),
(3332, 215, 'Bitlis', 'BIT', 1),
(3333, 215, 'Bolu', 'BOL', 1),
(3334, 215, 'Burdur', 'BRD', 1),
(3335, 215, 'Bursa', 'BRS', 1),
(3336, 215, 'Çanakkale', 'CKL', 1),
(3337, 215, 'Çankırı', 'CKR', 1),
(3338, 215, 'Çorum', 'COR', 1),
(3339, 215, 'Denizli', 'DEN', 1),
(3340, 215, 'Diyarbakır', 'DIY', 1),
(3341, 215, 'Düzce', 'DUZ', 1),
(3342, 215, 'Edirne', 'EDI', 1),
(3343, 215, 'Elazığ', 'ELA', 1),
(3344, 215, 'Erzincan', 'EZC', 1),
(3345, 215, 'Erzurum', 'EZR', 1),
(3346, 215, 'Eskişehir', 'ESK', 1),
(3347, 215, 'Gaziantep', 'GAZ', 1),
(3348, 215, 'Giresun', 'GIR', 1),
(3349, 215, 'Gümüşhane', 'GMS', 1),
(3350, 215, 'Hakkari', 'HKR', 1),
(3351, 215, 'Hatay', 'HTY', 1),
(3352, 215, 'Iğdır', 'IGD', 1),
(3353, 215, 'Isparta', 'ISP', 1),
(3354, 215, 'İstanbul', 'IST', 1),
(3355, 215, 'İzmir', 'IZM', 1),
(3356, 215, 'Kahramanmaraş', 'KAH', 1),
(3357, 215, 'Karabük', 'KRB', 1),
(3358, 215, 'Karaman', 'KRM', 1),
(3359, 215, 'Kars', 'KRS', 1),
(3360, 215, 'Kastamonu', 'KAS', 1),
(3361, 215, 'Kayseri', 'KAY', 1),
(3362, 215, 'Kilis', 'KLS', 1),
(3363, 215, 'Kırıkkale', 'KRK', 1),
(3364, 215, 'Kırklareli', 'KLR', 1),
(3365, 215, 'Kırşehir', 'KRH', 1),
(3366, 215, 'Kocaeli', 'KOC', 1),
(3367, 215, 'Konya', 'KON', 1),
(3368, 215, 'Kütahya', 'KUT', 1),
(3369, 215, 'Malatya', 'MAL', 1),
(3370, 215, 'Manisa', 'MAN', 1),
(3371, 215, 'Mardin', 'MAR', 1),
(3372, 215, 'Mersin', 'MER', 1),
(3373, 215, 'Muğla', 'MUG', 1),
(3374, 215, 'Muş', 'MUS', 1),
(3375, 215, 'Nevşehir', 'NEV', 1),
(3376, 215, 'Niğde', 'NIG', 1),
(3377, 215, 'Ordu', 'ORD', 1),
(3378, 215, 'Osmaniye', 'OSM', 1),
(3379, 215, 'Rize', 'RIZ', 1),
(3380, 215, 'Sakarya', 'SAK', 1),
(3381, 215, 'Samsun', 'SAM', 1),
(3382, 215, 'Şanlıurfa', 'SAN', 1),
(3383, 215, 'Siirt', 'SII', 1),
(3384, 215, 'Sinop', 'SIN', 1),
(3385, 215, 'Şırnak', 'SIR', 1),
(3386, 215, 'Sivas', 'SIV', 1),
(3387, 215, 'Tekirdağ', 'TEL', 1),
(3388, 215, 'Tokat', 'TOK', 1),
(3389, 215, 'Trabzon', 'TRA', 1),
(3390, 215, 'Tunceli', 'TUN', 1),
(3391, 215, 'Uşak', 'USK', 1),
(3392, 215, 'Van', 'VAN', 1),
(3393, 215, 'Yalova', 'YAL', 1),
(3394, 215, 'Yozgat', 'YOZ', 1),
(3395, 215, 'Zonguldak', 'ZON', 1),
(3396, 216, 'Ahal Welayaty', 'A', 1),
(3397, 216, 'Balkan Welayaty', 'B', 1),
(3398, 216, 'Dashhowuz Welayaty', 'D', 1),
(3399, 216, 'Lebap Welayaty', 'L', 1),
(3400, 216, 'Mary Welayaty', 'M', 1),
(3401, 217, 'Ambergris Cays', 'AC', 1),
(3402, 217, 'Dellis Cay', 'DC', 1),
(3403, 217, 'French Cay', 'FC', 1),
(3404, 217, 'Little Water Cay', 'LW', 1),
(3405, 217, 'Parrot Cay', 'RC', 1),
(3406, 217, 'Pine Cay', 'PN', 1),
(3407, 217, 'Salt Cay', 'SL', 1),
(3408, 217, 'Grand Turk', 'GT', 1),
(3409, 217, 'South Caicos', 'SC', 1),
(3410, 217, 'East Caicos', 'EC', 1),
(3411, 217, 'Middle Caicos', 'MC', 1),
(3412, 217, 'North Caicos', 'NC', 1),
(3413, 217, 'Providenciales', 'PR', 1),
(3414, 217, 'West Caicos', 'WC', 1),
(3415, 218, 'Nanumanga', 'NMG', 1),
(3416, 218, 'Niulakita', 'NLK', 1),
(3417, 218, 'Niutao', 'NTO', 1),
(3418, 218, 'Funafuti', 'FUN', 1),
(3419, 218, 'Nanumea', 'NME', 1),
(3420, 218, 'Nui', 'NUI', 1),
(3421, 218, 'Nukufetau', 'NFT', 1),
(3422, 218, 'Nukulaelae', 'NLL', 1),
(3423, 218, 'Vaitupu', 'VAI', 1),
(3424, 219, 'Kalangala', 'KAL', 1),
(3425, 219, 'Kampala', 'KMP', 1),
(3426, 219, 'Kayunga', 'KAY', 1),
(3427, 219, 'Kiboga', 'KIB', 1),
(3428, 219, 'Luwero', 'LUW', 1),
(3429, 219, 'Masaka', 'MAS', 1),
(3430, 219, 'Mpigi', 'MPI', 1),
(3431, 219, 'Mubende', 'MUB', 1),
(3432, 219, 'Mukono', 'MUK', 1),
(3433, 219, 'Nakasongola', 'NKS', 1),
(3434, 219, 'Rakai', 'RAK', 1),
(3435, 219, 'Sembabule', 'SEM', 1),
(3436, 219, 'Wakiso', 'WAK', 1),
(3437, 219, 'Bugiri', 'BUG', 1),
(3438, 219, 'Busia', 'BUS', 1),
(3439, 219, 'Iganga', 'IGA', 1),
(3440, 219, 'Jinja', 'JIN', 1),
(3441, 219, 'Kaberamaido', 'KAB', 1),
(3442, 219, 'Kamuli', 'KML', 1),
(3443, 219, 'Kapchorwa', 'KPC', 1),
(3444, 219, 'Katakwi', 'KTK', 1),
(3445, 219, 'Kumi', 'KUM', 1),
(3446, 219, 'Mayuge', 'MAY', 1),
(3447, 219, 'Mbale', 'MBA', 1),
(3448, 219, 'Pallisa', 'PAL', 1),
(3449, 219, 'Sironko', 'SIR', 1),
(3450, 219, 'Soroti', 'SOR', 1),
(3451, 219, 'Tororo', 'TOR', 1),
(3452, 219, 'Adjumani', 'ADJ', 1),
(3453, 219, 'Apac', 'APC', 1),
(3454, 219, 'Arua', 'ARU', 1),
(3455, 219, 'Gulu', 'GUL', 1),
(3456, 219, 'Kitgum', 'KIT', 1),
(3457, 219, 'Kotido', 'KOT', 1),
(3458, 219, 'Lira', 'LIR', 1),
(3459, 219, 'Moroto', 'MRT', 1),
(3460, 219, 'Moyo', 'MOY', 1),
(3461, 219, 'Nakapiripirit', 'NAK', 1),
(3462, 219, 'Nebbi', 'NEB', 1),
(3463, 219, 'Pader', 'PAD', 1),
(3464, 219, 'Yumbe', 'YUM', 1),
(3465, 219, 'Bundibugyo', 'BUN', 1),
(3466, 219, 'Bushenyi', 'BSH', 1),
(3467, 219, 'Hoima', 'HOI', 1),
(3468, 219, 'Kabale', 'KBL', 1),
(3469, 219, 'Kabarole', 'KAR', 1),
(3470, 219, 'Kamwenge', 'KAM', 1),
(3471, 219, 'Kanungu', 'KAN', 1),
(3472, 219, 'Kasese', 'KAS', 1),
(3473, 219, 'Kibaale', 'KBA', 1),
(3474, 219, 'Kisoro', 'KIS', 1),
(3475, 219, 'Kyenjojo', 'KYE', 1),
(3476, 219, 'Masindi', 'MSN', 1),
(3477, 219, 'Mbarara', 'MBR', 1),
(3478, 219, 'Ntungamo', 'NTU', 1),
(3479, 219, 'Rukungiri', 'RUK', 1),
(3480, 220, 'Cherkas\'ka Oblast\'', '71', 1),
(3481, 220, 'Chernihivs\'ka Oblast\'', '74', 1),
(3482, 220, 'Chernivets\'ka Oblast\'', '77', 1),
(3483, 220, 'Crimea', '43', 1),
(3484, 220, 'Dnipropetrovs\'ka Oblast\'', '12', 1),
(3485, 220, 'Donets\'ka Oblast\'', '14', 1),
(3486, 220, 'Ivano-Frankivs\'ka Oblast\'', '26', 1),
(3487, 220, 'Khersons\'ka Oblast\'', '65', 1),
(3488, 220, 'Khmel\'nyts\'ka Oblast\'', '68', 1),
(3489, 220, 'Kirovohrads\'ka Oblast\'', '35', 1),
(3490, 220, 'Kyiv', '30', 1),
(3491, 220, 'Kyivs\'ka Oblast\'', '32', 1),
(3492, 220, 'Luhans\'ka Oblast\'', '09', 1),
(3493, 220, 'L\'vivs\'ka Oblast\'', '46', 1),
(3494, 220, 'Mykolayivs\'ka Oblast\'', '48', 1),
(3495, 220, 'Odes\'ka Oblast\'', '51', 1),
(3496, 220, 'Poltavs\'ka Oblast\'', '53', 1),
(3497, 220, 'Rivnens\'ka Oblast\'', '56', 1),
(3498, 220, 'Sevastopol\'', '40', 1),
(3499, 220, 'Sums\'ka Oblast\'', '59', 1),
(3500, 220, 'Ternopil\'s\'ka Oblast\'', '61', 1),
(3501, 220, 'Vinnyts\'ka Oblast\'', '05', 1),
(3502, 220, 'Volyns\'ka Oblast\'', '07', 1),
(3503, 220, 'Zakarpats\'ka Oblast\'', '21', 1),
(3504, 220, 'Zaporiz\'ka Oblast\'', '23', 1),
(3505, 220, 'Zhytomyrs\'ka oblast\'', '18', 1),
(3506, 221, 'Abu Zaby', 'AZ', 1),
(3507, 221, '\'Ajman', 'AJ', 1),
(3508, 221, 'Al Fujayrah', 'FU', 1),
(3509, 221, 'Ash Shariqah', 'SH', 1),
(3510, 221, 'Dubayy', 'DU', 1),
(3511, 221, 'R\'as al Khaymah', 'RK', 1),
(3512, 221, 'Umm al Qaywayn', 'UQ', 1),
(3513, 222, 'Aberdeen', 'ABN', 1),
(3514, 222, 'Aberdeenshire', 'ABNS', 1),
(3515, 222, 'Anglesey', 'ANG', 1),
(3516, 222, 'Angus', 'AGS', 1),
(3517, 222, 'Argyll and Bute', 'ARY', 1),
(3518, 222, 'Bedfordshire', 'BEDS', 1),
(3519, 222, 'Berkshire', 'BERKS', 1),
(3520, 222, 'Blaenau Gwent', 'BLA', 1),
(3521, 222, 'Bridgend', 'BRI', 1),
(3522, 222, 'Bristol', 'BSTL', 1),
(3523, 222, 'Buckinghamshire', 'BUCKS', 1),
(3524, 222, 'Caerphilly', 'CAE', 1),
(3525, 222, 'Cambridgeshire', 'CAMBS', 1),
(3526, 222, 'Cardiff', 'CDF', 1),
(3527, 222, 'Carmarthenshire', 'CARM', 1),
(3528, 222, 'Ceredigion', 'CDGN', 1),
(3529, 222, 'Cheshire', 'CHES', 1),
(3530, 222, 'Clackmannanshire', 'CLACK', 1),
(3531, 222, 'Conwy', 'CON', 1),
(3532, 222, 'Cornwall', 'CORN', 1),
(3533, 222, 'Denbighshire', 'DNBG', 1),
(3534, 222, 'Derbyshire', 'DERBY', 1),
(3535, 222, 'Devon', 'DVN', 1),
(3536, 222, 'Dorset', 'DOR', 1),
(3537, 222, 'Dumfries and Galloway', 'DGL', 1),
(3538, 222, 'Dundee', 'DUND', 1),
(3539, 222, 'Durham', 'DHM', 1),
(3540, 222, 'East Ayrshire', 'ARYE', 1),
(3541, 222, 'East Dunbartonshire', 'DUNBE', 1),
(3542, 222, 'East Lothian', 'LOTE', 1),
(3543, 222, 'East Renfrewshire', 'RENE', 1),
(3544, 222, 'East Riding of Yorkshire', 'ERYS', 1),
(3545, 222, 'East Sussex', 'SXE', 1),
(3546, 222, 'Edinburgh', 'EDIN', 1),
(3547, 222, 'Essex', 'ESX', 1),
(3548, 222, 'Falkirk', 'FALK', 1),
(3549, 222, 'Fife', 'FFE', 1),
(3550, 222, 'Flintshire', 'FLINT', 1),
(3551, 222, 'Glasgow', 'GLAS', 1),
(3552, 222, 'Gloucestershire', 'GLOS', 1),
(3553, 222, 'Greater London', 'LDN', 1),
(3554, 222, 'Greater Manchester', 'MCH', 1),
(3555, 222, 'Gwynedd', 'GDD', 1),
(3556, 222, 'Hampshire', 'HANTS', 1),
(3557, 222, 'Herefordshire', 'HWR', 1),
(3558, 222, 'Hertfordshire', 'HERTS', 1),
(3559, 222, 'Highlands', 'HLD', 1),
(3560, 222, 'Inverclyde', 'IVER', 1),
(3561, 222, 'Isle of Wight', 'IOW', 1),
(3562, 222, 'Kent', 'KNT', 1),
(3563, 222, 'Lancashire', 'LANCS', 1),
(3564, 222, 'Leicestershire', 'LEICS', 1),
(3565, 222, 'Lincolnshire', 'LINCS', 1),
(3566, 222, 'Merseyside', 'MSY', 1),
(3567, 222, 'Merthyr Tydfil', 'MERT', 1),
(3568, 222, 'Midlothian', 'MLOT', 1),
(3569, 222, 'Monmouthshire', 'MMOUTH', 1),
(3570, 222, 'Moray', 'MORAY', 1),
(3571, 222, 'Neath Port Talbot', 'NPRTAL', 1),
(3572, 222, 'Newport', 'NEWPT', 1),
(3573, 222, 'Norfolk', 'NOR', 1),
(3574, 222, 'North Ayrshire', 'ARYN', 1),
(3575, 222, 'North Lanarkshire', 'LANN', 1),
(3576, 222, 'North Yorkshire', 'YSN', 1),
(3577, 222, 'Northamptonshire', 'NHM', 1),
(3578, 222, 'Northumberland', 'NLD', 1),
(3579, 222, 'Nottinghamshire', 'NOT', 1),
(3580, 222, 'Orkney Islands', 'ORK', 1),
(3581, 222, 'Oxfordshire', 'OFE', 1),
(3582, 222, 'Pembrokeshire', 'PEM', 1),
(3583, 222, 'Perth and Kinross', 'PERTH', 1),
(3584, 222, 'Powys', 'PWS', 1),
(3585, 222, 'Renfrewshire', 'REN', 1),
(3586, 222, 'Rhondda Cynon Taff', 'RHON', 1),
(3587, 222, 'Rutland', 'RUT', 1),
(3588, 222, 'Scottish Borders', 'BOR', 1),
(3589, 222, 'Shetland Islands', 'SHET', 1),
(3590, 222, 'Shropshire', 'SPE', 1),
(3591, 222, 'Somerset', 'SOM', 1),
(3592, 222, 'South Ayrshire', 'ARYS', 1),
(3593, 222, 'South Lanarkshire', 'LANS', 1),
(3594, 222, 'South Yorkshire', 'YSS', 1),
(3595, 222, 'Staffordshire', 'SFD', 1),
(3596, 222, 'Stirling', 'STIR', 1),
(3597, 222, 'Suffolk', 'SFK', 1),
(3598, 222, 'Surrey', 'SRY', 1),
(3599, 222, 'Swansea', 'SWAN', 1),
(3600, 222, 'Torfaen', 'TORF', 1),
(3601, 222, 'Tyne and Wear', 'TWR', 1),
(3602, 222, 'Vale of Glamorgan', 'VGLAM', 1),
(3603, 222, 'Warwickshire', 'WARKS', 1),
(3604, 222, 'West Dunbartonshire', 'WDUN', 1),
(3605, 222, 'West Lothian', 'WLOT', 1),
(3606, 222, 'West Midlands', 'WMD', 1),
(3607, 222, 'West Sussex', 'SXW', 1),
(3608, 222, 'West Yorkshire', 'YSW', 1),
(3609, 222, 'Western Isles', 'WIL', 1),
(3610, 222, 'Wiltshire', 'WLT', 1),
(3611, 222, 'Worcestershire', 'WORCS', 1),
(3612, 222, 'Wrexham', 'WRX', 1),
(3613, 223, 'Alabama', 'AL', 1),
(3614, 223, 'Alaska', 'AK', 1),
(3615, 223, 'American Samoa', 'AS', 1),
(3616, 223, 'Arizona', 'AZ', 1),
(3617, 223, 'Arkansas', 'AR', 1),
(3618, 223, 'Armed Forces Africa', 'AF', 1),
(3619, 223, 'Armed Forces Americas', 'AA', 1),
(3620, 223, 'Armed Forces Canada', 'AC', 1),
(3621, 223, 'Armed Forces Europe', 'AE', 1),
(3622, 223, 'Armed Forces Middle East', 'AM', 1),
(3623, 223, 'Armed Forces Pacific', 'AP', 1),
(3624, 223, 'California', 'CA', 1),
(3625, 223, 'Colorado', 'CO', 1),
(3626, 223, 'Connecticut', 'CT', 1),
(3627, 223, 'Delaware', 'DE', 1),
(3628, 223, 'District of Columbia', 'DC', 1),
(3629, 223, 'Federated States Of Micronesia', 'FM', 1),
(3630, 223, 'Florida', 'FL', 1),
(3631, 223, 'Georgia', 'GA', 1),
(3632, 223, 'Guam', 'GU', 1),
(3633, 223, 'Hawaii', 'HI', 1),
(3634, 223, 'Idaho', 'ID', 1),
(3635, 223, 'Illinois', 'IL', 1),
(3636, 223, 'Indiana', 'IN', 1),
(3637, 223, 'Iowa', 'IA', 1),
(3638, 223, 'Kansas', 'KS', 1),
(3639, 223, 'Kentucky', 'KY', 1),
(3640, 223, 'Louisiana', 'LA', 1),
(3641, 223, 'Maine', 'ME', 1),
(3642, 223, 'Marshall Islands', 'MH', 1),
(3643, 223, 'Maryland', 'MD', 1),
(3644, 223, 'Massachusetts', 'MA', 1),
(3645, 223, 'Michigan', 'MI', 1),
(3646, 223, 'Minnesota', 'MN', 1),
(3647, 223, 'Mississippi', 'MS', 1),
(3648, 223, 'Missouri', 'MO', 1),
(3649, 223, 'Montana', 'MT', 1),
(3650, 223, 'Nebraska', 'NE', 1),
(3651, 223, 'Nevada', 'NV', 1),
(3652, 223, 'New Hampshire', 'NH', 1),
(3653, 223, 'New Jersey', 'NJ', 1),
(3654, 223, 'New Mexico', 'NM', 1),
(3655, 223, 'New York', 'NY', 1),
(3656, 223, 'North Carolina', 'NC', 1),
(3657, 223, 'North Dakota', 'ND', 1),
(3658, 223, 'Northern Mariana Islands', 'MP', 1),
(3659, 223, 'Ohio', 'OH', 1),
(3660, 223, 'Oklahoma', 'OK', 1),
(3661, 223, 'Oregon', 'OR', 1),
(3662, 223, 'Palau', 'PW', 1),
(3663, 223, 'Pennsylvania', 'PA', 1),
(3664, 223, 'Puerto Rico', 'PR', 1),
(3665, 223, 'Rhode Island', 'RI', 1),
(3666, 223, 'South Carolina', 'SC', 1),
(3667, 223, 'South Dakota', 'SD', 1),
(3668, 223, 'Tennessee', 'TN', 1),
(3669, 223, 'Texas', 'TX', 1),
(3670, 223, 'Utah', 'UT', 1),
(3671, 223, 'Vermont', 'VT', 1),
(3672, 223, 'Virgin Islands', 'VI', 1),
(3673, 223, 'Virginia', 'VA', 1),
(3674, 223, 'Washington', 'WA', 1),
(3675, 223, 'West Virginia', 'WV', 1),
(3676, 223, 'Wisconsin', 'WI', 1),
(3677, 223, 'Wyoming', 'WY', 1),
(3678, 224, 'Baker Island', 'BI', 1),
(3679, 224, 'Howland Island', 'HI', 1),
(3680, 224, 'Jarvis Island', 'JI', 1),
(3681, 224, 'Johnston Atoll', 'JA', 1),
(3682, 224, 'Kingman Reef', 'KR', 1),
(3683, 224, 'Midway Atoll', 'MA', 1),
(3684, 224, 'Navassa Island', 'NI', 1),
(3685, 224, 'Palmyra Atoll', 'PA', 1),
(3686, 224, 'Wake Island', 'WI', 1),
(3687, 225, 'Artigas', 'AR', 1),
(3688, 225, 'Canelones', 'CA', 1),
(3689, 225, 'Cerro Largo', 'CL', 1),
(3690, 225, 'Colonia', 'CO', 1),
(3691, 225, 'Durazno', 'DU', 1),
(3692, 225, 'Flores', 'FS', 1),
(3693, 225, 'Florida', 'FA', 1),
(3694, 225, 'Lavalleja', 'LA', 1),
(3695, 225, 'Maldonado', 'MA', 1),
(3696, 225, 'Montevideo', 'MO', 1),
(3697, 225, 'Paysandu', 'PA', 1),
(3698, 225, 'Rio Negro', 'RN', 1),
(3699, 225, 'Rivera', 'RV', 1),
(3700, 225, 'Rocha', 'RO', 1),
(3701, 225, 'Salto', 'SL', 1),
(3702, 225, 'San Jose', 'SJ', 1),
(3703, 225, 'Soriano', 'SO', 1),
(3704, 225, 'Tacuarembo', 'TA', 1),
(3705, 225, 'Treinta y Tres', 'TT', 1),
(3706, 226, 'Andijon', 'AN', 1),
(3707, 226, 'Buxoro', 'BU', 1),
(3708, 226, 'Farg\'ona', 'FA', 1),
(3709, 226, 'Jizzax', 'JI', 1),
(3710, 226, 'Namangan', 'NG', 1),
(3711, 226, 'Navoiy', 'NW', 1),
(3712, 226, 'Qashqadaryo', 'QA', 1),
(3713, 226, 'Qoraqalpog\'iston Republikasi', 'QR', 1),
(3714, 226, 'Samarqand', 'SA', 1),
(3715, 226, 'Sirdaryo', 'SI', 1),
(3716, 226, 'Surxondaryo', 'SU', 1),
(3717, 226, 'Toshkent City', 'TK', 1),
(3718, 226, 'Toshkent Region', 'TO', 1),
(3719, 226, 'Xorazm', 'XO', 1),
(3720, 227, 'Malampa', 'MA', 1),
(3721, 227, 'Penama', 'PE', 1),
(3722, 227, 'Sanma', 'SA', 1),
(3723, 227, 'Shefa', 'SH', 1),
(3724, 227, 'Tafea', 'TA', 1),
(3725, 227, 'Torba', 'TO', 1),
(3726, 229, 'Amazonas', 'AM', 1),
(3727, 229, 'Anzoategui', 'AN', 1),
(3728, 229, 'Apure', 'AP', 1),
(3729, 229, 'Aragua', 'AR', 1),
(3730, 229, 'Barinas', 'BA', 1),
(3731, 229, 'Bolivar', 'BO', 1),
(3732, 229, 'Carabobo', 'CA', 1),
(3733, 229, 'Cojedes', 'CO', 1),
(3734, 229, 'Delta Amacuro', 'DA', 1),
(3735, 229, 'Dependencias Federales', 'DF', 1),
(3736, 229, 'Distrito Federal', 'DI', 1),
(3737, 229, 'Falcon', 'FA', 1),
(3738, 229, 'Guarico', 'GU', 1),
(3739, 229, 'Lara', 'LA', 1),
(3740, 229, 'Merida', 'ME', 1),
(3741, 229, 'Miranda', 'MI', 1),
(3742, 229, 'Monagas', 'MO', 1),
(3743, 229, 'Nueva Esparta', 'NE', 1),
(3744, 229, 'Portuguesa', 'PO', 1),
(3745, 229, 'Sucre', 'SU', 1),
(3746, 229, 'Tachira', 'TA', 1),
(3747, 229, 'Trujillo', 'TR', 1),
(3748, 229, 'Vargas', 'VA', 1),
(3749, 229, 'Yaracuy', 'YA', 1),
(3750, 229, 'Zulia', 'ZU', 1),
(3751, 230, 'An Giang', 'AG', 1),
(3752, 230, 'Bac Giang', 'BG', 1),
(3753, 230, 'Bac Kan', 'BK', 1),
(3754, 230, 'Bac Lieu', 'BL', 1),
(3755, 230, 'Bac Ninh', 'BC', 1),
(3756, 230, 'Ba Ria-Vung Tau', 'BR', 1),
(3757, 230, 'Ben Tre', 'BN', 1),
(3758, 230, 'Binh Dinh', 'BH', 1),
(3759, 230, 'Binh Duong', 'BU', 1),
(3760, 230, 'Binh Phuoc', 'BP', 1),
(3761, 230, 'Binh Thuan', 'BT', 1),
(3762, 230, 'Ca Mau', 'CM', 1),
(3763, 230, 'Can Tho', 'CT', 1),
(3764, 230, 'Cao Bang', 'CB', 1),
(3765, 230, 'Dak Lak', 'DL', 1),
(3766, 230, 'Dak Nong', 'DG', 1),
(3767, 230, 'Da Nang', 'DN', 1),
(3768, 230, 'Dien Bien', 'DB', 1),
(3769, 230, 'Dong Nai', 'DI', 1),
(3770, 230, 'Dong Thap', 'DT', 1),
(3771, 230, 'Gia Lai', 'GL', 1),
(3772, 230, 'Ha Giang', 'HG', 1),
(3773, 230, 'Hai Duong', 'HD', 1),
(3774, 230, 'Hai Phong', 'HP', 1),
(3775, 230, 'Ha Nam', 'HM', 1),
(3776, 230, 'Ha Noi', 'HI', 1),
(3777, 230, 'Ha Tay', 'HT', 1),
(3778, 230, 'Ha Tinh', 'HH', 1),
(3779, 230, 'Hoa Binh', 'HB', 1),
(3780, 230, 'Ho Chi Minh City', 'HC', 1),
(3781, 230, 'Hau Giang', 'HU', 1),
(3782, 230, 'Hung Yen', 'HY', 1),
(3783, 232, 'Saint Croix', 'C', 1),
(3784, 232, 'Saint John', 'J', 1),
(3785, 232, 'Saint Thomas', 'T', 1),
(3786, 233, 'Alo', 'A', 1),
(3787, 233, 'Sigave', 'S', 1),
(3788, 233, 'Wallis', 'W', 1),
(3789, 235, 'Abyan', 'AB', 1),
(3790, 235, 'Adan', 'AD', 1),
(3791, 235, 'Amran', 'AM', 1),
(3792, 235, 'Al Bayda', 'BA', 1),
(3793, 235, 'Ad Dali', 'DA', 1),
(3794, 235, 'Dhamar', 'DH', 1),
(3795, 235, 'Hadramawt', 'HD', 1),
(3796, 235, 'Hajjah', 'HJ', 1),
(3797, 235, 'Al Hudaydah', 'HU', 1),
(3798, 235, 'Ibb', 'IB', 1),
(3799, 235, 'Al Jawf', 'JA', 1),
(3800, 235, 'Lahij', 'LA', 1),
(3801, 235, 'Ma\'rib', 'MA', 1),
(3802, 235, 'Al Mahrah', 'MR', 1),
(3803, 235, 'Al Mahwit', 'MW', 1),
(3804, 235, 'Sa\'dah', 'SD', 1),
(3805, 235, 'San\'a', 'SN', 1),
(3806, 235, 'Shabwah', 'SH', 1),
(3807, 235, 'Ta\'izz', 'TA', 1),
(3812, 237, 'Bas-Congo', 'BC', 1),
(3813, 237, 'Bandundu', 'BN', 1),
(3814, 237, 'Equateur', 'EQ', 1),
(3815, 237, 'Katanga', 'KA', 1),
(3816, 237, 'Kasai-Oriental', 'KE', 1),
(3817, 237, 'Kinshasa', 'KN', 1),
(3818, 237, 'Kasai-Occidental', 'KW', 1),
(3819, 237, 'Maniema', 'MA', 1),
(3820, 237, 'Nord-Kivu', 'NK', 1),
(3821, 237, 'Orientale', 'OR', 1),
(3822, 237, 'Sud-Kivu', 'SK', 1),
(3823, 238, 'Central', 'CE', 1),
(3824, 238, 'Copperbelt', 'CB', 1),
(3825, 238, 'Eastern', 'EA', 1),
(3826, 238, 'Luapula', 'LP', 1),
(3827, 238, 'Lusaka', 'LK', 1),
(3828, 238, 'Northern', 'NO', 1),
(3829, 238, 'North-Western', 'NW', 1),
(3830, 238, 'Southern', 'SO', 1),
(3831, 238, 'Western', 'WE', 1),
(3832, 239, 'Bulawayo', 'BU', 1),
(3833, 239, 'Harare', 'HA', 1),
(3834, 239, 'Manicaland', 'ML', 1),
(3835, 239, 'Mashonaland Central', 'MC', 1),
(3836, 239, 'Mashonaland East', 'ME', 1),
(3837, 239, 'Mashonaland West', 'MW', 1),
(3838, 239, 'Masvingo', 'MV', 1),
(3839, 239, 'Matabeleland North', 'MN', 1),
(3840, 239, 'Matabeleland South', 'MS', 1),
(3841, 239, 'Midlands', 'MD', 1),
(3861, 105, 'Campobasso', 'CB', 1),
(3862, 105, 'Carbonia-Iglesias', 'CI', 1),
(3863, 105, 'Caserta', 'CE', 1),
(3864, 105, 'Catania', 'CT', 1),
(3865, 105, 'Catanzaro', 'CZ', 1),
(3866, 105, 'Chieti', 'CH', 1),
(3867, 105, 'Como', 'CO', 1),
(3868, 105, 'Cosenza', 'CS', 1),
(3869, 105, 'Cremona', 'CR', 1),
(3870, 105, 'Crotone', 'KR', 1),
(3871, 105, 'Cuneo', 'CN', 1),
(3872, 105, 'Enna', 'EN', 1),
(3873, 105, 'Ferrara', 'FE', 1),
(3874, 105, 'Firenze', 'FI', 1),
(3875, 105, 'Foggia', 'FG', 1),
(3876, 105, 'Forli-Cesena', 'FC', 1),
(3877, 105, 'Frosinone', 'FR', 1),
(3878, 105, 'Genova', 'GE', 1),
(3879, 105, 'Gorizia', 'GO', 1),
(3880, 105, 'Grosseto', 'GR', 1),
(3881, 105, 'Imperia', 'IM', 1),
(3882, 105, 'Isernia', 'IS', 1),
(3883, 105, 'L&#39;Aquila', 'AQ', 1),
(3884, 105, 'La Spezia', 'SP', 1),
(3885, 105, 'Latina', 'LT', 1),
(3886, 105, 'Lecce', 'LE', 1),
(3887, 105, 'Lecco', 'LC', 1),
(3888, 105, 'Livorno', 'LI', 1),
(3889, 105, 'Lodi', 'LO', 1),
(3890, 105, 'Lucca', 'LU', 1),
(3891, 105, 'Macerata', 'MC', 1),
(3892, 105, 'Mantova', 'MN', 1),
(3893, 105, 'Massa-Carrara', 'MS', 1),
(3894, 105, 'Matera', 'MT', 1),
(3895, 105, 'Medio Campidano', 'VS', 1),
(3896, 105, 'Messina', 'ME', 1),
(3897, 105, 'Milano', 'MI', 1),
(3898, 105, 'Modena', 'MO', 1),
(3899, 105, 'Napoli', 'NA', 1),
(3900, 105, 'Novara', 'NO', 1),
(3901, 105, 'Nuoro', 'NU', 1),
(3902, 105, 'Ogliastra', 'OG', 1),
(3903, 105, 'Olbia-Tempio', 'OT', 1),
(3904, 105, 'Oristano', 'OR', 1),
(3905, 105, 'Padova', 'PD', 1),
(3906, 105, 'Palermo', 'PA', 1),
(3907, 105, 'Parma', 'PR', 1),
(3908, 105, 'Pavia', 'PV', 1),
(3909, 105, 'Perugia', 'PG', 1),
(3910, 105, 'Pesaro e Urbino', 'PU', 1),
(3911, 105, 'Pescara', 'PE', 1),
(3912, 105, 'Piacenza', 'PC', 1),
(3913, 105, 'Pisa', 'PI', 1),
(3914, 105, 'Pistoia', 'PT', 1),
(3915, 105, 'Pordenone', 'PN', 1),
(3916, 105, 'Potenza', 'PZ', 1),
(3917, 105, 'Prato', 'PO', 1),
(3918, 105, 'Ragusa', 'RG', 1),
(3919, 105, 'Ravenna', 'RA', 1),
(3920, 105, 'Reggio Calabria', 'RC', 1),
(3921, 105, 'Reggio Emilia', 'RE', 1),
(3922, 105, 'Rieti', 'RI', 1),
(3923, 105, 'Rimini', 'RN', 1),
(3924, 105, 'Roma', 'RM', 1),
(3925, 105, 'Rovigo', 'RO', 1),
(3926, 105, 'Salerno', 'SA', 1),
(3927, 105, 'Sassari', 'SS', 1),
(3928, 105, 'Savona', 'SV', 1),
(3929, 105, 'Siena', 'SI', 1),
(3930, 105, 'Siracusa', 'SR', 1),
(3931, 105, 'Sondrio', 'SO', 1),
(3932, 105, 'Taranto', 'TA', 1),
(3933, 105, 'Teramo', 'TE', 1),
(3934, 105, 'Terni', 'TR', 1),
(3935, 105, 'Torino', 'TO', 1),
(3936, 105, 'Trapani', 'TP', 1),
(3937, 105, 'Trento', 'TN', 1),
(3938, 105, 'Treviso', 'TV', 1),
(3939, 105, 'Trieste', 'TS', 1),
(3940, 105, 'Udine', 'UD', 1),
(3941, 105, 'Varese', 'VA', 1),
(3942, 105, 'Venezia', 'VE', 1),
(3943, 105, 'Verbano-Cusio-Ossola', 'VB', 1),
(3944, 105, 'Vercelli', 'VC', 1),
(3945, 105, 'Verona', 'VR', 1),
(3946, 105, 'Vibo Valentia', 'VV', 1),
(3947, 105, 'Vicenza', 'VI', 1),
(3948, 105, 'Viterbo', 'VT', 1),
(3949, 222, 'County Antrim', 'ANT', 1),
(3950, 222, 'County Armagh', 'ARM', 1),
(3951, 222, 'County Down', 'DOW', 1),
(3952, 222, 'County Fermanagh', 'FER', 1),
(3953, 222, 'County Londonderry', 'LDY', 1),
(3954, 222, 'County Tyrone', 'TYR', 1),
(3955, 222, 'Cumbria', 'CMA', 1),
(3956, 190, 'Pomurska', '1', 1),
(3957, 190, 'Podravska', '2', 1),
(3958, 190, 'Koroška', '3', 1),
(3959, 190, 'Savinjska', '4', 1),
(3960, 190, 'Zasavska', '5', 1),
(3961, 190, 'Spodnjeposavska', '6', 1),
(3962, 190, 'Jugovzhodna Slovenija', '7', 1),
(3963, 190, 'Osrednjeslovenska', '8', 1),
(3964, 190, 'Gorenjska', '9', 1),
(3965, 190, 'Notranjsko-kraška', '10', 1),
(3966, 190, 'Goriška', '11', 1),
(3967, 190, 'Obalno-kraška', '12', 1),
(3968, 33, 'Ruse', '', 1),
(3969, 101, 'Alborz', 'ALB', 1),
(3970, 21, 'Brussels-Capital Region', 'BRU', 1),
(3971, 138, 'Aguascalientes', 'AG', 1),
(3973, 242, 'Andrijevica', '01', 1),
(3974, 242, 'Bar', '02', 1),
(3975, 242, 'Berane', '03', 1),
(3976, 242, 'Bijelo Polje', '04', 1),
(3977, 242, 'Budva', '05', 1),
(3978, 242, 'Cetinje', '06', 1),
(3979, 242, 'Danilovgrad', '07', 1),
(3980, 242, 'Herceg-Novi', '08', 1),
(3981, 242, 'Kolašin', '09', 1),
(3982, 242, 'Kotor', '10', 1),
(3983, 242, 'Mojkovac', '11', 1),
(3984, 242, 'Nikšić', '12', 1),
(3985, 242, 'Plav', '13', 1),
(3986, 242, 'Pljevlja', '14', 1),
(3987, 242, 'Plužine', '15', 1),
(3988, 242, 'Podgorica', '16', 1),
(3989, 242, 'Rožaje', '17', 1),
(3990, 242, 'Šavnik', '18', 1),
(3991, 242, 'Tivat', '19', 1),
(3992, 242, 'Ulcinj', '20', 1),
(3993, 242, 'Žabljak', '21', 1),
(3994, 243, 'Belgrade', '00', 1),
(3995, 243, 'North Bačka', '01', 1),
(3996, 243, 'Central Banat', '02', 1),
(3997, 243, 'North Banat', '03', 1),
(3998, 243, 'South Banat', '04', 1),
(3999, 243, 'West Bačka', '05', 1),
(4000, 243, 'South Bačka', '06', 1),
(4001, 243, 'Srem', '07', 1),
(4002, 243, 'Mačva', '08', 1),
(4003, 243, 'Kolubara', '09', 1),
(4004, 243, 'Podunavlje', '10', 1),
(4005, 243, 'Braničevo', '11', 1),
(4006, 243, 'Šumadija', '12', 1),
(4007, 243, 'Pomoravlje', '13', 1),
(4008, 243, 'Bor', '14', 1),
(4009, 243, 'Zaječar', '15', 1),
(4010, 243, 'Zlatibor', '16', 1),
(4011, 243, 'Moravica', '17', 1),
(4012, 243, 'Raška', '18', 1),
(4013, 243, 'Rasina', '19', 1),
(4014, 243, 'Nišava', '20', 1),
(4015, 243, 'Toplica', '21', 1),
(4016, 243, 'Pirot', '22', 1),
(4017, 243, 'Jablanica', '23', 1),
(4018, 243, 'Pčinja', '24', 1),
(4020, 245, 'Bonaire', 'BO', 1),
(4021, 245, 'Saba', 'SA', 1),
(4022, 245, 'Sint Eustatius', 'SE', 1),
(4023, 248, 'Central Equatoria', 'EC', 1),
(4024, 248, 'Eastern Equatoria', 'EE', 1),
(4025, 248, 'Jonglei', 'JG', 1),
(4026, 248, 'Lakes', 'LK', 1),
(4027, 248, 'Northern Bahr el-Ghazal', 'BN', 1),
(4028, 248, 'Unity', 'UY', 1),
(4029, 248, 'Upper Nile', 'NU', 1),
(4030, 248, 'Warrap', 'WR', 1),
(4031, 248, 'Western Bahr el-Ghazal', 'BW', 1),
(4032, 248, 'Western Equatoria', 'EW', 1),
(4036, 117, 'Ainaži, Salacgrīvas novads', '0661405', 1),
(4037, 117, 'Aizkraukle, Aizkraukles novads', '0320201', 1),
(4038, 117, 'Aizkraukles novads', '0320200', 1),
(4039, 117, 'Aizpute, Aizputes novads', '0640605', 1),
(4040, 117, 'Aizputes novads', '0640600', 1),
(4041, 117, 'Aknīste, Aknīstes novads', '0560805', 1),
(4042, 117, 'Aknīstes novads', '0560800', 1),
(4043, 117, 'Aloja, Alojas novads', '0661007', 1),
(4044, 117, 'Alojas novads', '0661000', 1),
(4045, 117, 'Alsungas novads', '0624200', 1),
(4046, 117, 'Alūksne, Alūksnes novads', '0360201', 1),
(4047, 117, 'Alūksnes novads', '0360200', 1),
(4048, 117, 'Amatas novads', '0424701', 1),
(4049, 117, 'Ape, Apes novads', '0360805', 1),
(4050, 117, 'Apes novads', '0360800', 1),
(4051, 117, 'Auce, Auces novads', '0460805', 1),
(4052, 117, 'Auces novads', '0460800', 1),
(4053, 117, 'Ādažu novads', '0804400', 1),
(4054, 117, 'Babītes novads', '0804900', 1),
(4055, 117, 'Baldone, Baldones novads', '0800605', 1),
(4056, 117, 'Baldones novads', '0800600', 1),
(4057, 117, 'Baloži, Ķekavas novads', '0800807', 1),
(4058, 117, 'Baltinavas novads', '0384400', 1),
(4059, 117, 'Balvi, Balvu novads', '0380201', 1),
(4060, 117, 'Balvu novads', '0380200', 1),
(4061, 117, 'Bauska, Bauskas novads', '0400201', 1),
(4062, 117, 'Bauskas novads', '0400200', 1),
(4063, 117, 'Beverīnas novads', '0964700', 1),
(4064, 117, 'Brocēni, Brocēnu novads', '0840605', 1),
(4065, 117, 'Brocēnu novads', '0840601', 1),
(4066, 117, 'Burtnieku novads', '0967101', 1),
(4067, 117, 'Carnikavas novads', '0805200', 1),
(4068, 117, 'Cesvaine, Cesvaines novads', '0700807', 1),
(4069, 117, 'Cesvaines novads', '0700800', 1),
(4070, 117, 'Cēsis, Cēsu novads', '0420201', 1),
(4071, 117, 'Cēsu novads', '0420200', 1),
(4072, 117, 'Ciblas novads', '0684901', 1),
(4073, 117, 'Dagda, Dagdas novads', '0601009', 1),
(4074, 117, 'Dagdas novads', '0601000', 1),
(4075, 117, 'Daugavpils', '0050000', 1),
(4076, 117, 'Daugavpils novads', '0440200', 1),
(4077, 117, 'Dobele, Dobeles novads', '0460201', 1),
(4078, 117, 'Dobeles novads', '0460200', 1),
(4079, 117, 'Dundagas novads', '0885100', 1),
(4080, 117, 'Durbe, Durbes novads', '0640807', 1),
(4081, 117, 'Durbes novads', '0640801', 1),
(4082, 117, 'Engures novads', '0905100', 1),
(4083, 117, 'Ērgļu novads', '0705500', 1),
(4084, 117, 'Garkalnes novads', '0806000', 1),
(4085, 117, 'Grobiņa, Grobiņas novads', '0641009', 1),
(4086, 117, 'Grobiņas novads', '0641000', 1),
(4087, 117, 'Gulbene, Gulbenes novads', '0500201', 1),
(4088, 117, 'Gulbenes novads', '0500200', 1),
(4089, 117, 'Iecavas novads', '0406400', 1),
(4090, 117, 'Ikšķile, Ikšķiles novads', '0740605', 1),
(4091, 117, 'Ikšķiles novads', '0740600', 1),
(4092, 117, 'Ilūkste, Ilūkstes novads', '0440807', 1),
(4093, 117, 'Ilūkstes novads', '0440801', 1),
(4094, 117, 'Inčukalna novads', '0801800', 1),
(4095, 117, 'Jaunjelgava, Jaunjelgavas novads', '0321007', 1),
(4096, 117, 'Jaunjelgavas novads', '0321000', 1),
(4097, 117, 'Jaunpiebalgas novads', '0425700', 1),
(4098, 117, 'Jaunpils novads', '0905700', 1),
(4099, 117, 'Jelgava', '0090000', 1),
(4100, 117, 'Jelgavas novads', '0540200', 1),
(4101, 117, 'Jēkabpils', '0110000', 1),
(4102, 117, 'Jēkabpils novads', '0560200', 1),
(4103, 117, 'Jūrmala', '0130000', 1),
(4104, 117, 'Kalnciems, Jelgavas novads', '0540211', 1),
(4105, 117, 'Kandava, Kandavas novads', '0901211', 1),
(4106, 117, 'Kandavas novads', '0901201', 1),
(4107, 117, 'Kārsava, Kārsavas novads', '0681009', 1),
(4108, 117, 'Kārsavas novads', '0681000', 1),
(4109, 117, 'Kocēnu novads ,bij. Valmieras)', '0960200', 1),
(4110, 117, 'Kokneses novads', '0326100', 1),
(4111, 117, 'Krāslava, Krāslavas novads', '0600201', 1),
(4112, 117, 'Krāslavas novads', '0600202', 1),
(4113, 117, 'Krimuldas novads', '0806900', 1),
(4114, 117, 'Krustpils novads', '0566900', 1),
(4115, 117, 'Kuldīga, Kuldīgas novads', '0620201', 1),
(4116, 117, 'Kuldīgas novads', '0620200', 1),
(4117, 117, 'Ķeguma novads', '0741001', 1),
(4118, 117, 'Ķegums, Ķeguma novads', '0741009', 1),
(4119, 117, 'Ķekavas novads', '0800800', 1),
(4120, 117, 'Lielvārde, Lielvārdes novads', '0741413', 1),
(4121, 117, 'Lielvārdes novads', '0741401', 1),
(4122, 117, 'Liepāja', '0170000', 1),
(4123, 117, 'Limbaži, Limbažu novads', '0660201', 1),
(4124, 117, 'Limbažu novads', '0660200', 1),
(4125, 117, 'Līgatne, Līgatnes novads', '0421211', 1),
(4126, 117, 'Līgatnes novads', '0421200', 1),
(4127, 117, 'Līvāni, Līvānu novads', '0761211', 1),
(4128, 117, 'Līvānu novads', '0761201', 1),
(4129, 117, 'Lubāna, Lubānas novads', '0701413', 1),
(4130, 117, 'Lubānas novads', '0701400', 1),
(4131, 117, 'Ludza, Ludzas novads', '0680201', 1),
(4132, 117, 'Ludzas novads', '0680200', 1),
(4133, 117, 'Madona, Madonas novads', '0700201', 1),
(4134, 117, 'Madonas novads', '0700200', 1),
(4135, 117, 'Mazsalaca, Mazsalacas novads', '0961011', 1),
(4136, 117, 'Mazsalacas novads', '0961000', 1),
(4137, 117, 'Mālpils novads', '0807400', 1),
(4138, 117, 'Mārupes novads', '0807600', 1),
(4139, 117, 'Mērsraga novads', '0887600', 1),
(4140, 117, 'Naukšēnu novads', '0967300', 1),
(4141, 117, 'Neretas novads', '0327100', 1),
(4142, 117, 'Nīcas novads', '0647900', 1),
(4143, 117, 'Ogre, Ogres novads', '0740201', 1),
(4144, 117, 'Ogres novads', '0740202', 1),
(4145, 117, 'Olaine, Olaines novads', '0801009', 1),
(4146, 117, 'Olaines novads', '0801000', 1),
(4147, 117, 'Ozolnieku novads', '0546701', 1),
(4148, 117, 'Pārgaujas novads', '0427500', 1),
(4149, 117, 'Pāvilosta, Pāvilostas novads', '0641413', 1),
(4150, 117, 'Pāvilostas novads', '0641401', 1),
(4151, 117, 'Piltene, Ventspils novads', '0980213', 1),
(4152, 117, 'Pļaviņas, Pļaviņu novads', '0321413', 1),
(4153, 117, 'Pļaviņu novads', '0321400', 1),
(4154, 117, 'Preiļi, Preiļu novads', '0760201', 1),
(4155, 117, 'Preiļu novads', '0760202', 1),
(4156, 117, 'Priekule, Priekules novads', '0641615', 1),
(4157, 117, 'Priekules novads', '0641600', 1),
(4158, 117, 'Priekuļu novads', '0427300', 1),
(4159, 117, 'Raunas novads', '0427700', 1),
(4160, 117, 'Rēzekne', '0210000', 1),
(4161, 117, 'Rēzeknes novads', '0780200', 1),
(4162, 117, 'Riebiņu novads', '0766300', 1),
(4163, 117, 'Rīga', '0010000', 1),
(4164, 117, 'Rojas novads', '0888300', 1),
(4165, 117, 'Ropažu novads', '0808400', 1),
(4166, 117, 'Rucavas novads', '0648500', 1),
(4167, 117, 'Rugāju novads', '0387500', 1),
(4168, 117, 'Rundāles novads', '0407700', 1),
(4169, 117, 'Rūjiena, Rūjienas novads', '0961615', 1),
(4170, 117, 'Rūjienas novads', '0961600', 1),
(4171, 117, 'Sabile, Talsu novads', '0880213', 1),
(4172, 117, 'Salacgrīva, Salacgrīvas novads', '0661415', 1),
(4173, 117, 'Salacgrīvas novads', '0661400', 1),
(4174, 117, 'Salas novads', '0568700', 1),
(4175, 117, 'Salaspils novads', '0801200', 1),
(4176, 117, 'Salaspils, Salaspils novads', '0801211', 1),
(4177, 117, 'Saldus novads', '0840200', 1),
(4178, 117, 'Saldus, Saldus novads', '0840201', 1),
(4179, 117, 'Saulkrasti, Saulkrastu novads', '0801413', 1),
(4180, 117, 'Saulkrastu novads', '0801400', 1),
(4181, 117, 'Seda, Strenču novads', '0941813', 1),
(4182, 117, 'Sējas novads', '0809200', 1),
(4183, 117, 'Sigulda, Siguldas novads', '0801615', 1),
(4184, 117, 'Siguldas novads', '0801601', 1),
(4185, 117, 'Skrīveru novads', '0328200', 1),
(4186, 117, 'Skrunda, Skrundas novads', '0621209', 1),
(4187, 117, 'Skrundas novads', '0621200', 1),
(4188, 117, 'Smiltene, Smiltenes novads', '0941615', 1),
(4189, 117, 'Smiltenes novads', '0941600', 1),
(4190, 117, 'Staicele, Alojas novads', '0661017', 1),
(4191, 117, 'Stende, Talsu novads', '0880215', 1),
(4192, 117, 'Stopiņu novads', '0809600', 1),
(4193, 117, 'Strenči, Strenču novads', '0941817', 1),
(4194, 117, 'Strenču novads', '0941800', 1),
(4195, 117, 'Subate, Ilūkstes novads', '0440815', 1),
(4196, 117, 'Talsi, Talsu novads', '0880201', 1),
(4197, 117, 'Talsu novads', '0880200', 1),
(4198, 117, 'Tērvetes novads', '0468900', 1),
(4199, 117, 'Tukuma novads', '0900200', 1),
(4200, 117, 'Tukums, Tukuma novads', '0900201', 1),
(4201, 117, 'Vaiņodes novads', '0649300', 1),
(4202, 117, 'Valdemārpils, Talsu novads', '0880217', 1),
(4203, 117, 'Valka, Valkas novads', '0940201', 1),
(4204, 117, 'Valkas novads', '0940200', 1),
(4205, 117, 'Valmiera', '0250000', 1),
(4206, 117, 'Vangaži, Inčukalna novads', '0801817', 1),
(4207, 117, 'Varakļāni, Varakļānu novads', '0701817', 1),
(4208, 117, 'Varakļānu novads', '0701800', 1),
(4209, 117, 'Vārkavas novads', '0769101', 1),
(4210, 117, 'Vecpiebalgas novads', '0429300', 1),
(4211, 117, 'Vecumnieku novads', '0409500', 1),
(4212, 117, 'Ventspils', '0270000', 1),
(4213, 117, 'Ventspils novads', '0980200', 1),
(4214, 117, 'Viesīte, Viesītes novads', '0561815', 1),
(4215, 117, 'Viesītes novads', '0561800', 1),
(4216, 117, 'Viļaka, Viļakas novads', '0381615', 1),
(4217, 117, 'Viļakas novads', '0381600', 1),
(4218, 117, 'Viļāni, Viļānu novads', '0781817', 1),
(4219, 117, 'Viļānu novads', '0781800', 1),
(4220, 117, 'Zilupe, Zilupes novads', '0681817', 1),
(4221, 117, 'Zilupes novads', '0681801', 1),
(4222, 43, 'Arica y Parinacota', 'AP', 1),
(4223, 43, 'Los Rios', 'LR', 1),
(4224, 220, 'Kharkivs\'ka Oblast\'', '63', 1);

-- --------------------------------------------------------

--
-- Table structure for table `customers`
--

CREATE TABLE `customers` (
  `customerNumber` int(11) NOT NULL,
  `customerName` varchar(50) NOT NULL,
  `contactLastName` varchar(50) NOT NULL,
  `contactFirstName` varchar(50) NOT NULL,
  `phone` varchar(50) NOT NULL,
  `addressLine1` varchar(500) NOT NULL,
  `addressLine2` varchar(500) DEFAULT NULL,
  `city` varchar(50) NOT NULL,
  `state` varchar(50) DEFAULT NULL,
  `postalCode` varchar(15) DEFAULT NULL,
  `country` varchar(50) NOT NULL,
  `salesRepEmployeeNumber` int(11) DEFAULT NULL,
  `creditLimit` decimal(10,2) DEFAULT NULL
) ENGINE=InnoDB DEFAULT CHARSET=latin1;

--
-- Dumping data for table `customers`
--

INSERT INTO `customers` (`customerNumber`, `customerName`, `contactLastName`, `contactFirstName`, `phone`, `addressLine1`, `addressLine2`, `city`, `state`, `postalCode`, `country`, `salesRepEmployeeNumber`, `creditLimit`) VALUES
(103, 'Atelier graphique', 'Schmitt', 'Carine ', '40.32.2555', '54, rue Royale', NULL, 'Nantes', NULL, '44000', 'France', 1370, '21000.00'),
(112, 'Signal Gift Stores', 'King', 'Jean', '7025551838', '8489 Strong St.', NULL, 'Las Vegas', 'NV', '83030', 'USA', 1166, '71800.00'),
(114, 'Australian Collectors, Co.', 'Ferguson', 'Peter', '03 9520 4555', '636 St Kilda Road', 'Level 3', 'Melbourne', 'Victoria', '3004', 'Australia', 1611, '117300.00'),
(119, 'La Rochelle Gifts', 'Labrune', 'Janine ', '40.67.8555', '67, rue des Cinquante Otages', NULL, 'Nantes', NULL, '44000', 'France', 1370, '118200.00'),
(121, 'Baane Mini Imports', 'Bergulfsen', 'Jonas ', '07-98 9555', 'Erling Skakkes gate 78', NULL, 'Stavern', NULL, '4110', 'Norway', 1504, '81700.00'),
(124, 'Mini Gifts Distributors Ltd.', 'Nelson', 'Susan', '4155551450', '5677 Strong St.', NULL, 'San Rafael', 'CA', '97562', 'USA', 1165, '210500.00'),
(125, 'Havel & Zbyszek Co', 'Piestrzeniewicz', 'Zbyszek ', '(26) 642-7555', 'ul. Filtrowa 68', NULL, 'Warszawa', NULL, '01-012', 'Poland', NULL, '0.00'),
(128, 'Blauer See Auto, Co.', 'Keitel', 'Roland', '+49 69 66 90 2555', 'Lyonerstr. 34', NULL, 'Frankfurt', NULL, '60528', 'Germany', 1504, '59700.00'),
(129, 'Mini Wheels Co.', 'Murphy', 'Julie', '6505555787', '5557 North Pendale Street', NULL, 'San Francisco', 'CA', '94217', 'USA', 1165, '64600.00'),
(131, 'Land of Toys Inc.', 'Lee', 'Kwai', '2125557818', '897 Long Airport Avenue', NULL, 'NYC', 'NY', '10022', 'USA', 1323, '114900.00'),
(141, 'Euro+ Shopping Channel', 'Freyre', 'Diego ', '(91) 555 94 44', 'C/ Moralzarzal, 86', NULL, 'Madrid', NULL, '28034', 'Spain', 1370, '227600.00'),
(144, 'Volvo Model Replicas, Co', 'Berglund', 'Christina ', '0921-12 3555', 'Berguvsvägen  8', NULL, 'Luleå', NULL, 'S-958 22', 'Sweden', 1504, '53100.00'),
(145, 'Danish Wholesale Imports', 'Petersen', 'Jytte ', '31 12 3555', 'Vinbæltet 34', NULL, 'Kobenhavn', NULL, '1734', 'Denmark', 1401, '83400.00'),
(146, 'Saveley & Henriot, Co.', 'Saveley', 'Mary ', '78.32.5555', '2, rue du Commerce', NULL, 'Lyon', NULL, '69004', 'France', 1337, '123900.00'),
(148, 'Dragon Souveniers, Ltd.', 'Natividad', 'Eric', '+65 221 7555', 'Bronz Sok.', 'Bronz Apt. 3/6 Tesvikiye', 'Singapore', NULL, '079903', 'Singapore', 1621, '103800.00'),
(151, 'Muscle Machine Inc', 'Young', 'Jeff', '2125557413', '4092 Furth Circle', 'Suite 400', 'NYC', 'NY', '10022', 'USA', 1286, '138500.00'),
(157, 'Diecast Classics Inc.', 'Leong', 'Kelvin', '2155551555', '7586 Pompton St.', NULL, 'Allentown', 'PA', '70267', 'USA', 1216, '100600.00'),
(161, 'Technics Stores Inc.', 'Hashimoto', 'Juri', '6505556809', '9408 Furth Circle', NULL, 'Burlingame', 'CA', '94217', 'USA', 1165, '84600.00'),
(166, 'Handji Gifts& Co', 'Victorino', 'Wendy', '+65 224 1555', '106 Linden Road Sandown', '2nd Floor', 'Singapore', NULL, '069045', 'Singapore', 1612, '97900.00'),
(167, 'Herkku Gifts', 'Oeztan', 'Veysel', '+47 2267 3215', 'Brehmen St. 121', 'PR 334 Sentrum', 'Bergen', NULL, 'N 5804', 'Norway  ', 1504, '96800.00'),
(168, 'American Souvenirs Inc', 'Franco', 'Keith', '2035557845', '149 Spinnaker Dr.', 'Suite 101', 'New Haven', 'CT', '97823', 'USA', 1286, '0.00'),
(169, 'Porto Imports Co.', 'de Castro', 'Isabel ', '(1) 356-5555', 'Estrada da saúde n. 58', NULL, 'Lisboa', NULL, '1756', 'Portugal', NULL, '0.00'),
(171, 'Daedalus Designs Imports', 'Rancé', 'Martine ', '20.16.1555', '184, chaussée de Tournai', NULL, 'Lille', NULL, '59000', 'France', 1370, '82900.00'),
(172, 'La Corne D\'abondance, Co.', 'Bertrand', 'Marie', '(1) 42.34.2555', '265, boulevard Charonne', NULL, 'Paris', NULL, '75012', 'France', 1337, '84300.00'),
(173, 'Cambridge Collectables Co.', 'Tseng', 'Jerry', '6175555555', '4658 Baden Av.', NULL, 'Cambridge', 'MA', '51247', 'USA', 1188, '43400.00'),
(175, 'Gift Depot Inc.', 'King', 'Julie', '2035552570', '25593 South Bay Ln.', NULL, 'Bridgewater', 'CT', '97562', 'USA', 1323, '84300.00'),
(177, 'Osaka Souveniers Co.', 'Kentary', 'Mory', '+81 06 6342 5555', '1-6-20 Dojima', NULL, 'Kita-ku', 'Osaka', ' 530-0003', 'Japan', 1621, '81200.00'),
(181, 'Vitachrome Inc.', 'Frick', 'Michael', '2125551500', '2678 Kingston Rd.', 'Suite 101', 'NYC', 'NY', '10022', 'USA', 1286, '76400.00'),
(186, 'Toys of Finland, Co.', 'Karttunen', 'Matti', '90-224 8555', 'Keskuskatu 45', NULL, 'Helsinki', NULL, '21240', 'Finland', 1501, '96500.00'),
(187, 'AV Stores, Co.', 'Ashworth', 'Rachel', '(171) 555-1555', 'Fauntleroy Circus', NULL, 'Manchester', NULL, 'EC2 5NT', 'UK', 1501, '136800.00'),
(189, 'Clover Collections, Co.', 'Cassidy', 'Dean', '+353 1862 1555', '25 Maiden Lane', 'Floor No. 4', 'Dublin', NULL, '2', 'Ireland', 1504, '69400.00'),
(198, 'Auto-Moto Classics Inc.', 'Taylor', 'Leslie', '6175558428', '16780 Pompton St.', NULL, 'Brickhaven', 'MA', '58339', 'USA', 1216, '23000.00'),
(201, 'UK Collectables, Ltd.', 'Devon', 'Elizabeth', '(171) 555-2282', '12, Berkeley Gardens Blvd', NULL, 'Liverpool', NULL, 'WX1 6LT', 'UK', 1501, '92700.00'),
(202, 'Canadian Gift Exchange Network', 'Tamuri', 'Yoshi ', '(604) 555-3392', '1900 Oak St.', NULL, 'Vancouver', 'BC', 'V3F 2K1', 'Canada', 1323, '90300.00'),
(204, 'Online Mini Collectables', 'Barajas', 'Miguel', '6175557555', '7635 Spinnaker Dr.', NULL, 'Brickhaven', 'MA', '58339', 'USA', 1188, '68700.00'),
(205, 'Toys4GrownUps.com', 'Young', 'Julie', '6265557265', '78934 Hillside Dr.', NULL, 'Pasadena', 'CA', '90003', 'USA', 1166, '90700.00'),
(206, 'Asian Shopping Network, Co', 'Walker', 'Brydey', '+612 9411 1555', 'Suntec Tower Three', '8 Temasek', 'Singapore', NULL, '038988', 'Singapore', NULL, '0.00'),
(209, 'Mini Caravy', 'Citeaux', 'Frédérique ', '88.60.1555', '24, place Kléber', NULL, 'Strasbourg', NULL, '67000', 'France', 1370, '53800.00'),
(211, 'King Kong Collectables, Co.', 'Gao', 'Mike', '+852 2251 1555', 'Bank of China Tower', '1 Garden Road', 'Central Hong Kong', NULL, NULL, 'Hong Kong', 1621, '58600.00'),
(216, 'Enaco Distributors', 'Saavedra', 'Eduardo ', '(93) 203 4555', 'Rambla de Cataluña, 23', NULL, 'Barcelona', NULL, '08022', 'Spain', 1702, '60300.00'),
(219, 'Boards & Toys Co.', 'Young', 'Mary', '3105552373', '4097 Douglas Av.', NULL, 'Glendale', 'CA', '92561', 'USA', 1166, '11000.00'),
(223, 'Natürlich Autos', 'Kloss', 'Horst ', '0372-555188', 'Taucherstraße 10', NULL, 'Cunewalde', NULL, '01307', 'Germany', NULL, '0.00'),
(227, 'Heintze Collectables', 'Ibsen', 'Palle', '86 21 3555', 'Smagsloget 45', NULL, 'Århus', NULL, '8200', 'Denmark', 1401, '120800.00'),
(233, 'Québec Home Shopping Network', 'Fresnière', 'Jean ', '(514) 555-8054', '43 rue St. Laurent', NULL, 'Montréal', 'Québec', 'H1J 1C3', 'Canada', 1286, '48700.00'),
(237, 'ANG Resellers', 'Camino', 'Alejandra ', '(91) 745 6555', 'Gran Vía, 1', NULL, 'Madrid', NULL, '28001', 'Spain', NULL, '0.00'),
(239, 'Collectable Mini Designs Co.', 'Thompson', 'Valarie', '7605558146', '361 Furth Circle', NULL, 'San Diego', 'CA', '91217', 'USA', 1166, '105000.00'),
(240, 'giftsbymail.co.uk', 'Bennett', 'Helen ', '(198) 555-8888', 'Garden House', 'Crowther Way 23', 'Cowes', 'Isle of Wight', 'PO31 7PJ', 'UK', 1501, '93900.00'),
(247, 'Messner Shopping Network', 'Messner', 'Renate ', '069-0555984', 'Magazinweg 7', NULL, 'Frankfurt', NULL, '60528', 'Germany', NULL, '0.00'),
(249, 'Amica Models & Co.', 'Accorti', 'Paolo ', '011-4988555', 'Via Monte Bianco 34', NULL, 'Torino', NULL, '10100', 'Italy', 1401, '113000.00'),
(250, 'Lyon Souveniers', 'Da Silva', 'Daniel', '+33 1 46 62 7555', '27 rue du Colonel Pierre Avia', NULL, 'Paris', NULL, '75508', 'France', 1337, '68100.00'),
(256, 'Auto Associés & Cie.', 'Tonini', 'Daniel ', '30.59.8555', '67, avenue de l\'Europe', NULL, 'Versailles', NULL, '78000', 'France', 1370, '77900.00'),
(259, 'Toms Spezialitäten, Ltd', 'Pfalzheim', 'Henriette ', '0221-5554327', 'Mehrheimerstr. 369', NULL, 'Köln', NULL, '50739', 'Germany', 1504, '120400.00'),
(260, 'Royal Canadian Collectables, Ltd.', 'Lincoln', 'Elizabeth ', '(604) 555-4555', '23 Tsawassen Blvd.', NULL, 'Tsawassen', 'BC', 'T2F 8M4', 'Canada', 1323, '89600.00'),
(273, 'Franken Gifts, Co', 'Franken', 'Peter ', '089-0877555', 'Berliner Platz 43', NULL, 'München', NULL, '80805', 'Germany', NULL, '0.00'),
(276, 'Anna\'s Decorations, Ltd', 'O\'Hara', 'Anna', '02 9936 8555', '201 Miller Street', 'Level 15', 'North Sydney', 'NSW', '2060', 'Australia', 1611, '107800.00'),
(278, 'Rovelli Gifts', 'Rovelli', 'Giovanni ', '035-640555', 'Via Ludovico il Moro 22', NULL, 'Bergamo', NULL, '24100', 'Italy', 1401, '119600.00'),
(282, 'Souveniers And Things Co.', 'Huxley', 'Adrian', '+61 2 9495 8555', 'Monitor Money Building', '815 Pacific Hwy', 'Chatswood', 'NSW', '2067', 'Australia', 1611, '93300.00'),
(286, 'Marta\'s Replicas Co.', 'Hernandez', 'Marta', '6175558555', '39323 Spinnaker Dr.', NULL, 'Cambridge', 'MA', '51247', 'USA', 1216, '123700.00'),
(293, 'BG&E Collectables', 'Harrison', 'Ed', '+41 26 425 50 01', 'Rte des Arsenaux 41 ', NULL, 'Fribourg', NULL, '1700', 'Switzerland', NULL, '0.00'),
(298, 'Vida Sport, Ltd', 'Holz', 'Mihael', '0897-034555', 'Grenzacherweg 237', NULL, 'Genève', NULL, '1203', 'Switzerland', 1702, '141300.00'),
(299, 'Norway Gifts By Mail, Co.', 'Klaeboe', 'Jan', '+47 2212 1555', 'Drammensveien 126A', 'PB 211 Sentrum', 'Oslo', NULL, 'N 0106', 'Norway  ', 1504, '95100.00'),
(303, 'Schuyler Imports', 'Schuyler', 'Bradley', '+31 20 491 9555', 'Kingsfordweg 151', NULL, 'Amsterdam', NULL, '1043 GR', 'Netherlands', NULL, '0.00'),
(307, 'Der Hund Imports', 'Andersen', 'Mel', '030-0074555', 'Obere Str. 57', NULL, 'Berlin', NULL, '12209', 'Germany', NULL, '0.00'),
(311, 'Oulu Toy Supplies, Inc.', 'Koskitalo', 'Pirkko', '981-443655', 'Torikatu 38', NULL, 'Oulu', NULL, '90110', 'Finland', 1501, '90500.00'),
(314, 'Petit Auto', 'Dewey', 'Catherine ', '(02) 5554 67', 'Rue Joseph-Bens 532', NULL, 'Bruxelles', NULL, 'B-1180', 'Belgium', 1401, '79900.00'),
(319, 'Mini Classics', 'Frick', 'Steve', '9145554562', '3758 North Pendale Street', NULL, 'White Plains', 'NY', '24067', 'USA', 1323, '102700.00'),
(320, 'Mini Creations Ltd.', 'Huang', 'Wing', '5085559555', '4575 Hillside Dr.', NULL, 'New Bedford', 'MA', '50553', 'USA', 1188, '94500.00'),
(321, 'Corporate Gift Ideas Co.', 'Brown', 'Julie', '6505551386', '7734 Strong St.', NULL, 'San Francisco', 'CA', '94217', 'USA', 1165, '105000.00'),
(323, 'Down Under Souveniers, Inc', 'Graham', 'Mike', '+64 9 312 5555', '162-164 Grafton Road', 'Level 2', 'Auckland  ', NULL, NULL, 'New Zealand', 1612, '88000.00'),
(324, 'Stylish Desk Decors, Co.', 'Brown', 'Ann ', '(171) 555-0297', '35 King George', NULL, 'London', NULL, 'WX3 6FW', 'UK', 1501, '77000.00'),
(328, 'Tekni Collectables Inc.', 'Brown', 'William', '2015559350', '7476 Moss Rd.', NULL, 'Newark', 'NJ', '94019', 'USA', 1323, '43000.00'),
(333, 'Australian Gift Network, Co', 'Calaghan', 'Ben', '61-7-3844-6555', '31 Duncan St. West End', NULL, 'South Brisbane', 'Queensland', '4101', 'Australia', 1611, '51600.00'),
(334, 'Suominen Souveniers', 'Suominen', 'Kalle', '+358 9 8045 555', 'Software Engineering Center', 'SEC Oy', 'Espoo', NULL, 'FIN-02271', 'Finland', 1501, '98800.00'),
(335, 'Cramer Spezialitäten, Ltd', 'Cramer', 'Philip ', '0555-09555', 'Maubelstr. 90', NULL, 'Brandenburg', NULL, '14776', 'Germany', NULL, '0.00'),
(339, 'Classic Gift Ideas, Inc', 'Cervantes', 'Francisca', '2155554695', '782 First Street', NULL, 'Philadelphia', 'PA', '71270', 'USA', 1188, '81100.00'),
(344, 'CAF Imports', 'Fernandez', 'Jesus', '+34 913 728 555', 'Merchants House', '27-30 Merchant\'s Quay', 'Madrid', NULL, '28023', 'Spain', 1702, '59600.00'),
(347, 'Men \'R\' US Retailers, Ltd.', 'Chandler', 'Brian', '2155554369', '6047 Douglas Av.', NULL, 'Los Angeles', 'CA', '91003', 'USA', 1166, '57700.00'),
(348, 'Asian Treasures, Inc.', 'McKenna', 'Patricia ', '2967 555', '8 Johnstown Road', NULL, 'Cork', 'Co. Cork', NULL, 'Ireland', NULL, '0.00'),
(350, 'Marseille Mini Autos', 'Lebihan', 'Laurence ', '91.24.4555', '12, rue des Bouchers', NULL, 'Marseille', NULL, '13008', 'France', 1337, '65000.00'),
(353, 'Reims Collectables', 'Henriot', 'Paul ', '26.47.1555', '59 rue de l\'Abbaye', NULL, 'Reims', NULL, '51100', 'France', 1337, '81100.00'),
(356, 'SAR Distributors, Co', 'Kuger', 'Armand', '+27 21 550 3555', '1250 Pretorius Street', NULL, 'Hatfield', 'Pretoria', '0028', 'South Africa', NULL, '0.00'),
(357, 'GiftsForHim.com', 'MacKinlay', 'Wales', '64-9-3763555', '199 Great North Road', NULL, 'Auckland', NULL, NULL, 'New Zealand', 1612, '77700.00'),
(361, 'Kommission Auto', 'Josephs', 'Karin', '0251-555259', 'Luisenstr. 48', NULL, 'Münster', NULL, '44087', 'Germany', NULL, '0.00'),
(362, 'Gifts4AllAges.com', 'Yoshido', 'Juri', '6175559555', '8616 Spinnaker Dr.', NULL, 'Boston', 'MA', '51003', 'USA', 1216, '41900.00'),
(363, 'Online Diecast Creations Co.', 'Young', 'Dorothy', '6035558647', '2304 Long Airport Avenue', NULL, 'Nashua', 'NH', '62005', 'USA', 1216, '114200.00'),
(369, 'Lisboa Souveniers, Inc', 'Rodriguez', 'Lino ', '(1) 354-2555', 'Jardim das rosas n. 32', NULL, 'Lisboa', NULL, '1675', 'Portugal', NULL, '0.00'),
(376, 'Precious Collectables', 'Urs', 'Braun', '0452-076555', 'Hauptstr. 29', NULL, 'Bern', NULL, '3012', 'Switzerland', 1702, '0.00'),
(379, 'Collectables For Less Inc.', 'Nelson', 'Allen', '6175558555', '7825 Douglas Av.', NULL, 'Brickhaven', 'MA', '58339', 'USA', 1188, '70700.00'),
(381, 'Royale Belge', 'Cartrain', 'Pascale ', '(071) 23 67 2555', 'Boulevard Tirou, 255', NULL, 'Charleroi', NULL, 'B-6000', 'Belgium', 1401, '23500.00'),
(382, 'Salzburg Collectables', 'Pipps', 'Georg ', '6562-9555', 'Geislweg 14', NULL, 'Salzburg', NULL, '5020', 'Austria', 1401, '71700.00'),
(385, 'Cruz & Sons Co.', 'Cruz', 'Arnold', '+63 2 555 3587', '15 McCallum Street', 'NatWest Center #13-03', 'Makati City', NULL, '1227 MM', 'Philippines', 1621, '81500.00'),
(386, 'L\'ordine Souveniers', 'Moroni', 'Maurizio ', '0522-556555', 'Strada Provinciale 124', NULL, 'Reggio Emilia', NULL, '42100', 'Italy', 1401, '121400.00'),
(398, 'Tokyo Collectables, Ltd', 'Shimamura', 'Akiko', '+81 3 3584 0555', '2-2-8 Roppongi', NULL, 'Minato-ku', 'Tokyo', '106-0032', 'Japan', 1621, '94400.00'),
(406, 'Auto Canal+ Petit', 'Perrier', 'Dominique', '(1) 47.55.6555', '25, rue Lauriston', NULL, 'Paris', NULL, '75016', 'France', 1337, '95000.00'),
(409, 'Stuttgart Collectable Exchange', 'Müller', 'Rita ', '0711-555361', 'Adenauerallee 900', NULL, 'Stuttgart', NULL, '70563', 'Germany', NULL, '0.00'),
(412, 'Extreme Desk Decorations, Ltd', 'McRoy', 'Sarah', '04 499 9555', '101 Lambton Quay', 'Level 11', 'Wellington', NULL, NULL, 'New Zealand', 1612, '86800.00'),
(415, 'Bavarian Collectables Imports, Co.', 'Donnermeyer', 'Michael', ' +49 89 61 08 9555', 'Hansastr. 15', NULL, 'Munich', NULL, '80686', 'Germany', 1504, '77000.00'),
(424, 'Classic Legends Inc.', 'Hernandez', 'Maria', '2125558493', '5905 Pompton St.', 'Suite 750', 'NYC', 'NY', '10022', 'USA', 1286, '67500.00'),
(443, 'Feuer Online Stores, Inc', 'Feuer', 'Alexander ', '0342-555176', 'Heerstr. 22', NULL, 'Leipzig', NULL, '04179', 'Germany', NULL, '0.00'),
(447, 'Gift Ideas Corp.', 'Lewis', 'Dan', '2035554407', '2440 Pompton St.', NULL, 'Glendale', 'CT', '97561', 'USA', 1323, '49700.00'),
(448, 'Scandinavian Gift Ideas', 'Larsson', 'Martha', '0695-34 6555', 'Åkergatan 24', NULL, 'Bräcke', NULL, 'S-844 67', 'Sweden', 1504, '116400.00'),
(450, 'The Sharp Gifts Warehouse', 'Frick', 'Sue', '4085553659', '3086 Ingle Ln.', NULL, 'San Jose', 'CA', '94217', 'USA', 1165, '77600.00'),
(452, 'Mini Auto Werke', 'Mendel', 'Roland ', '7675-3555', 'Kirchgasse 6', NULL, 'Graz', NULL, '8010', 'Austria', 1401, '45300.00'),
(455, 'Super Scale Inc.', 'Murphy', 'Leslie', '2035559545', '567 North Pendale Street', NULL, 'New Haven', 'CT', '97823', 'USA', 1286, '95400.00'),
(456, 'Microscale Inc.', 'Choi', 'Yu', '2125551957', '5290 North Pendale Street', 'Suite 200', 'NYC', 'NY', '10022', 'USA', 1286, '39800.00'),
(458, 'Corrida Auto Replicas, Ltd', 'Sommer', 'Martín ', '(91) 555 22 82', 'C/ Araquil, 67', NULL, 'Madrid', NULL, '28023', 'Spain', 1702, '104600.00'),
(459, 'Warburg Exchange', 'Ottlieb', 'Sven ', '0241-039123', 'Walserweg 21', NULL, 'Aachen', NULL, '52066', 'Germany', NULL, '0.00'),
(462, 'FunGiftIdeas.com', 'Benitez', 'Violeta', '5085552555', '1785 First Street', NULL, 'New Bedford', 'MA', '50553', 'USA', 1216, '85800.00'),
(465, 'Anton Designs, Ltd.', 'Anton', 'Carmen', '+34 913 728555', 'c/ Gobelas, 19-1 Urb. La Florida', NULL, 'Madrid', NULL, '28023', 'Spain', NULL, '0.00'),
(471, 'Australian Collectables, Ltd', 'Clenahan', 'Sean', '61-9-3844-6555', '7 Allen Street', NULL, 'Glen Waverly', 'Victoria', '3150', 'Australia', 1611, '60300.00'),
(473, 'Frau da Collezione', 'Ricotti', 'Franco', '+39 022515555', '20093 Cologno Monzese', 'Alessandro Volta 16', 'Milan', NULL, NULL, 'Italy', 1401, '34800.00'),
(475, 'West Coast Collectables Co.', 'Thompson', 'Steve', '3105553722', '3675 Furth Circle', NULL, 'Burbank', 'CA', '94019', 'USA', 1166, '55400.00'),
(477, 'Mit Vergnügen & Co.', 'Moos', 'Hanna ', '0621-08555', 'Forsterstr. 57', NULL, 'Mannheim', NULL, '68306', 'Germany', NULL, '0.00'),
(480, 'Kremlin Collectables, Co.', 'Semenov', 'Alexander ', '+7 812 293 0521', '2 Pobedy Square', NULL, 'Saint Petersburg', NULL, '196143', 'Russia', NULL, '0.00'),
(481, 'Raanan Stores, Inc', 'Altagar,G M', 'Raanan', '+ 972 9 959 8555', '3 Hagalim Blv.', NULL, 'Herzlia', NULL, '47625', 'Israel', NULL, '0.00'),
(484, 'Iberia Gift Imports, Corp.', 'Roel', 'José Pedro ', '(95) 555 82 82', 'C/ Romero, 33', NULL, 'Sevilla', NULL, '41101', 'Spain', 1702, '65700.00'),
(486, 'Motor Mint Distributors Inc.', 'Salazar', 'Rosa', '2155559857', '11328 Douglas Av.', NULL, 'Philadelphia', 'PA', '71270', 'USA', 1323, '72600.00'),
(487, 'Signal Collectibles Ltd.', 'Taylor', 'Sue', '4155554312', '2793 Furth Circle', NULL, 'Brisbane', 'CA', '94217', 'USA', 1165, '60300.00'),
(489, 'Double Decker Gift Stores, Ltd', 'Smith', 'Thomas ', '(171) 555-7555', '120 Hanover Sq.', NULL, 'London', NULL, 'WA1 1DP', 'UK', 1501, '43300.00'),
(495, 'Diecast Collectables', 'Franco', 'Valarie', '6175552555', '6251 Ingle Ln.', NULL, 'Boston', 'MA', '51003', 'USA', 1188, '85100.00'),
(497, 'om sai ram pvt ltd', 'Rao', 'Goapl', '9876541230', 'test test ets testtest test ets test', 'test test ets testtest test ets testtest test ets testtest test ets test', 'indore', '1492', '452002', '99', 1088, '25000.00');

-- --------------------------------------------------------

--
-- Table structure for table `employees`
--

CREATE TABLE `employees` (
  `employeeNumber` int(11) NOT NULL,
  `lastName` varchar(50) NOT NULL,
  `firstName` varchar(50) NOT NULL,
  `extension` varchar(10) NOT NULL,
  `email` varchar(100) NOT NULL,
  `officeCode` int(10) NOT NULL DEFAULT 0,
  `reportsTo` int(11) DEFAULT NULL,
  `jobTitle` varchar(50) NOT NULL
) ENGINE=InnoDB DEFAULT CHARSET=latin1;

--
-- Dumping data for table `employees`
--

INSERT INTO `employees` (`employeeNumber`, `lastName`, `firstName`, `extension`, `email`, `officeCode`, `reportsTo`, `jobTitle`) VALUES
(1002, 'Murphy', 'Diane', 'x5800', 'dmurphy@classicmodelcars.com', 1, NULL, 'President'),
(1056, 'Patterson', 'Mary', 'x4611', 'mpatterso@classicmodelcars.com', 1, 1002, 'VP Sales'),
(1076, 'Firrelli', 'Jeff', 'x9273', 'jfirrelli@classicmodelcars.com', 1, 1002, 'VP Marketing'),
(1088, 'Patterson', 'William', 'x4871', 'wpatterson@classicmodelcars.com', 6, 1056, 'Sales Manager (APAC)'),
(1102, 'Bondur', 'Gerard', 'x5408', 'gbondur@classicmodelcars.com', 4, 1056, 'Sale Manager (EMEA)'),
(1143, 'Bow', 'Anthony', 'x5428', 'abow@classicmodelcars.com', 1, 1056, 'Sales Manager (NA)'),
(1165, 'Jennings', 'Leslie', 'x3291', 'ljennings@classicmodelcars.com', 1, 1143, 'Sales Rep'),
(1166, 'Thompson', 'Leslie', 'x4065', 'lthompson@classicmodelcars.com', 1, 1143, 'Sales Rep'),
(1188, 'Firrelli', 'Julie', 'x2173', 'jfirrelli@classicmodelcars.com', 2, 1143, 'Sales Rep'),
(1216, 'Patterson', 'Steve', 'x4334', 'spatterson@classicmodelcars.com', 2, 1143, 'Sales Rep'),
(1286, 'Tseng', 'Foon Yue', 'x2248', 'ftseng@classicmodelcars.com', 3, 1143, 'Sales Rep'),
(1323, 'Vanauf', 'George', 'x4102', 'gvanauf@classicmodelcars.com', 3, 1143, 'Sales Rep'),
(1337, 'Bondur', 'Loui', 'x6493', 'lbondur@classicmodelcars.com', 4, 1102, 'Sales Rep'),
(1370, 'Hernandez', 'Gerard', 'x2028', 'ghernande@classicmodelcars.com', 4, 1102, 'Sales Rep'),
(1401, 'Castillo', 'Pamela', 'x2759', 'pcastillo@classicmodelcars.com', 4, 1102, 'Sales Rep'),
(1501, 'Bott', 'Larry', 'x2311', 'lbott@classicmodelcars.com', 7, 1102, 'Sales Rep'),
(1504, 'Jones', 'Barry', 'x102', 'bjones@classicmodelcars.com', 7, 1102, 'Sales Rep'),
(1611, 'Fixter', 'Andy', 'x101', 'afixter@classicmodelcars.com', 6, 1088, 'Sales Rep'),
(1612, 'Marsh', 'Peter', 'x102', 'pmarsh@classicmodelcars.com', 6, 1088, 'Sales Rep'),
(1619, 'King', 'Tom', 'x103', 'tking@classicmodelcars.com', 6, 1088, 'Sales Rep'),
(1621, 'Nishi', 'Mami', 'x101', 'mnishi@classicmodelcars.com', 5, 1056, 'Sales Rep'),
(1625, 'Kato', 'Yoshimi', 'x102', 'ykato@classicmodelcars.com', 5, 1621, 'Sales Rep'),
(1702, 'Gerard', 'Martin', 'x2312', 'mgerard@classicmodelcars.com', 4, 1102, 'Sales Rep');

-- --------------------------------------------------------

--
-- Table structure for table `offices`
--

CREATE TABLE `offices` (
  `officeCode` int(10) NOT NULL,
  `city` varchar(50) NOT NULL,
  `phone` varchar(50) NOT NULL,
  `addressLine1` varchar(250) NOT NULL,
  `addressLine2` varchar(250) DEFAULT NULL,
  `state` varchar(50) DEFAULT NULL,
  `country` varchar(50) NOT NULL,
  `postalCode` varchar(15) NOT NULL,
  `territory` varchar(10) NOT NULL
) ENGINE=InnoDB DEFAULT CHARSET=latin1;

--
-- Dumping data for table `offices`
--

INSERT INTO `offices` (`officeCode`, `city`, `phone`, `addressLine1`, `addressLine2`, `state`, `country`, `postalCode`, `territory`) VALUES
(1, 'San Francisco', '+1 650 219 4782', '100 Market Street', 'Suite 300', 'CA', 'USA', '94080', 'NA'),
(2, 'Boston', '+1 215 837 0825', '1550 Court Place', 'Suite 102', 'MA', 'USA', '02107', 'NA'),
(3, 'NYC', '+1 212 555 3000', '523 East 53rd Street', 'apt. 5A', 'NY', 'USA', '10022', 'NA'),
(4, 'Paris', '+33 14 723 4404', '43 Rue Jouffroy D\'abbans', NULL, NULL, 'France', '75017', 'EMEA'),
(5, 'Tokyo', '+81 33 224 5000', '4-1 Kioicho', NULL, 'Chiyoda-Ku', 'Japan', '102-8578', 'Japan'),
(6, 'Sydney', '+61 2 9264 2451', '5-11 Wentworth Avenue', 'Floor #2', NULL, 'Australia', 'NSW 2010', 'APAC'),
(7, 'London', '+44 20 7877 2041', '25 Old Broad Street', 'Level 7', NULL, 'UK', 'EC2N 1HN', 'EMEA');

-- --------------------------------------------------------

--
-- Table structure for table `orderdetails`
--

CREATE TABLE `orderdetails` (
  `orderNumber` int(11) NOT NULL,
  `productCode` varchar(15) NOT NULL,
  `quantityOrdered` int(11) NOT NULL,
  `priceEach` decimal(10,2) NOT NULL,
  `orderLineNumber` smallint(6) NOT NULL
) ENGINE=InnoDB DEFAULT CHARSET=latin1;

--
-- Dumping data for table `orderdetails`
--

INSERT INTO `orderdetails` (`orderNumber`, `productCode`, `quantityOrdered`, `priceEach`, `orderLineNumber`) VALUES
(10100, 'S18_1749', 30, '136.00', 3),
(10100, 'S18_2248', 50, '55.09', 2),
(10100, 'S18_4409', 22, '75.46', 4),
(10100, 'S24_3969', 49, '35.29', 1),
(10101, 'S18_2325', 25, '108.06', 4),
(10101, 'S18_2795', 26, '167.06', 1),
(10101, 'S24_1937', 45, '32.53', 3),
(10101, 'S24_2022', 46, '44.35', 2),
(10102, 'S18_1342', 39, '95.55', 2),
(10102, 'S18_1367', 41, '43.13', 1),
(10103, 'S10_1949', 26, '214.30', 11),
(10103, 'S10_4962', 42, '119.67', 4),
(10103, 'S12_1666', 27, '121.64', 8),
(10103, 'S18_1097', 35, '94.50', 10),
(10103, 'S18_2432', 22, '58.34', 2),
(10103, 'S18_2949', 27, '92.19', 12),
(10103, 'S18_2957', 35, '61.84', 14),
(10103, 'S18_3136', 25, '86.92', 13),
(10103, 'S18_3320', 46, '86.31', 16),
(10103, 'S18_4600', 36, '98.07', 5),
(10103, 'S18_4668', 41, '40.75', 9),
(10103, 'S24_2300', 36, '107.34', 1),
(10103, 'S24_4258', 25, '88.62', 15),
(10103, 'S32_1268', 31, '92.46', 3),
(10103, 'S32_3522', 45, '63.35', 7),
(10103, 'S700_2824', 42, '94.07', 6),
(10104, 'S12_3148', 34, '131.44', 1),
(10104, 'S12_4473', 41, '111.39', 9),
(10104, 'S18_2238', 24, '135.90', 8),
(10104, 'S18_2319', 29, '122.73', 12),
(10104, 'S18_3232', 23, '165.95', 13),
(10104, 'S18_4027', 38, '119.20', 3),
(10104, 'S24_1444', 35, '52.02', 6),
(10104, 'S24_2840', 44, '30.41', 10),
(10104, 'S24_4048', 26, '106.45', 5),
(10104, 'S32_2509', 35, '51.95', 11),
(10104, 'S32_3207', 49, '56.55', 4),
(10104, 'S50_1392', 33, '114.59', 7),
(10104, 'S50_1514', 32, '53.31', 2),
(10105, 'S10_4757', 50, '127.84', 2),
(10105, 'S12_1108', 41, '205.72', 15),
(10105, 'S12_3891', 29, '141.88', 14),
(10105, 'S18_3140', 22, '136.59', 11),
(10105, 'S18_3259', 38, '87.73', 13),
(10105, 'S18_4522', 41, '75.48', 10),
(10105, 'S24_2011', 43, '117.97', 9),
(10105, 'S24_3151', 44, '73.46', 4),
(10105, 'S24_3816', 50, '75.47', 1),
(10105, 'S700_1138', 41, '54.00', 5),
(10105, 'S700_1938', 29, '86.61', 12),
(10105, 'S700_2610', 31, '60.72', 3),
(10105, 'S700_3505', 39, '92.16', 6),
(10105, 'S700_3962', 22, '99.31', 7),
(10105, 'S72_3212', 25, '44.77', 8),
(10106, 'S18_1662', 36, '134.04', 12),
(10106, 'S18_2581', 34, '81.10', 2),
(10106, 'S18_3029', 41, '80.86', 18),
(10106, 'S18_3856', 41, '94.22', 17),
(10106, 'S24_1785', 28, '107.23', 4),
(10106, 'S24_2841', 49, '65.77', 13),
(10106, 'S24_3420', 31, '55.89', 14),
(10106, 'S24_3949', 50, '55.96', 11),
(10106, 'S24_4278', 26, '71.00', 3),
(10106, 'S32_4289', 33, '65.35', 5),
(10106, 'S50_1341', 39, '35.78', 6),
(10106, 'S700_1691', 31, '91.34', 7),
(10106, 'S700_2047', 30, '85.09', 16),
(10106, 'S700_2466', 34, '99.72', 9),
(10106, 'S700_2834', 32, '113.90', 1),
(10106, 'S700_3167', 44, '76.00', 8),
(10106, 'S700_4002', 48, '70.33', 10),
(10106, 'S72_1253', 48, '43.70', 15),
(10107, 'S10_1678', 30, '81.35', 2),
(10107, 'S10_2016', 39, '105.86', 5),
(10107, 'S10_4698', 27, '172.36', 4),
(10107, 'S12_2823', 21, '122.00', 1),
(10107, 'S18_2625', 29, '52.70', 6),
(10107, 'S24_1578', 25, '96.92', 3),
(10107, 'S24_2000', 38, '73.12', 7),
(10107, 'S32_1374', 20, '88.90', 8),
(10108, 'S12_1099', 33, '165.38', 6),
(10108, 'S12_3380', 45, '96.30', 4),
(10108, 'S12_3990', 39, '75.81', 7),
(10108, 'S12_4675', 36, '107.10', 3),
(10108, 'S18_1889', 38, '67.76', 2),
(10108, 'S18_3278', 26, '73.17', 9),
(10108, 'S18_3482', 29, '132.29', 8),
(10108, 'S18_3782', 43, '52.84', 12),
(10108, 'S18_4721', 44, '139.87', 11),
(10108, 'S24_2360', 35, '64.41', 15),
(10108, 'S24_3371', 30, '60.01', 5),
(10108, 'S24_3856', 40, '132.00', 1),
(10108, 'S24_4620', 31, '67.10', 10),
(10108, 'S32_2206', 27, '36.21', 13),
(10108, 'S32_4485', 31, '87.76', 16),
(10108, 'S50_4713', 34, '74.85', 14),
(10109, 'S18_1129', 26, '117.48', 4),
(10109, 'S18_1984', 38, '137.98', 3),
(10109, 'S18_2870', 26, '126.72', 1),
(10109, 'S18_3232', 46, '160.87', 5),
(10109, 'S18_3685', 47, '125.74', 2),
(10109, 'S24_2972', 29, '32.10', 6),
(10110, 'S18_1589', 37, '118.22', 16),
(10110, 'S18_1749', 42, '153.00', 7),
(10110, 'S18_2248', 32, '51.46', 6),
(10110, 'S18_2325', 33, '115.69', 4),
(10110, 'S18_2795', 31, '163.69', 1),
(10110, 'S18_4409', 28, '81.91', 8),
(10110, 'S18_4933', 42, '62.00', 9),
(10110, 'S24_1046', 36, '72.02', 13),
(10110, 'S24_1628', 29, '43.27', 15),
(10110, 'S24_1937', 20, '28.88', 3),
(10110, 'S24_2022', 39, '40.77', 2),
(10110, 'S24_2766', 43, '82.69', 11),
(10110, 'S24_2887', 46, '112.74', 10),
(10110, 'S24_3191', 27, '80.47', 12),
(10110, 'S24_3432', 37, '96.37', 14),
(10110, 'S24_3969', 48, '35.29', 5),
(10111, 'S18_1342', 33, '87.33', 6),
(10111, 'S18_1367', 48, '48.52', 5),
(10111, 'S18_2957', 28, '53.09', 2),
(10111, 'S18_3136', 43, '94.25', 1),
(10111, 'S18_3320', 39, '91.27', 4),
(10111, 'S24_4258', 26, '85.70', 3),
(10112, 'S10_1949', 29, '197.16', 1),
(10112, 'S18_2949', 23, '85.10', 2),
(10113, 'S12_1666', 21, '121.64', 2),
(10113, 'S18_1097', 49, '101.50', 4),
(10113, 'S18_4668', 50, '43.27', 3),
(10113, 'S32_3522', 23, '58.82', 1),
(10114, 'S10_4962', 31, '128.53', 8),
(10114, 'S18_2319', 39, '106.78', 3),
(10114, 'S18_2432', 45, '53.48', 6),
(10114, 'S18_3232', 48, '169.34', 4),
(10114, 'S18_4600', 41, '105.34', 9),
(10114, 'S24_2300', 21, '102.23', 5),
(10114, 'S24_2840', 24, '28.64', 1),
(10114, 'S32_1268', 32, '88.61', 7),
(10114, 'S32_2509', 28, '43.83', 2),
(10114, 'S700_2824', 42, '82.94', 10),
(10115, 'S12_4473', 46, '111.39', 5),
(10115, 'S18_2238', 46, '140.81', 4),
(10115, 'S24_1444', 47, '56.64', 2),
(10115, 'S24_4048', 44, '106.45', 1),
(10115, 'S50_1392', 27, '100.70', 3),
(10116, 'S32_3207', 27, '60.28', 1),
(10117, 'S12_1108', 33, '195.33', 9),
(10117, 'S12_3148', 43, '148.06', 10),
(10117, 'S12_3891', 39, '173.02', 8),
(10117, 'S18_3140', 26, '121.57', 5),
(10117, 'S18_3259', 21, '81.68', 7),
(10117, 'S18_4027', 22, '122.08', 12),
(10117, 'S18_4522', 23, '73.73', 4),
(10117, 'S24_2011', 41, '119.20', 3),
(10117, 'S50_1514', 21, '55.65', 11),
(10117, 'S700_1938', 38, '75.35', 6),
(10117, 'S700_3962', 45, '89.38', 1),
(10117, 'S72_3212', 50, '52.42', 2),
(10118, 'S700_3505', 36, '86.15', 1),
(10119, 'S10_4757', 46, '112.88', 11),
(10119, 'S18_1662', 43, '151.38', 3),
(10119, 'S18_3029', 21, '74.84', 9),
(10119, 'S18_3856', 27, '95.28', 8),
(10119, 'S24_2841', 41, '64.40', 4),
(10119, 'S24_3151', 35, '72.58', 13),
(10119, 'S24_3420', 20, '63.12', 5),
(10119, 'S24_3816', 35, '82.18', 10),
(10119, 'S24_3949', 28, '62.10', 2),
(10119, 'S700_1138', 25, '57.34', 14),
(10119, 'S700_2047', 29, '74.23', 7),
(10119, 'S700_2610', 38, '67.22', 12),
(10119, 'S700_4002', 26, '63.67', 1),
(10119, 'S72_1253', 28, '40.22', 6),
(10120, 'S10_2016', 29, '118.94', 3),
(10120, 'S10_4698', 46, '158.80', 2),
(10120, 'S18_2581', 29, '82.79', 8),
(10120, 'S18_2625', 46, '57.54', 4),
(10120, 'S24_1578', 35, '110.45', 1),
(10120, 'S24_1785', 39, '93.01', 10),
(10120, 'S24_2000', 34, '72.36', 5),
(10120, 'S24_4278', 29, '71.73', 9),
(10120, 'S32_1374', 22, '94.90', 6),
(10120, 'S32_4289', 29, '68.79', 11),
(10120, 'S50_1341', 49, '41.46', 12),
(10120, 'S700_1691', 47, '91.34', 13),
(10120, 'S700_2466', 24, '81.77', 15),
(10120, 'S700_2834', 24, '106.79', 7),
(10120, 'S700_3167', 43, '72.00', 14),
(10121, 'S10_1678', 34, '86.13', 5),
(10121, 'S12_2823', 50, '126.52', 4),
(10121, 'S24_2360', 32, '58.18', 2),
(10121, 'S32_4485', 25, '95.93', 3),
(10121, 'S50_4713', 44, '72.41', 1),
(10122, 'S12_1099', 42, '155.66', 10),
(10122, 'S12_3380', 37, '113.92', 8),
(10122, 'S12_3990', 32, '65.44', 11),
(10122, 'S12_4675', 20, '104.80', 7),
(10122, 'S18_1129', 34, '114.65', 2),
(10122, 'S18_1889', 43, '62.37', 6),
(10122, 'S18_1984', 31, '113.80', 1),
(10122, 'S18_3232', 25, '137.17', 3),
(10122, 'S18_3278', 21, '69.15', 13),
(10122, 'S18_3482', 21, '133.76', 12),
(10122, 'S18_3782', 35, '59.06', 16),
(10122, 'S18_4721', 28, '145.82', 15),
(10122, 'S24_2972', 39, '34.74', 4),
(10122, 'S24_3371', 34, '50.82', 9),
(10122, 'S24_3856', 43, '136.22', 5),
(10122, 'S24_4620', 29, '67.10', 14),
(10122, 'S32_2206', 31, '33.79', 17),
(10123, 'S18_1589', 26, '120.71', 2),
(10123, 'S18_2870', 46, '114.84', 3),
(10123, 'S18_3685', 34, '117.26', 4),
(10123, 'S24_1628', 50, '43.27', 1),
(10124, 'S18_1749', 21, '153.00', 6),
(10124, 'S18_2248', 42, '58.12', 5),
(10124, 'S18_2325', 42, '111.87', 3),
(10124, 'S18_4409', 36, '75.46', 7),
(10124, 'S18_4933', 23, '66.28', 8),
(10124, 'S24_1046', 22, '62.47', 12),
(10124, 'S24_1937', 45, '30.53', 2),
(10124, 'S24_2022', 22, '36.29', 1),
(10124, 'S24_2766', 32, '74.51', 10),
(10124, 'S24_2887', 25, '93.95', 9),
(10124, 'S24_3191', 49, '76.19', 11),
(10124, 'S24_3432', 43, '101.73', 13),
(10124, 'S24_3969', 46, '36.11', 4),
(10125, 'S18_1342', 32, '89.38', 1),
(10125, 'S18_2795', 34, '138.38', 2),
(10126, 'S10_1949', 38, '205.73', 11),
(10126, 'S10_4962', 22, '122.62', 4),
(10126, 'S12_1666', 21, '135.30', 8),
(10126, 'S18_1097', 38, '116.67', 10),
(10126, 'S18_1367', 42, '51.21', 17),
(10126, 'S18_2432', 43, '51.05', 2),
(10126, 'S18_2949', 31, '93.21', 12),
(10126, 'S18_2957', 46, '61.84', 14),
(10126, 'S18_3136', 30, '93.20', 13),
(10126, 'S18_3320', 38, '94.25', 16),
(10126, 'S18_4600', 50, '102.92', 5),
(10126, 'S18_4668', 43, '47.29', 9),
(10126, 'S24_2300', 27, '122.68', 1),
(10126, 'S24_4258', 34, '83.76', 15),
(10126, 'S32_1268', 43, '82.83', 3),
(10126, 'S32_3522', 26, '62.05', 7),
(10126, 'S700_2824', 45, '97.10', 6),
(10127, 'S12_1108', 46, '193.25', 2),
(10127, 'S12_3148', 46, '140.50', 3),
(10127, 'S12_3891', 42, '169.56', 1),
(10127, 'S12_4473', 24, '100.73', 11),
(10127, 'S18_2238', 45, '140.81', 10),
(10127, 'S18_2319', 45, '114.14', 14),
(10127, 'S18_3232', 22, '149.02', 15),
(10127, 'S18_4027', 25, '126.39', 5),
(10127, 'S24_1444', 20, '50.86', 8),
(10127, 'S24_2840', 39, '34.30', 12),
(10127, 'S24_4048', 20, '107.63', 7),
(10127, 'S32_2509', 45, '46.53', 13),
(10127, 'S32_3207', 29, '60.90', 6),
(10127, 'S50_1392', 46, '111.12', 9),
(10127, 'S50_1514', 46, '55.65', 4),
(10128, 'S18_3140', 41, '120.20', 2),
(10128, 'S18_3259', 41, '80.67', 4),
(10128, 'S18_4522', 43, '77.24', 1),
(10128, 'S700_1938', 32, '72.75', 3),
(10129, 'S10_4757', 33, '123.76', 2),
(10129, 'S24_2011', 45, '113.06', 9),
(10129, 'S24_3151', 41, '81.43', 4),
(10129, 'S24_3816', 50, '76.31', 1),
(10129, 'S700_1138', 31, '58.67', 5),
(10129, 'S700_2610', 45, '72.28', 3),
(10129, 'S700_3505', 42, '90.15', 6),
(10129, 'S700_3962', 30, '94.34', 7),
(10129, 'S72_3212', 32, '44.23', 8),
(10130, 'S18_3029', 40, '68.82', 2),
(10130, 'S18_3856', 33, '99.52', 1),
(10131, 'S18_1662', 21, '141.92', 4),
(10131, 'S24_2841', 35, '60.97', 5),
(10131, 'S24_3420', 29, '52.60', 6),
(10131, 'S24_3949', 50, '54.59', 3),
(10131, 'S700_2047', 22, '76.94', 8),
(10131, 'S700_2466', 40, '86.76', 1),
(10131, 'S700_4002', 26, '63.67', 2),
(10131, 'S72_1253', 21, '40.22', 7),
(10132, 'S700_3167', 36, '80.00', 1),
(10133, 'S18_2581', 49, '80.26', 3),
(10133, 'S24_1785', 41, '109.42', 5),
(10133, 'S24_4278', 46, '61.58', 4),
(10133, 'S32_1374', 23, '80.91', 1),
(10133, 'S32_4289', 49, '67.41', 6),
(10133, 'S50_1341', 27, '37.09', 7),
(10133, 'S700_1691', 24, '76.73', 8),
(10133, 'S700_2834', 27, '115.09', 2),
(10134, 'S10_1678', 41, '90.92', 2),
(10134, 'S10_2016', 27, '116.56', 5),
(10134, 'S10_4698', 31, '187.85', 4),
(10134, 'S12_2823', 20, '131.04', 1),
(10134, 'S18_2625', 30, '51.48', 6),
(10134, 'S24_1578', 35, '94.67', 3),
(10134, 'S24_2000', 43, '75.41', 7),
(10135, 'S12_1099', 42, '173.17', 7),
(10135, 'S12_3380', 48, '110.39', 5),
(10135, 'S12_3990', 24, '72.62', 8),
(10135, 'S12_4675', 29, '103.64', 4),
(10135, 'S18_1889', 48, '66.99', 3),
(10135, 'S18_3278', 45, '65.94', 10),
(10135, 'S18_3482', 42, '139.64', 9),
(10135, 'S18_3782', 45, '49.74', 13),
(10135, 'S18_4721', 31, '133.92', 12),
(10135, 'S24_2360', 29, '67.18', 16),
(10135, 'S24_2972', 20, '34.36', 1),
(10135, 'S24_3371', 27, '52.05', 6),
(10135, 'S24_3856', 47, '139.03', 2),
(10135, 'S24_4620', 23, '76.80', 11),
(10135, 'S32_2206', 33, '38.62', 14),
(10135, 'S32_4485', 30, '91.85', 17),
(10135, 'S50_4713', 44, '78.92', 15),
(10136, 'S18_1129', 25, '117.48', 2),
(10136, 'S18_1984', 36, '120.91', 1),
(10136, 'S18_3232', 41, '169.34', 3),
(10137, 'S18_1589', 44, '115.73', 2),
(10137, 'S18_2870', 37, '110.88', 3),
(10137, 'S18_3685', 31, '118.68', 4),
(10137, 'S24_1628', 26, '40.25', 1),
(10138, 'S18_1749', 33, '149.60', 6),
(10138, 'S18_2248', 22, '51.46', 5),
(10138, 'S18_2325', 38, '114.42', 3),
(10138, 'S18_4409', 47, '79.15', 7),
(10138, 'S18_4933', 23, '64.86', 8),
(10138, 'S24_1046', 45, '59.53', 12),
(10138, 'S24_1937', 22, '33.19', 2),
(10138, 'S24_2022', 33, '38.53', 1),
(10138, 'S24_2766', 28, '73.60', 10),
(10138, 'S24_2887', 30, '96.30', 9),
(10138, 'S24_3191', 49, '77.05', 11),
(10138, 'S24_3432', 21, '99.58', 13),
(10138, 'S24_3969', 29, '32.82', 4),
(10139, 'S18_1342', 31, '89.38', 7),
(10139, 'S18_1367', 49, '52.83', 6),
(10139, 'S18_2795', 41, '151.88', 8),
(10139, 'S18_2949', 46, '91.18', 1),
(10139, 'S18_2957', 20, '52.47', 3),
(10139, 'S18_3136', 20, '101.58', 2),
(10139, 'S18_3320', 30, '81.35', 5),
(10139, 'S24_4258', 29, '93.49', 4),
(10140, 'S10_1949', 37, '186.44', 11),
(10140, 'S10_4962', 26, '131.49', 4),
(10140, 'S12_1666', 38, '118.90', 8),
(10140, 'S18_1097', 32, '95.67', 10),
(10140, 'S18_2432', 46, '51.05', 2),
(10140, 'S18_4600', 40, '100.50', 5),
(10140, 'S18_4668', 29, '40.25', 9),
(10140, 'S24_2300', 47, '118.84', 1),
(10140, 'S32_1268', 26, '87.64', 3),
(10140, 'S32_3522', 28, '62.05', 7),
(10140, 'S700_2824', 36, '101.15', 6),
(10141, 'S12_4473', 21, '114.95', 5),
(10141, 'S18_2238', 39, '160.46', 4),
(10141, 'S18_2319', 47, '103.09', 8),
(10141, 'S18_3232', 34, '143.94', 9),
(10141, 'S24_1444', 20, '50.86', 2),
(10141, 'S24_2840', 21, '32.18', 6),
(10141, 'S24_4048', 40, '104.09', 1),
(10141, 'S32_2509', 24, '53.03', 7),
(10141, 'S50_1392', 44, '94.92', 3),
(10142, 'S12_1108', 33, '166.24', 12),
(10142, 'S12_3148', 33, '140.50', 13),
(10142, 'S12_3891', 46, '167.83', 11),
(10142, 'S18_3140', 47, '129.76', 8),
(10142, 'S18_3259', 22, '95.80', 10),
(10142, 'S18_4027', 24, '122.08', 15),
(10142, 'S18_4522', 24, '79.87', 7),
(10142, 'S24_2011', 33, '114.29', 6),
(10142, 'S24_3151', 49, '74.35', 1),
(10142, 'S32_3207', 42, '60.90', 16),
(10142, 'S50_1514', 42, '56.24', 14),
(10142, 'S700_1138', 41, '55.34', 2),
(10142, 'S700_1938', 43, '77.08', 9),
(10142, 'S700_3505', 21, '92.16', 3),
(10142, 'S700_3962', 38, '91.37', 4),
(10142, 'S72_3212', 39, '46.96', 5),
(10143, 'S10_4757', 49, '133.28', 15),
(10143, 'S18_1662', 32, '126.15', 7),
(10143, 'S18_3029', 46, '70.54', 13),
(10143, 'S18_3856', 34, '99.52', 12),
(10143, 'S24_2841', 27, '63.71', 8),
(10143, 'S24_3420', 33, '59.83', 9),
(10143, 'S24_3816', 23, '74.64', 14),
(10143, 'S24_3949', 28, '55.96', 6),
(10143, 'S50_1341', 34, '34.91', 1),
(10143, 'S700_1691', 36, '86.77', 2),
(10143, 'S700_2047', 26, '87.80', 11),
(10143, 'S700_2466', 26, '79.78', 4),
(10143, 'S700_2610', 31, '69.39', 16),
(10143, 'S700_3167', 28, '70.40', 3),
(10143, 'S700_4002', 34, '65.15', 5),
(10143, 'S72_1253', 37, '49.66', 10),
(10144, 'S32_4289', 20, '56.41', 1),
(10145, 'S10_1678', 45, '76.56', 6),
(10145, 'S10_2016', 37, '104.67', 9),
(10145, 'S10_4698', 33, '154.93', 8),
(10145, 'S12_2823', 49, '146.10', 5),
(10145, 'S18_2581', 30, '71.81', 14),
(10145, 'S18_2625', 30, '52.70', 10),
(10145, 'S24_1578', 43, '103.68', 7),
(10145, 'S24_1785', 40, '87.54', 16),
(10145, 'S24_2000', 47, '63.98', 11),
(10145, 'S24_2360', 27, '56.10', 3),
(10145, 'S24_4278', 33, '71.73', 15),
(10145, 'S32_1374', 33, '99.89', 12),
(10145, 'S32_2206', 31, '39.43', 1),
(10145, 'S32_4485', 27, '95.93', 4),
(10145, 'S50_4713', 38, '73.22', 2),
(10145, 'S700_2834', 20, '113.90', 13),
(10146, 'S18_3782', 47, '60.30', 2),
(10146, 'S18_4721', 29, '130.94', 1),
(10147, 'S12_1099', 48, '161.49', 7),
(10147, 'S12_3380', 31, '110.39', 5),
(10147, 'S12_3990', 21, '74.21', 8),
(10147, 'S12_4675', 33, '97.89', 4),
(10147, 'S18_1889', 26, '70.84', 3),
(10147, 'S18_3278', 36, '74.78', 10),
(10147, 'S18_3482', 37, '129.35', 9),
(10147, 'S24_2972', 25, '33.23', 1),
(10147, 'S24_3371', 30, '48.98', 6),
(10147, 'S24_3856', 23, '123.58', 2),
(10147, 'S24_4620', 31, '72.76', 11),
(10148, 'S18_1129', 23, '114.65', 13),
(10148, 'S18_1589', 47, '108.26', 9),
(10148, 'S18_1984', 25, '136.56', 12),
(10148, 'S18_2870', 27, '113.52', 10),
(10148, 'S18_3232', 32, '143.94', 14),
(10148, 'S18_3685', 28, '135.63', 11),
(10148, 'S18_4409', 34, '83.75', 1),
(10148, 'S18_4933', 29, '66.28', 2),
(10148, 'S24_1046', 25, '65.41', 6),
(10148, 'S24_1628', 47, '46.29', 8),
(10148, 'S24_2766', 21, '77.24', 4),
(10148, 'S24_2887', 34, '115.09', 3),
(10148, 'S24_3191', 31, '71.91', 5),
(10148, 'S24_3432', 27, '96.37', 7),
(10149, 'S18_1342', 50, '87.33', 4),
(10149, 'S18_1367', 30, '48.52', 3),
(10149, 'S18_1749', 34, '156.40', 11),
(10149, 'S18_2248', 24, '50.85', 10),
(10149, 'S18_2325', 33, '125.86', 8),
(10149, 'S18_2795', 23, '167.06', 5),
(10149, 'S18_3320', 42, '89.29', 2),
(10149, 'S24_1937', 36, '31.20', 7),
(10149, 'S24_2022', 49, '39.87', 6),
(10149, 'S24_3969', 26, '38.57', 9),
(10149, 'S24_4258', 20, '90.57', 1),
(10150, 'S10_1949', 45, '182.16', 8),
(10150, 'S10_4962', 20, '121.15', 1),
(10150, 'S12_1666', 30, '135.30', 5),
(10150, 'S18_1097', 34, '95.67', 7),
(10150, 'S18_2949', 47, '93.21', 9),
(10150, 'S18_2957', 30, '56.21', 11),
(10150, 'S18_3136', 26, '97.39', 10),
(10150, 'S18_4600', 49, '111.39', 2),
(10150, 'S18_4668', 30, '47.29', 6),
(10150, 'S32_3522', 49, '62.05', 4),
(10150, 'S700_2824', 20, '95.08', 3),
(10151, 'S12_4473', 24, '114.95', 3),
(10151, 'S18_2238', 43, '152.27', 2),
(10151, 'S18_2319', 49, '106.78', 6),
(10151, 'S18_2432', 39, '58.34', 9),
(10151, 'S18_3232', 21, '167.65', 7),
(10151, 'S24_2300', 42, '109.90', 8),
(10151, 'S24_2840', 30, '29.35', 4),
(10151, 'S32_1268', 27, '84.75', 10),
(10151, 'S32_2509', 41, '43.29', 5),
(10151, 'S50_1392', 26, '108.81', 1),
(10152, 'S18_4027', 35, '117.77', 1),
(10152, 'S24_1444', 25, '49.13', 4),
(10152, 'S24_4048', 23, '112.37', 3),
(10152, 'S32_3207', 33, '57.17', 2),
(10153, 'S12_1108', 20, '201.57', 11),
(10153, 'S12_3148', 42, '128.42', 12),
(10153, 'S12_3891', 49, '155.72', 10),
(10153, 'S18_3140', 31, '125.66', 7),
(10153, 'S18_3259', 29, '82.69', 9),
(10153, 'S18_4522', 22, '82.50', 6),
(10153, 'S24_2011', 40, '111.83', 5),
(10153, 'S50_1514', 31, '53.31', 13),
(10153, 'S700_1138', 43, '58.00', 1),
(10153, 'S700_1938', 31, '80.55', 8),
(10153, 'S700_3505', 50, '87.15', 2),
(10153, 'S700_3962', 20, '85.41', 3),
(10153, 'S72_3212', 50, '51.87', 4),
(10154, 'S24_3151', 31, '75.23', 2),
(10154, 'S700_2610', 36, '59.27', 1),
(10155, 'S10_4757', 32, '129.20', 13),
(10155, 'S18_1662', 38, '138.77', 5),
(10155, 'S18_3029', 44, '83.44', 11),
(10155, 'S18_3856', 29, '105.87', 10),
(10155, 'S24_2841', 23, '62.34', 6),
(10155, 'S24_3420', 34, '56.55', 7),
(10155, 'S24_3816', 37, '76.31', 12),
(10155, 'S24_3949', 44, '58.69', 4),
(10155, 'S700_2047', 32, '89.61', 9),
(10155, 'S700_2466', 20, '87.75', 2),
(10155, 'S700_3167', 43, '76.80', 1),
(10155, 'S700_4002', 44, '70.33', 3),
(10155, 'S72_1253', 34, '49.16', 8),
(10156, 'S50_1341', 20, '43.64', 1),
(10156, 'S700_1691', 48, '77.64', 2),
(10157, 'S18_2581', 33, '69.27', 3),
(10157, 'S24_1785', 40, '89.72', 5),
(10157, 'S24_4278', 33, '66.65', 4),
(10157, 'S32_1374', 34, '83.91', 1),
(10157, 'S32_4289', 28, '56.41', 6),
(10157, 'S700_2834', 48, '109.16', 2),
(10158, 'S24_2000', 22, '67.79', 1),
(10159, 'S10_1678', 49, '81.35', 14),
(10159, 'S10_2016', 37, '101.10', 17),
(10159, 'S10_4698', 22, '170.42', 16),
(10159, 'S12_1099', 41, '188.73', 2),
(10159, 'S12_2823', 38, '131.04', 13),
(10159, 'S12_3990', 24, '67.03', 3),
(10159, 'S18_2625', 42, '51.48', 18),
(10159, 'S18_3278', 21, '66.74', 5),
(10159, 'S18_3482', 25, '129.35', 4),
(10159, 'S18_3782', 21, '54.71', 8),
(10159, 'S18_4721', 32, '142.85', 7),
(10159, 'S24_1578', 44, '100.30', 15),
(10159, 'S24_2360', 27, '67.18', 11),
(10159, 'S24_3371', 50, '49.60', 1),
(10159, 'S24_4620', 23, '80.84', 6),
(10159, 'S32_2206', 35, '39.43', 9),
(10159, 'S32_4485', 23, '86.74', 12),
(10159, 'S50_4713', 31, '78.11', 10),
(10160, 'S12_3380', 46, '96.30', 6),
(10160, 'S12_4675', 50, '93.28', 5),
(10160, 'S18_1889', 38, '70.84', 4),
(10160, 'S18_3232', 20, '140.55', 1),
(10160, 'S24_2972', 42, '30.59', 2),
(10160, 'S24_3856', 35, '130.60', 3),
(10161, 'S18_1129', 28, '121.72', 12),
(10161, 'S18_1589', 43, '102.04', 8),
(10161, 'S18_1984', 48, '139.41', 11),
(10161, 'S18_2870', 23, '125.40', 9),
(10161, 'S18_3685', 36, '132.80', 10),
(10161, 'S18_4933', 25, '62.72', 1),
(10161, 'S24_1046', 37, '73.49', 5),
(10161, 'S24_1628', 23, '47.29', 7),
(10161, 'S24_2766', 20, '82.69', 3),
(10161, 'S24_2887', 25, '108.04', 2),
(10161, 'S24_3191', 20, '72.77', 4),
(10161, 'S24_3432', 30, '94.23', 6),
(10162, 'S18_1342', 48, '87.33', 2),
(10162, 'S18_1367', 45, '45.28', 1),
(10162, 'S18_1749', 29, '141.10', 9),
(10162, 'S18_2248', 27, '53.28', 8),
(10162, 'S18_2325', 38, '113.15', 6),
(10162, 'S18_2795', 48, '156.94', 3),
(10162, 'S18_4409', 39, '86.51', 10),
(10162, 'S24_1937', 37, '27.55', 5),
(10162, 'S24_2022', 43, '38.98', 4),
(10162, 'S24_3969', 37, '32.82', 7),
(10163, 'S10_1949', 21, '212.16', 1),
(10163, 'S18_2949', 31, '101.31', 2),
(10163, 'S18_2957', 48, '59.96', 4),
(10163, 'S18_3136', 40, '101.58', 3),
(10163, 'S18_3320', 43, '80.36', 6),
(10163, 'S24_4258', 42, '96.42', 5),
(10164, 'S10_4962', 21, '143.31', 2),
(10164, 'S12_1666', 49, '121.64', 6),
(10164, 'S18_1097', 36, '103.84', 8),
(10164, 'S18_4600', 45, '107.76', 3),
(10164, 'S18_4668', 25, '46.29', 7),
(10164, 'S32_1268', 24, '91.49', 1),
(10164, 'S32_3522', 49, '57.53', 5),
(10164, 'S700_2824', 39, '86.99', 4),
(10165, 'S12_1108', 44, '168.32', 3),
(10165, 'S12_3148', 34, '123.89', 4),
(10165, 'S12_3891', 27, '152.26', 2),
(10165, 'S12_4473', 48, '109.02', 12),
(10165, 'S18_2238', 29, '134.26', 11),
(10165, 'S18_2319', 46, '120.28', 15),
(10165, 'S18_2432', 31, '60.77', 18),
(10165, 'S18_3232', 47, '154.10', 16),
(10165, 'S18_3259', 50, '84.71', 1),
(10165, 'S18_4027', 28, '123.51', 6),
(10165, 'S24_1444', 25, '46.82', 9),
(10165, 'S24_2300', 32, '117.57', 17),
(10165, 'S24_2840', 27, '31.12', 13),
(10165, 'S24_4048', 24, '106.45', 8),
(10165, 'S32_2509', 48, '50.86', 14),
(10165, 'S32_3207', 44, '55.30', 7),
(10165, 'S50_1392', 48, '106.49', 10),
(10165, 'S50_1514', 38, '49.21', 5),
(10166, 'S18_3140', 43, '136.59', 2),
(10166, 'S18_4522', 26, '72.85', 1),
(10166, 'S700_1938', 29, '76.22', 3),
(10167, 'S10_4757', 44, '123.76', 9),
(10167, 'S18_1662', 43, '141.92', 1),
(10167, 'S18_3029', 46, '69.68', 7),
(10167, 'S18_3856', 34, '84.70', 6),
(10167, 'S24_2011', 33, '110.60', 16),
(10167, 'S24_2841', 21, '54.81', 2),
(10167, 'S24_3151', 20, '77.00', 11),
(10167, 'S24_3420', 32, '64.44', 3),
(10167, 'S24_3816', 29, '73.80', 8),
(10167, 'S700_1138', 43, '66.00', 12),
(10167, 'S700_2047', 29, '87.80', 5),
(10167, 'S700_2610', 46, '62.16', 10),
(10167, 'S700_3505', 24, '85.14', 13),
(10167, 'S700_3962', 28, '83.42', 14),
(10167, 'S72_1253', 40, '42.71', 4),
(10167, 'S72_3212', 38, '43.68', 15),
(10168, 'S10_1678', 36, '94.74', 1),
(10168, 'S10_2016', 27, '97.53', 4),
(10168, 'S10_4698', 20, '160.74', 3),
(10168, 'S18_2581', 21, '75.19', 9),
(10168, 'S18_2625', 46, '49.06', 5),
(10168, 'S24_1578', 50, '103.68', 2),
(10168, 'S24_1785', 49, '93.01', 11),
(10168, 'S24_2000', 29, '72.36', 6),
(10168, 'S24_3949', 27, '57.32', 18),
(10168, 'S24_4278', 48, '68.10', 10),
(10168, 'S32_1374', 28, '89.90', 7),
(10168, 'S32_4289', 31, '57.78', 12),
(10168, 'S50_1341', 48, '39.71', 13),
(10168, 'S700_1691', 28, '91.34', 14),
(10168, 'S700_2466', 31, '87.75', 16),
(10168, 'S700_2834', 36, '94.92', 8),
(10168, 'S700_3167', 48, '72.00', 15),
(10168, 'S700_4002', 39, '67.37', 17),
(10169, 'S12_1099', 30, '163.44', 2),
(10169, 'S12_2823', 35, '126.52', 13),
(10169, 'S12_3990', 36, '71.82', 3),
(10169, 'S18_3278', 32, '65.13', 5),
(10169, 'S18_3482', 36, '136.70', 4),
(10169, 'S18_3782', 38, '52.84', 8),
(10169, 'S18_4721', 33, '120.53', 7),
(10169, 'S24_2360', 38, '66.49', 11),
(10169, 'S24_3371', 34, '53.27', 1),
(10169, 'S24_4620', 24, '77.61', 6),
(10169, 'S32_2206', 26, '37.01', 9),
(10169, 'S32_4485', 34, '83.68', 12),
(10169, 'S50_4713', 48, '75.66', 10),
(10170, 'S12_3380', 47, '116.27', 4),
(10170, 'S12_4675', 41, '93.28', 3),
(10170, 'S18_1889', 20, '70.07', 2),
(10170, 'S24_3856', 34, '130.60', 1),
(10171, 'S18_1129', 35, '134.46', 2),
(10171, 'S18_1984', 35, '128.03', 1),
(10171, 'S18_3232', 39, '165.95', 3),
(10171, 'S24_2972', 36, '34.74', 4),
(10172, 'S18_1589', 42, '109.51', 6),
(10172, 'S18_2870', 39, '117.48', 7),
(10172, 'S18_3685', 48, '139.87', 8),
(10172, 'S24_1046', 32, '61.00', 3),
(10172, 'S24_1628', 34, '43.27', 5),
(10172, 'S24_2766', 22, '79.97', 1),
(10172, 'S24_3191', 24, '77.91', 2),
(10172, 'S24_3432', 22, '87.81', 4),
(10173, 'S18_1342', 43, '101.71', 6),
(10173, 'S18_1367', 48, '51.75', 5),
(10173, 'S18_1749', 24, '168.30', 13),
(10173, 'S18_2248', 26, '55.09', 12),
(10173, 'S18_2325', 31, '127.13', 10),
(10173, 'S18_2795', 22, '140.06', 7),
(10173, 'S18_2957', 28, '56.84', 2),
(10173, 'S18_3136', 31, '86.92', 1),
(10173, 'S18_3320', 29, '90.28', 4),
(10173, 'S18_4409', 21, '77.31', 14),
(10173, 'S18_4933', 39, '58.44', 15),
(10173, 'S24_1937', 31, '29.87', 9),
(10173, 'S24_2022', 27, '39.42', 8),
(10173, 'S24_2887', 23, '98.65', 16),
(10173, 'S24_3969', 35, '35.70', 11),
(10173, 'S24_4258', 22, '93.49', 3),
(10174, 'S10_1949', 34, '207.87', 4),
(10174, 'S12_1666', 43, '113.44', 1),
(10174, 'S18_1097', 48, '108.50', 3),
(10174, 'S18_2949', 46, '100.30', 5),
(10174, 'S18_4668', 49, '44.27', 2),
(10175, 'S10_4962', 33, '119.67', 9),
(10175, 'S12_4473', 26, '109.02', 1),
(10175, 'S18_2319', 48, '101.87', 4),
(10175, 'S18_2432', 41, '59.55', 7),
(10175, 'S18_3232', 29, '150.71', 5),
(10175, 'S18_4600', 47, '102.92', 10),
(10175, 'S24_2300', 28, '121.40', 6),
(10175, 'S24_2840', 37, '32.18', 2),
(10175, 'S32_1268', 22, '89.57', 8),
(10175, 'S32_2509', 50, '50.86', 3),
(10175, 'S32_3522', 29, '56.24', 12),
(10175, 'S700_2824', 42, '80.92', 11),
(10176, 'S12_1108', 33, '166.24', 2),
(10176, 'S12_3148', 47, '145.04', 3),
(10176, 'S12_3891', 50, '160.91', 1),
(10176, 'S18_2238', 20, '139.17', 10),
(10176, 'S18_4027', 36, '140.75', 5),
(10176, 'S24_1444', 27, '55.49', 8),
(10176, 'S24_4048', 29, '101.72', 7),
(10176, 'S32_3207', 22, '62.14', 6),
(10176, 'S50_1392', 23, '109.96', 9),
(10176, 'S50_1514', 38, '52.14', 4),
(10177, 'S18_3140', 23, '113.37', 9),
(10177, 'S18_3259', 29, '92.77', 11),
(10177, 'S18_4522', 35, '82.50', 8),
(10177, 'S24_2011', 50, '115.52', 7),
(10177, 'S24_3151', 45, '79.66', 2),
(10177, 'S700_1138', 24, '58.67', 3),
(10177, 'S700_1938', 31, '77.95', 10),
(10177, 'S700_2610', 32, '64.33', 1),
(10177, 'S700_3505', 44, '88.15', 4),
(10177, 'S700_3962', 24, '83.42', 5),
(10177, 'S72_3212', 40, '52.96', 6),
(10178, 'S10_4757', 24, '131.92', 12),
(10178, 'S18_1662', 42, '127.73', 4),
(10178, 'S18_3029', 41, '70.54', 10),
(10178, 'S18_3856', 48, '104.81', 9),
(10178, 'S24_2841', 34, '67.82', 5),
(10178, 'S24_3420', 27, '65.75', 6),
(10178, 'S24_3816', 21, '68.77', 11),
(10178, 'S24_3949', 30, '64.15', 3),
(10178, 'S700_2047', 34, '86.90', 8),
(10178, 'S700_2466', 22, '91.74', 1),
(10178, 'S700_4002', 45, '68.11', 2),
(10178, 'S72_1253', 45, '41.71', 7),
(10179, 'S18_2581', 24, '82.79', 3),
(10179, 'S24_1785', 47, '105.04', 5),
(10179, 'S24_4278', 27, '66.65', 4),
(10179, 'S32_1374', 45, '86.90', 1),
(10179, 'S32_4289', 24, '63.97', 6),
(10179, 'S50_1341', 34, '43.20', 7),
(10179, 'S700_1691', 23, '75.81', 8),
(10179, 'S700_2834', 25, '98.48', 2),
(10179, 'S700_3167', 39, '80.00', 9),
(10180, 'S10_1678', 29, '76.56', 9),
(10180, 'S10_2016', 42, '99.91', 12),
(10180, 'S10_4698', 41, '164.61', 11),
(10180, 'S12_2823', 40, '131.04', 8),
(10180, 'S18_2625', 25, '48.46', 13),
(10180, 'S18_3782', 21, '59.06', 3),
(10180, 'S18_4721', 44, '147.31', 2),
(10180, 'S24_1578', 48, '98.05', 10),
(10180, 'S24_2000', 28, '61.70', 14),
(10180, 'S24_2360', 35, '60.95', 6),
(10180, 'S24_4620', 28, '68.71', 1),
(10180, 'S32_2206', 34, '33.39', 4),
(10180, 'S32_4485', 22, '102.05', 7),
(10180, 'S50_4713', 21, '74.85', 5),
(10181, 'S12_1099', 27, '155.66', 14),
(10181, 'S12_3380', 28, '113.92', 12),
(10181, 'S12_3990', 20, '67.03', 15),
(10181, 'S12_4675', 36, '107.10', 11),
(10181, 'S18_1129', 44, '124.56', 6),
(10181, 'S18_1589', 42, '124.44', 2),
(10181, 'S18_1889', 22, '74.69', 10),
(10181, 'S18_1984', 21, '129.45', 5),
(10181, 'S18_2870', 27, '130.68', 3),
(10181, 'S18_3232', 45, '147.33', 7),
(10181, 'S18_3278', 30, '73.17', 17),
(10181, 'S18_3482', 22, '120.53', 16),
(10181, 'S18_3685', 39, '137.04', 4),
(10181, 'S24_1628', 34, '45.28', 1),
(10181, 'S24_2972', 37, '32.85', 8),
(10181, 'S24_3371', 23, '54.49', 13),
(10181, 'S24_3856', 25, '122.17', 9),
(10182, 'S18_1342', 25, '83.22', 3),
(10182, 'S18_1367', 32, '44.21', 2),
(10182, 'S18_1749', 44, '159.80', 10),
(10182, 'S18_2248', 38, '54.49', 9),
(10182, 'S18_2325', 20, '105.52', 7),
(10182, 'S18_2795', 21, '135.00', 4),
(10182, 'S18_3320', 33, '86.31', 1),
(10182, 'S18_4409', 36, '88.35', 11),
(10182, 'S18_4933', 44, '61.29', 12),
(10182, 'S24_1046', 47, '63.20', 16),
(10182, 'S24_1937', 39, '31.86', 6),
(10182, 'S24_2022', 31, '39.87', 5),
(10182, 'S24_2766', 36, '87.24', 14),
(10182, 'S24_2887', 20, '116.27', 13),
(10182, 'S24_3191', 33, '73.62', 15),
(10182, 'S24_3432', 49, '95.30', 17),
(10182, 'S24_3969', 23, '34.88', 8),
(10183, 'S10_1949', 23, '180.01', 8),
(10183, 'S10_4962', 28, '127.06', 1),
(10183, 'S12_1666', 41, '114.80', 5),
(10183, 'S18_1097', 21, '108.50', 7),
(10183, 'S18_2949', 37, '91.18', 9),
(10183, 'S18_2957', 39, '51.22', 11),
(10183, 'S18_3136', 22, '90.06', 10),
(10183, 'S18_4600', 21, '118.66', 2),
(10183, 'S18_4668', 40, '42.26', 6),
(10183, 'S24_4258', 47, '81.81', 12),
(10183, 'S32_3522', 49, '52.36', 4),
(10183, 'S700_2824', 23, '85.98', 3),
(10184, 'S12_4473', 37, '105.47', 6),
(10184, 'S18_2238', 46, '145.72', 5),
(10184, 'S18_2319', 46, '119.05', 9),
(10184, 'S18_2432', 44, '60.77', 12),
(10184, 'S18_3232', 28, '165.95', 10),
(10184, 'S24_1444', 31, '57.22', 3),
(10184, 'S24_2300', 24, '117.57', 11),
(10184, 'S24_2840', 42, '30.06', 7),
(10184, 'S24_4048', 49, '114.73', 2),
(10184, 'S32_1268', 46, '84.75', 13),
(10184, 'S32_2509', 33, '52.49', 8),
(10184, 'S32_3207', 48, '59.03', 1),
(10184, 'S50_1392', 45, '92.60', 4),
(10185, 'S12_1108', 21, '195.33', 13),
(10185, 'S12_3148', 33, '146.55', 14),
(10185, 'S12_3891', 43, '147.07', 12),
(10185, 'S18_3140', 28, '124.30', 9),
(10185, 'S18_3259', 49, '94.79', 11),
(10185, 'S18_4027', 39, '127.82', 16),
(10185, 'S18_4522', 47, '87.77', 8),
(10185, 'S24_2011', 30, '105.69', 7),
(10185, 'S24_3151', 33, '83.20', 2),
(10185, 'S50_1514', 20, '46.86', 15),
(10185, 'S700_1138', 21, '64.67', 3),
(10185, 'S700_1938', 30, '79.68', 10),
(10185, 'S700_2610', 39, '61.44', 1),
(10185, 'S700_3505', 37, '99.17', 4),
(10185, 'S700_3962', 22, '93.35', 5),
(10185, 'S72_3212', 28, '47.50', 6),
(10186, 'S10_4757', 26, '108.80', 9),
(10186, 'S18_1662', 32, '137.19', 1),
(10186, 'S18_3029', 32, '73.12', 7),
(10186, 'S18_3856', 46, '98.46', 6),
(10186, 'S24_2841', 22, '60.29', 2),
(10186, 'S24_3420', 21, '59.83', 3),
(10186, 'S24_3816', 36, '68.77', 8),
(10186, 'S700_2047', 24, '80.56', 5),
(10186, 'S72_1253', 28, '42.71', 4),
(10187, 'S18_2581', 45, '70.12', 1),
(10187, 'S24_1785', 46, '96.29', 3),
(10187, 'S24_3949', 43, '55.96', 10),
(10187, 'S24_4278', 33, '64.48', 2),
(10187, 'S32_4289', 31, '61.22', 4),
(10187, 'S50_1341', 41, '39.71', 5),
(10187, 'S700_1691', 34, '84.95', 6),
(10187, 'S700_2466', 44, '95.73', 8),
(10187, 'S700_3167', 34, '72.00', 7),
(10187, 'S700_4002', 44, '70.33', 9),
(10188, 'S10_1678', 48, '95.70', 1),
(10188, 'S10_2016', 38, '111.80', 4),
(10188, 'S10_4698', 45, '182.04', 3),
(10188, 'S18_2625', 32, '52.09', 5),
(10188, 'S24_1578', 25, '95.80', 2),
(10188, 'S24_2000', 40, '61.70', 6),
(10188, 'S32_1374', 44, '81.91', 7),
(10188, 'S700_2834', 29, '96.11', 8),
(10189, 'S12_2823', 28, '138.57', 1),
(10190, 'S24_2360', 42, '58.87', 3),
(10190, 'S32_2206', 46, '38.62', 1),
(10190, 'S32_4485', 42, '89.80', 4),
(10190, 'S50_4713', 40, '67.53', 2),
(10191, 'S12_1099', 21, '155.66', 3),
(10191, 'S12_3380', 40, '104.52', 1),
(10191, 'S12_3990', 30, '70.22', 4),
(10191, 'S18_3278', 36, '75.59', 6),
(10191, 'S18_3482', 23, '119.06', 5),
(10191, 'S18_3782', 43, '60.93', 9),
(10191, 'S18_4721', 32, '136.90', 8),
(10191, 'S24_3371', 48, '53.27', 2),
(10191, 'S24_4620', 44, '77.61', 7),
(10192, 'S12_4675', 27, '99.04', 16),
(10192, 'S18_1129', 22, '140.12', 11),
(10192, 'S18_1589', 29, '100.80', 7),
(10192, 'S18_1889', 45, '70.84', 15),
(10192, 'S18_1984', 47, '128.03', 10),
(10192, 'S18_2870', 38, '110.88', 8),
(10192, 'S18_3232', 26, '137.17', 12),
(10192, 'S18_3685', 45, '125.74', 9),
(10192, 'S24_1046', 37, '72.02', 4),
(10192, 'S24_1628', 47, '49.30', 6),
(10192, 'S24_2766', 46, '86.33', 2),
(10192, 'S24_2887', 23, '112.74', 1),
(10192, 'S24_2972', 30, '33.23', 13),
(10192, 'S24_3191', 32, '69.34', 3),
(10192, 'S24_3432', 46, '93.16', 5),
(10192, 'S24_3856', 45, '112.34', 14),
(10193, 'S18_1342', 28, '92.47', 7),
(10193, 'S18_1367', 46, '46.36', 6),
(10193, 'S18_1749', 21, '153.00', 14),
(10193, 'S18_2248', 42, '60.54', 13),
(10193, 'S18_2325', 44, '115.69', 11),
(10193, 'S18_2795', 22, '143.44', 8),
(10193, 'S18_2949', 28, '87.13', 1),
(10193, 'S18_2957', 24, '53.09', 3),
(10193, 'S18_3136', 23, '97.39', 2),
(10193, 'S18_3320', 32, '79.37', 5),
(10193, 'S18_4409', 24, '92.03', 15),
(10193, 'S18_4933', 25, '66.28', 16),
(10193, 'S24_1937', 26, '32.19', 10),
(10193, 'S24_2022', 20, '44.80', 9),
(10193, 'S24_3969', 22, '38.16', 12),
(10193, 'S24_4258', 20, '92.52', 4),
(10194, 'S10_1949', 42, '203.59', 11),
(10194, 'S10_4962', 26, '134.44', 4),
(10194, 'S12_1666', 38, '124.37', 8),
(10194, 'S18_1097', 21, '103.84', 10),
(10194, 'S18_2432', 45, '51.05', 2),
(10194, 'S18_4600', 32, '113.82', 5),
(10194, 'S18_4668', 41, '47.79', 9),
(10194, 'S24_2300', 49, '112.46', 1),
(10194, 'S32_1268', 37, '77.05', 3),
(10194, 'S32_3522', 39, '61.41', 7),
(10194, 'S700_2824', 26, '80.92', 6),
(10195, 'S12_4473', 49, '118.50', 6),
(10195, 'S18_2238', 27, '139.17', 5),
(10195, 'S18_2319', 35, '112.91', 9),
(10195, 'S18_3232', 50, '150.71', 10),
(10195, 'S24_1444', 44, '54.33', 3),
(10195, 'S24_2840', 32, '31.82', 7),
(10195, 'S24_4048', 34, '95.81', 2),
(10195, 'S32_2509', 32, '51.95', 8),
(10195, 'S32_3207', 33, '59.03', 1),
(10195, 'S50_1392', 49, '97.23', 4),
(10196, 'S12_1108', 47, '203.64', 5),
(10196, 'S12_3148', 24, '151.08', 6),
(10196, 'S12_3891', 38, '147.07', 4),
(10196, 'S18_3140', 49, '127.03', 1),
(10196, 'S18_3259', 35, '81.68', 3),
(10196, 'S18_4027', 27, '126.39', 8),
(10196, 'S50_1514', 46, '56.82', 7),
(10196, 'S700_1938', 50, '84.88', 2),
(10197, 'S10_4757', 45, '118.32', 6),
(10197, 'S18_3029', 46, '83.44', 4),
(10197, 'S18_3856', 22, '85.75', 3),
(10197, 'S18_4522', 50, '78.99', 14),
(10197, 'S24_2011', 41, '109.37', 13),
(10197, 'S24_3151', 47, '83.20', 8),
(10197, 'S24_3816', 22, '67.93', 5),
(10197, 'S700_1138', 23, '60.00', 9),
(10197, 'S700_2047', 24, '78.75', 2),
(10197, 'S700_2610', 50, '66.50', 7),
(10197, 'S700_3505', 27, '100.17', 10),
(10197, 'S700_3962', 35, '88.39', 11),
(10197, 'S72_1253', 29, '39.73', 1),
(10197, 'S72_3212', 42, '48.59', 12),
(10198, 'S18_1662', 42, '149.81', 4),
(10198, 'S24_2841', 48, '60.97', 5),
(10198, 'S24_3420', 27, '61.81', 6),
(10198, 'S24_3949', 43, '65.51', 3),
(10198, 'S700_2466', 42, '94.73', 1),
(10198, 'S700_4002', 40, '74.03', 2),
(10199, 'S50_1341', 29, '37.97', 1),
(10199, 'S700_1691', 48, '81.29', 2),
(10199, 'S700_3167', 38, '70.40', 3),
(10200, 'S18_2581', 28, '74.34', 3),
(10200, 'S24_1785', 33, '99.57', 5),
(10200, 'S24_4278', 39, '70.28', 4),
(10200, 'S32_1374', 35, '80.91', 1),
(10200, 'S32_4289', 27, '65.35', 6),
(10200, 'S700_2834', 39, '115.09', 2),
(10201, 'S10_1678', 22, '82.30', 2),
(10201, 'S10_2016', 24, '116.56', 5),
(10201, 'S10_4698', 49, '191.72', 4),
(10201, 'S12_2823', 25, '126.52', 1),
(10201, 'S18_2625', 30, '48.46', 6),
(10201, 'S24_1578', 39, '93.54', 3),
(10201, 'S24_2000', 25, '66.27', 7),
(10202, 'S18_3782', 30, '55.33', 3),
(10202, 'S18_4721', 43, '124.99', 2),
(10202, 'S24_2360', 50, '56.10', 6),
(10202, 'S24_4620', 50, '75.18', 1),
(10202, 'S32_2206', 27, '33.39', 4),
(10202, 'S32_4485', 31, '81.64', 7),
(10202, 'S50_4713', 40, '79.73', 5),
(10203, 'S12_1099', 20, '161.49', 8),
(10203, 'S12_3380', 20, '111.57', 6),
(10203, 'S12_3990', 44, '63.84', 9),
(10203, 'S12_4675', 47, '115.16', 5),
(10203, 'S18_1889', 45, '73.15', 4),
(10203, 'S18_3232', 48, '157.49', 1),
(10203, 'S18_3278', 33, '66.74', 11),
(10203, 'S18_3482', 32, '127.88', 10),
(10203, 'S24_2972', 21, '33.23', 2),
(10203, 'S24_3371', 34, '56.94', 7),
(10203, 'S24_3856', 47, '140.43', 3),
(10204, 'S18_1129', 42, '114.65', 17),
(10204, 'S18_1589', 40, '113.24', 13),
(10204, 'S18_1749', 33, '153.00', 4),
(10204, 'S18_1984', 38, '133.72', 16),
(10204, 'S18_2248', 23, '59.33', 3),
(10204, 'S18_2325', 26, '119.50', 1),
(10204, 'S18_2870', 27, '106.92', 14),
(10204, 'S18_3685', 35, '132.80', 15),
(10204, 'S18_4409', 29, '83.75', 5),
(10204, 'S18_4933', 45, '69.84', 6),
(10204, 'S24_1046', 20, '69.82', 10),
(10204, 'S24_1628', 45, '46.79', 12),
(10204, 'S24_2766', 47, '79.06', 8),
(10204, 'S24_2887', 42, '112.74', 7),
(10204, 'S24_3191', 40, '84.75', 9),
(10204, 'S24_3432', 48, '104.94', 11),
(10204, 'S24_3969', 39, '34.88', 2),
(10205, 'S18_1342', 36, '98.63', 2),
(10205, 'S18_1367', 48, '45.82', 1),
(10205, 'S18_2795', 40, '138.38', 3),
(10205, 'S24_1937', 32, '27.88', 5),
(10205, 'S24_2022', 24, '36.74', 4),
(10206, 'S10_1949', 47, '203.59', 6),
(10206, 'S12_1666', 28, '109.34', 3),
(10206, 'S18_1097', 34, '115.50', 5),
(10206, 'S18_2949', 37, '98.27', 7),
(10206, 'S18_2957', 28, '51.84', 9),
(10206, 'S18_3136', 30, '102.63', 8),
(10206, 'S18_3320', 28, '99.21', 11),
(10206, 'S18_4668', 21, '45.78', 4),
(10206, 'S24_4258', 33, '95.44', 10),
(10206, 'S32_3522', 36, '54.94', 2),
(10206, 'S700_2824', 33, '89.01', 1),
(10207, 'S10_4962', 31, '125.58', 15),
(10207, 'S12_4473', 34, '95.99', 7),
(10207, 'S18_2238', 44, '140.81', 6),
(10207, 'S18_2319', 43, '109.23', 10),
(10207, 'S18_2432', 37, '60.77', 13),
(10207, 'S18_3232', 25, '140.55', 11),
(10207, 'S18_4027', 40, '143.62', 1),
(10207, 'S18_4600', 47, '119.87', 16),
(10207, 'S24_1444', 49, '57.80', 4),
(10207, 'S24_2300', 46, '127.79', 12),
(10207, 'S24_2840', 42, '30.76', 8),
(10207, 'S24_4048', 28, '108.82', 3),
(10207, 'S32_1268', 49, '84.75', 14),
(10207, 'S32_2509', 27, '51.95', 9),
(10207, 'S32_3207', 45, '55.30', 2),
(10207, 'S50_1392', 28, '106.49', 5),
(10208, 'S12_1108', 46, '176.63', 13),
(10208, 'S12_3148', 26, '128.42', 14),
(10208, 'S12_3891', 20, '152.26', 12),
(10208, 'S18_3140', 24, '117.47', 9),
(10208, 'S18_3259', 48, '96.81', 11),
(10208, 'S18_4522', 45, '72.85', 8),
(10208, 'S24_2011', 35, '122.89', 7),
(10208, 'S24_3151', 20, '80.54', 2),
(10208, 'S50_1514', 30, '57.99', 15),
(10208, 'S700_1138', 38, '56.67', 3),
(10208, 'S700_1938', 40, '73.62', 10),
(10208, 'S700_2610', 46, '63.61', 1),
(10208, 'S700_3505', 37, '95.16', 4),
(10208, 'S700_3962', 33, '95.34', 5),
(10208, 'S72_3212', 42, '48.05', 6),
(10209, 'S10_4757', 39, '129.20', 8),
(10209, 'S18_3029', 28, '82.58', 6),
(10209, 'S18_3856', 20, '97.40', 5),
(10209, 'S24_2841', 43, '66.45', 1),
(10209, 'S24_3420', 36, '56.55', 2),
(10209, 'S24_3816', 22, '79.67', 7),
(10209, 'S700_2047', 33, '90.52', 4),
(10209, 'S72_1253', 48, '44.20', 3),
(10210, 'S10_2016', 23, '112.99', 2),
(10210, 'S10_4698', 34, '189.79', 1),
(10210, 'S18_1662', 31, '141.92', 17),
(10210, 'S18_2581', 50, '68.43', 7),
(10210, 'S18_2625', 40, '51.48', 3),
(10210, 'S24_1785', 27, '100.67', 9),
(10210, 'S24_2000', 30, '63.22', 4),
(10210, 'S24_3949', 29, '56.64', 16),
(10210, 'S24_4278', 40, '68.10', 8),
(10210, 'S32_1374', 46, '84.91', 5),
(10210, 'S32_4289', 39, '57.10', 10),
(10210, 'S50_1341', 43, '43.20', 11),
(10210, 'S700_1691', 21, '87.69', 12),
(10210, 'S700_2466', 26, '93.74', 14),
(10210, 'S700_2834', 25, '98.48', 6),
(10210, 'S700_3167', 31, '64.00', 13),
(10210, 'S700_4002', 42, '60.70', 15),
(10211, 'S10_1678', 41, '90.92', 14),
(10211, 'S12_1099', 41, '171.22', 2),
(10211, 'S12_2823', 36, '126.52', 13),
(10211, 'S12_3990', 28, '79.80', 3),
(10211, 'S18_3278', 35, '73.17', 5),
(10211, 'S18_3482', 28, '138.17', 4),
(10211, 'S18_3782', 46, '60.30', 8),
(10211, 'S18_4721', 41, '148.80', 7),
(10211, 'S24_1578', 25, '109.32', 15),
(10211, 'S24_2360', 21, '62.33', 11),
(10211, 'S24_3371', 48, '52.66', 1),
(10211, 'S24_4620', 22, '80.84', 6),
(10211, 'S32_2206', 41, '39.83', 9),
(10211, 'S32_4485', 37, '94.91', 12),
(10211, 'S50_4713', 40, '70.78', 10),
(10212, 'S12_3380', 39, '99.82', 16),
(10212, 'S12_4675', 33, '110.55', 15),
(10212, 'S18_1129', 29, '117.48', 10),
(10212, 'S18_1589', 38, '105.77', 6),
(10212, 'S18_1889', 20, '64.68', 14),
(10212, 'S18_1984', 41, '133.72', 9),
(10212, 'S18_2870', 40, '117.48', 7),
(10212, 'S18_3232', 40, '155.79', 11),
(10212, 'S18_3685', 45, '115.85', 8),
(10212, 'S24_1046', 41, '61.73', 3),
(10212, 'S24_1628', 45, '43.27', 5),
(10212, 'S24_2766', 45, '81.78', 1),
(10212, 'S24_2972', 34, '37.38', 12),
(10212, 'S24_3191', 27, '77.91', 2),
(10212, 'S24_3432', 46, '100.66', 4),
(10212, 'S24_3856', 49, '117.96', 13),
(10213, 'S18_4409', 38, '84.67', 1),
(10213, 'S18_4933', 25, '58.44', 2),
(10213, 'S24_2887', 27, '97.48', 3),
(10214, 'S18_1749', 30, '166.60', 7),
(10214, 'S18_2248', 21, '53.28', 6),
(10214, 'S18_2325', 27, '125.86', 4),
(10214, 'S18_2795', 50, '167.06', 1),
(10214, 'S24_1937', 20, '32.19', 3),
(10214, 'S24_2022', 49, '39.87', 2),
(10214, 'S24_3969', 44, '38.57', 5),
(10215, 'S10_1949', 35, '205.73', 3),
(10215, 'S18_1097', 46, '100.34', 2),
(10215, 'S18_1342', 27, '92.47', 10),
(10215, 'S18_1367', 33, '53.91', 9),
(10215, 'S18_2949', 49, '97.26', 4),
(10215, 'S18_2957', 31, '56.21', 6),
(10215, 'S18_3136', 49, '89.01', 5),
(10215, 'S18_3320', 41, '84.33', 8),
(10215, 'S18_4668', 46, '42.76', 1),
(10215, 'S24_4258', 39, '94.47', 7),
(10216, 'S12_1666', 43, '133.94', 1),
(10217, 'S10_4962', 48, '132.97', 4),
(10217, 'S18_2432', 35, '58.34', 2),
(10217, 'S18_4600', 38, '118.66', 5),
(10217, 'S24_2300', 28, '103.51', 1),
(10217, 'S32_1268', 21, '78.97', 3),
(10217, 'S32_3522', 39, '56.24', 7),
(10217, 'S700_2824', 31, '90.02', 6),
(10218, 'S18_2319', 22, '110.46', 1),
(10218, 'S18_3232', 34, '152.41', 2),
(10219, 'S12_4473', 48, '94.80', 2),
(10219, 'S18_2238', 43, '132.62', 1),
(10219, 'S24_2840', 21, '31.12', 3),
(10219, 'S32_2509', 35, '47.62', 4),
(10220, 'S12_1108', 32, '189.10', 2),
(10220, 'S12_3148', 30, '151.08', 3),
(10220, 'S12_3891', 27, '166.10', 1),
(10220, 'S18_4027', 50, '126.39', 5),
(10220, 'S24_1444', 26, '48.55', 8),
(10220, 'S24_4048', 37, '101.72', 7),
(10220, 'S32_3207', 20, '49.71', 6),
(10220, 'S50_1392', 37, '92.60', 9),
(10220, 'S50_1514', 30, '56.82', 4),
(10221, 'S18_3140', 33, '133.86', 3),
(10221, 'S18_3259', 23, '89.75', 5),
(10221, 'S18_4522', 39, '84.26', 2),
(10221, 'S24_2011', 49, '113.06', 1),
(10221, 'S700_1938', 23, '69.29', 4),
(10222, 'S10_4757', 49, '133.28', 12),
(10222, 'S18_1662', 49, '137.19', 4),
(10222, 'S18_3029', 49, '79.14', 10),
(10222, 'S18_3856', 45, '88.93', 9),
(10222, 'S24_2841', 32, '56.86', 5),
(10222, 'S24_3151', 47, '74.35', 14),
(10222, 'S24_3420', 43, '61.15', 6),
(10222, 'S24_3816', 46, '77.99', 11),
(10222, 'S24_3949', 48, '55.27', 3),
(10222, 'S700_1138', 31, '58.67', 15),
(10222, 'S700_2047', 26, '80.56', 8),
(10222, 'S700_2466', 37, '90.75', 1),
(10222, 'S700_2610', 36, '69.39', 13),
(10222, 'S700_3505', 38, '84.14', 16),
(10222, 'S700_3962', 31, '81.43', 17),
(10222, 'S700_4002', 43, '66.63', 2),
(10222, 'S72_1253', 31, '45.19', 7),
(10222, 'S72_3212', 36, '48.59', 18),
(10223, 'S10_1678', 37, '80.39', 1),
(10223, 'S10_2016', 47, '110.61', 4),
(10223, 'S10_4698', 49, '189.79', 3),
(10223, 'S18_2581', 47, '67.58', 9),
(10223, 'S18_2625', 28, '58.75', 5),
(10223, 'S24_1578', 32, '104.81', 2),
(10223, 'S24_1785', 34, '87.54', 11),
(10223, 'S24_2000', 38, '60.94', 6),
(10223, 'S24_4278', 23, '68.10', 10),
(10223, 'S32_1374', 21, '90.90', 7),
(10223, 'S32_4289', 20, '66.73', 12),
(10223, 'S50_1341', 41, '41.02', 13),
(10223, 'S700_1691', 25, '84.03', 14),
(10223, 'S700_2834', 29, '113.90', 8),
(10223, 'S700_3167', 26, '79.20', 15),
(10224, 'S12_2823', 43, '141.58', 6),
(10224, 'S18_3782', 38, '57.20', 1),
(10224, 'S24_2360', 37, '60.26', 4),
(10224, 'S32_2206', 43, '37.01', 2),
(10224, 'S32_4485', 30, '94.91', 5),
(10224, 'S50_4713', 50, '81.36', 3),
(10225, 'S12_1099', 27, '157.60', 9),
(10225, 'S12_3380', 25, '101.00', 7),
(10225, 'S12_3990', 37, '64.64', 10),
(10225, 'S12_4675', 21, '100.19', 6),
(10225, 'S18_1129', 32, '116.06', 1),
(10225, 'S18_1889', 47, '71.61', 5),
(10225, 'S18_3232', 43, '162.57', 2),
(10225, 'S18_3278', 37, '69.96', 12),
(10225, 'S18_3482', 27, '119.06', 11),
(10225, 'S18_4721', 35, '135.41', 14),
(10225, 'S24_2972', 42, '34.74', 3),
(10225, 'S24_3371', 24, '51.43', 8),
(10225, 'S24_3856', 40, '130.60', 4),
(10225, 'S24_4620', 46, '77.61', 13),
(10226, 'S18_1589', 38, '108.26', 4),
(10226, 'S18_1984', 24, '129.45', 7),
(10226, 'S18_2870', 24, '125.40', 5),
(10226, 'S18_3685', 46, '122.91', 6),
(10226, 'S24_1046', 21, '65.41', 1),
(10226, 'S24_1628', 36, '47.79', 3),
(10226, 'S24_3432', 48, '95.30', 2),
(10227, 'S18_1342', 25, '85.27', 3),
(10227, 'S18_1367', 31, '50.14', 2),
(10227, 'S18_1749', 26, '136.00', 10),
(10227, 'S18_2248', 28, '59.93', 9),
(10227, 'S18_2325', 46, '118.23', 7),
(10227, 'S18_2795', 29, '146.81', 4),
(10227, 'S18_3320', 33, '99.21', 1),
(10227, 'S18_4409', 34, '87.43', 11),
(10227, 'S18_4933', 37, '70.56', 12),
(10227, 'S24_1937', 42, '27.22', 6),
(10227, 'S24_2022', 24, '39.42', 5),
(10227, 'S24_2766', 47, '84.51', 14),
(10227, 'S24_2887', 33, '102.17', 13),
(10227, 'S24_3191', 40, '78.76', 15),
(10227, 'S24_3969', 27, '34.88', 8),
(10228, 'S10_1949', 29, '214.30', 2),
(10228, 'S18_1097', 32, '100.34', 1),
(10228, 'S18_2949', 24, '101.31', 3),
(10228, 'S18_2957', 45, '57.46', 5),
(10228, 'S18_3136', 31, '100.53', 4),
(10228, 'S24_4258', 33, '84.73', 6),
(10229, 'S10_4962', 50, '138.88', 9),
(10229, 'S12_1666', 25, '110.70', 13),
(10229, 'S12_4473', 36, '95.99', 1),
(10229, 'S18_2319', 26, '104.32', 4),
(10229, 'S18_2432', 28, '53.48', 7),
(10229, 'S18_3232', 22, '157.49', 5),
(10229, 'S18_4600', 41, '119.87', 10),
(10229, 'S18_4668', 39, '43.77', 14),
(10229, 'S24_2300', 48, '115.01', 6),
(10229, 'S24_2840', 33, '34.65', 2),
(10229, 'S32_1268', 25, '78.97', 8),
(10229, 'S32_2509', 23, '49.78', 3),
(10229, 'S32_3522', 30, '52.36', 12),
(10229, 'S700_2824', 50, '91.04', 11),
(10230, 'S12_3148', 43, '128.42', 1),
(10230, 'S18_2238', 49, '153.91', 8),
(10230, 'S18_4027', 42, '142.18', 3),
(10230, 'S24_1444', 36, '47.40', 6),
(10230, 'S24_4048', 45, '99.36', 5),
(10230, 'S32_3207', 46, '59.03', 4),
(10230, 'S50_1392', 34, '100.70', 7),
(10230, 'S50_1514', 43, '57.41', 2),
(10231, 'S12_1108', 42, '193.25', 2),
(10231, 'S12_3891', 49, '147.07', 1),
(10232, 'S18_3140', 22, '133.86', 6),
(10232, 'S18_3259', 48, '97.81', 8),
(10232, 'S18_4522', 23, '78.12', 5),
(10232, 'S24_2011', 46, '113.06', 4),
(10232, 'S700_1938', 26, '84.88', 7),
(10232, 'S700_3505', 48, '86.15', 1),
(10232, 'S700_3962', 35, '81.43', 2),
(10232, 'S72_3212', 24, '48.59', 3),
(10233, 'S24_3151', 40, '70.81', 2),
(10233, 'S700_1138', 36, '66.00', 3),
(10233, 'S700_2610', 29, '67.94', 1),
(10234, 'S10_4757', 48, '118.32', 9),
(10234, 'S18_1662', 50, '146.65', 1),
(10234, 'S18_3029', 48, '84.30', 7),
(10234, 'S18_3856', 39, '85.75', 6),
(10234, 'S24_2841', 44, '67.14', 2),
(10234, 'S24_3420', 25, '65.09', 3),
(10234, 'S24_3816', 31, '78.83', 8),
(10234, 'S700_2047', 29, '83.28', 5),
(10234, 'S72_1253', 40, '45.69', 4),
(10235, 'S18_2581', 24, '81.95', 3),
(10235, 'S24_1785', 23, '89.72', 5),
(10235, 'S24_3949', 33, '55.27', 12),
(10235, 'S24_4278', 40, '63.03', 4),
(10235, 'S32_1374', 41, '90.90', 1),
(10235, 'S32_4289', 34, '66.73', 6),
(10235, 'S50_1341', 41, '37.09', 7),
(10235, 'S700_1691', 25, '88.60', 8),
(10235, 'S700_2466', 38, '92.74', 10),
(10235, 'S700_2834', 25, '116.28', 2),
(10235, 'S700_3167', 32, '73.60', 9),
(10235, 'S700_4002', 34, '70.33', 11),
(10236, 'S10_2016', 22, '105.86', 1),
(10236, 'S18_2625', 23, '52.70', 2),
(10236, 'S24_2000', 36, '65.51', 3),
(10237, 'S10_1678', 23, '91.87', 7),
(10237, 'S10_4698', 39, '158.80', 9),
(10237, 'S12_2823', 32, '129.53', 6),
(10237, 'S18_3782', 26, '49.74', 1),
(10237, 'S24_1578', 20, '109.32', 8),
(10237, 'S24_2360', 26, '62.33', 4),
(10237, 'S32_2206', 26, '35.00', 2),
(10237, 'S32_4485', 27, '94.91', 5),
(10237, 'S50_4713', 20, '78.92', 3),
(10238, 'S12_1099', 28, '161.49', 3),
(10238, 'S12_3380', 29, '104.52', 1),
(10238, 'S12_3990', 20, '73.42', 4),
(10238, 'S18_3278', 41, '68.35', 6),
(10238, 'S18_3482', 49, '144.05', 5),
(10238, 'S18_4721', 44, '120.53', 8),
(10238, 'S24_3371', 47, '53.88', 2),
(10238, 'S24_4620', 22, '67.91', 7),
(10239, 'S12_4675', 21, '100.19', 5),
(10239, 'S18_1889', 46, '70.07', 4),
(10239, 'S18_3232', 47, '135.47', 1),
(10239, 'S24_2972', 20, '32.47', 2),
(10239, 'S24_3856', 29, '133.41', 3),
(10240, 'S18_1129', 41, '125.97', 3),
(10240, 'S18_1984', 37, '136.56', 2),
(10240, 'S18_3685', 37, '134.22', 1),
(10241, 'S18_1589', 21, '119.46', 11),
(10241, 'S18_1749', 41, '153.00', 2),
(10241, 'S18_2248', 33, '55.70', 1),
(10241, 'S18_2870', 44, '126.72', 12),
(10241, 'S18_4409', 42, '77.31', 3),
(10241, 'S18_4933', 30, '62.72', 4),
(10241, 'S24_1046', 22, '72.02', 8),
(10241, 'S24_1628', 21, '47.29', 10),
(10241, 'S24_2766', 47, '89.05', 6),
(10241, 'S24_2887', 28, '117.44', 5),
(10241, 'S24_3191', 26, '69.34', 7),
(10241, 'S24_3432', 27, '107.08', 9),
(10242, 'S24_3969', 46, '36.52', 1),
(10243, 'S18_2325', 47, '111.87', 2),
(10243, 'S24_1937', 33, '30.87', 1),
(10244, 'S18_1342', 40, '99.66', 7),
(10244, 'S18_1367', 20, '48.52', 6),
(10244, 'S18_2795', 43, '141.75', 8),
(10244, 'S18_2949', 30, '87.13', 1),
(10244, 'S18_2957', 24, '54.96', 3),
(10244, 'S18_3136', 29, '85.87', 2),
(10244, 'S18_3320', 36, '87.30', 5),
(10244, 'S24_2022', 39, '42.11', 9),
(10244, 'S24_4258', 40, '97.39', 4),
(10245, 'S10_1949', 34, '195.01', 9),
(10245, 'S10_4962', 28, '147.74', 2),
(10245, 'S12_1666', 38, '120.27', 6),
(10245, 'S18_1097', 29, '114.34', 8),
(10245, 'S18_4600', 21, '111.39', 3),
(10245, 'S18_4668', 45, '48.80', 7),
(10245, 'S32_1268', 37, '81.86', 1),
(10245, 'S32_3522', 44, '54.94', 5),
(10245, 'S700_2824', 44, '81.93', 4),
(10246, 'S12_4473', 46, '99.54', 5),
(10246, 'S18_2238', 40, '144.08', 4),
(10246, 'S18_2319', 22, '100.64', 8),
(10246, 'S18_2432', 30, '57.73', 11),
(10246, 'S18_3232', 36, '145.63', 9),
(10246, 'S24_1444', 44, '46.24', 2),
(10246, 'S24_2300', 29, '118.84', 10),
(10246, 'S24_2840', 49, '34.65', 6),
(10246, 'S24_4048', 46, '100.54', 1),
(10246, 'S32_2509', 35, '45.45', 7),
(10246, 'S50_1392', 22, '113.44', 3),
(10247, 'S12_1108', 44, '195.33', 2),
(10247, 'S12_3148', 25, '140.50', 3),
(10247, 'S12_3891', 27, '167.83', 1),
(10247, 'S18_4027', 48, '143.62', 5),
(10247, 'S32_3207', 40, '58.41', 6),
(10247, 'S50_1514', 49, '51.55', 4),
(10248, 'S10_4757', 20, '126.48', 3),
(10248, 'S18_3029', 21, '80.86', 1),
(10248, 'S18_3140', 32, '133.86', 12),
(10248, 'S18_3259', 42, '95.80', 14),
(10248, 'S18_4522', 42, '87.77', 11),
(10248, 'S24_2011', 48, '122.89', 10),
(10248, 'S24_3151', 30, '85.85', 5),
(10248, 'S24_3816', 23, '83.02', 2),
(10248, 'S700_1138', 36, '66.00', 6),
(10248, 'S700_1938', 40, '81.41', 13),
(10248, 'S700_2610', 32, '69.39', 4),
(10248, 'S700_3505', 30, '84.14', 7),
(10248, 'S700_3962', 35, '92.36', 8),
(10248, 'S72_3212', 23, '53.51', 9),
(10249, 'S18_3856', 46, '88.93', 5),
(10249, 'S24_2841', 20, '54.81', 1),
(10249, 'S24_3420', 25, '65.75', 2),
(10249, 'S700_2047', 40, '85.99', 4),
(10249, 'S72_1253', 32, '49.16', 3),
(10250, 'S18_1662', 45, '148.23', 14),
(10250, 'S18_2581', 27, '84.48', 4),
(10250, 'S24_1785', 31, '95.20', 6),
(10250, 'S24_2000', 32, '63.22', 1),
(10250, 'S24_3949', 40, '61.42', 13),
(10250, 'S24_4278', 37, '72.45', 5),
(10250, 'S32_1374', 31, '99.89', 2),
(10250, 'S32_4289', 50, '62.60', 7),
(10250, 'S50_1341', 36, '36.66', 8),
(10250, 'S700_1691', 31, '91.34', 9),
(10250, 'S700_2466', 35, '90.75', 11),
(10250, 'S700_2834', 44, '98.48', 3),
(10250, 'S700_3167', 44, '76.00', 10),
(10250, 'S700_4002', 38, '65.89', 12),
(10251, 'S10_1678', 59, '93.79', 2),
(10251, 'S10_2016', 44, '115.37', 5);
INSERT INTO `orderdetails` (`orderNumber`, `productCode`, `quantityOrdered`, `priceEach`, `orderLineNumber`) VALUES
(10251, 'S10_4698', 43, '172.36', 4),
(10251, 'S12_2823', 46, '129.53', 1),
(10251, 'S18_2625', 44, '58.15', 6),
(10251, 'S24_1578', 50, '91.29', 3),
(10252, 'S18_3278', 20, '74.78', 2),
(10252, 'S18_3482', 41, '145.52', 1),
(10252, 'S18_3782', 31, '50.36', 5),
(10252, 'S18_4721', 26, '127.97', 4),
(10252, 'S24_2360', 47, '63.03', 8),
(10252, 'S24_4620', 38, '69.52', 3),
(10252, 'S32_2206', 36, '36.21', 6),
(10252, 'S32_4485', 25, '93.89', 9),
(10252, 'S50_4713', 48, '72.41', 7),
(10253, 'S12_1099', 24, '157.60', 13),
(10253, 'S12_3380', 22, '102.17', 11),
(10253, 'S12_3990', 25, '67.03', 14),
(10253, 'S12_4675', 41, '109.40', 10),
(10253, 'S18_1129', 26, '130.22', 5),
(10253, 'S18_1589', 24, '103.29', 1),
(10253, 'S18_1889', 23, '67.76', 9),
(10253, 'S18_1984', 33, '130.87', 4),
(10253, 'S18_2870', 37, '114.84', 2),
(10253, 'S18_3232', 40, '145.63', 6),
(10253, 'S18_3685', 31, '139.87', 3),
(10253, 'S24_2972', 40, '34.74', 7),
(10253, 'S24_3371', 24, '50.82', 12),
(10253, 'S24_3856', 39, '115.15', 8),
(10254, 'S18_1749', 49, '137.70', 5),
(10254, 'S18_2248', 36, '55.09', 4),
(10254, 'S18_2325', 41, '102.98', 2),
(10254, 'S18_4409', 34, '80.99', 6),
(10254, 'S18_4933', 30, '59.87', 7),
(10254, 'S24_1046', 34, '66.88', 11),
(10254, 'S24_1628', 32, '43.27', 13),
(10254, 'S24_1937', 38, '28.88', 1),
(10254, 'S24_2766', 31, '85.42', 9),
(10254, 'S24_2887', 33, '111.57', 8),
(10254, 'S24_3191', 42, '69.34', 10),
(10254, 'S24_3432', 49, '101.73', 12),
(10254, 'S24_3969', 20, '39.80', 3),
(10255, 'S18_2795', 24, '135.00', 1),
(10255, 'S24_2022', 37, '37.63', 2),
(10256, 'S18_1342', 34, '93.49', 2),
(10256, 'S18_1367', 29, '52.83', 1),
(10257, 'S18_2949', 50, '92.19', 1),
(10257, 'S18_2957', 49, '59.34', 3),
(10257, 'S18_3136', 37, '83.78', 2),
(10257, 'S18_3320', 26, '91.27', 5),
(10257, 'S24_4258', 46, '81.81', 4),
(10258, 'S10_1949', 32, '177.87', 6),
(10258, 'S12_1666', 41, '133.94', 3),
(10258, 'S18_1097', 41, '113.17', 5),
(10258, 'S18_4668', 21, '49.81', 4),
(10258, 'S32_3522', 20, '62.70', 2),
(10258, 'S700_2824', 45, '86.99', 1),
(10259, 'S10_4962', 26, '121.15', 12),
(10259, 'S12_4473', 46, '117.32', 4),
(10259, 'S18_2238', 30, '134.26', 3),
(10259, 'S18_2319', 34, '120.28', 7),
(10259, 'S18_2432', 30, '59.55', 10),
(10259, 'S18_3232', 27, '152.41', 8),
(10259, 'S18_4600', 41, '107.76', 13),
(10259, 'S24_1444', 28, '46.82', 1),
(10259, 'S24_2300', 47, '121.40', 9),
(10259, 'S24_2840', 31, '31.47', 5),
(10259, 'S32_1268', 45, '95.35', 11),
(10259, 'S32_2509', 40, '45.99', 6),
(10259, 'S50_1392', 29, '105.33', 2),
(10260, 'S12_1108', 46, '180.79', 5),
(10260, 'S12_3148', 30, '140.50', 6),
(10260, 'S12_3891', 44, '169.56', 4),
(10260, 'S18_3140', 32, '121.57', 1),
(10260, 'S18_3259', 29, '92.77', 3),
(10260, 'S18_4027', 23, '137.88', 8),
(10260, 'S24_4048', 23, '117.10', 10),
(10260, 'S32_3207', 27, '55.30', 9),
(10260, 'S50_1514', 21, '56.24', 7),
(10260, 'S700_1938', 33, '80.55', 2),
(10261, 'S10_4757', 27, '116.96', 1),
(10261, 'S18_4522', 20, '80.75', 9),
(10261, 'S24_2011', 36, '105.69', 8),
(10261, 'S24_3151', 22, '79.66', 3),
(10261, 'S700_1138', 34, '64.00', 4),
(10261, 'S700_2610', 44, '58.55', 2),
(10261, 'S700_3505', 25, '89.15', 5),
(10261, 'S700_3962', 50, '88.39', 6),
(10261, 'S72_3212', 29, '43.68', 7),
(10262, 'S18_1662', 49, '157.69', 9),
(10262, 'S18_3029', 32, '81.72', 15),
(10262, 'S18_3856', 34, '85.75', 14),
(10262, 'S24_1785', 34, '98.48', 1),
(10262, 'S24_2841', 24, '63.71', 10),
(10262, 'S24_3420', 46, '65.75', 11),
(10262, 'S24_3816', 49, '82.18', 16),
(10262, 'S24_3949', 48, '58.69', 8),
(10262, 'S32_4289', 40, '63.97', 2),
(10262, 'S50_1341', 49, '35.78', 3),
(10262, 'S700_1691', 40, '87.69', 4),
(10262, 'S700_2047', 44, '83.28', 13),
(10262, 'S700_2466', 33, '81.77', 6),
(10262, 'S700_3167', 27, '64.80', 5),
(10262, 'S700_4002', 35, '64.41', 7),
(10262, 'S72_1253', 21, '41.71', 12),
(10263, 'S10_1678', 34, '89.00', 2),
(10263, 'S10_2016', 40, '107.05', 5),
(10263, 'S10_4698', 41, '193.66', 4),
(10263, 'S12_2823', 48, '123.51', 1),
(10263, 'S18_2581', 33, '67.58', 10),
(10263, 'S18_2625', 34, '50.27', 6),
(10263, 'S24_1578', 42, '109.32', 3),
(10263, 'S24_2000', 37, '67.03', 7),
(10263, 'S24_4278', 24, '59.41', 11),
(10263, 'S32_1374', 31, '93.90', 8),
(10263, 'S700_2834', 47, '117.46', 9),
(10264, 'S18_3782', 48, '58.44', 3),
(10264, 'S18_4721', 20, '124.99', 2),
(10264, 'S24_2360', 37, '61.64', 6),
(10264, 'S24_4620', 47, '75.18', 1),
(10264, 'S32_2206', 20, '39.02', 4),
(10264, 'S32_4485', 34, '100.01', 7),
(10264, 'S50_4713', 47, '67.53', 5),
(10265, 'S18_3278', 45, '74.78', 2),
(10265, 'S18_3482', 49, '123.47', 1),
(10266, 'S12_1099', 44, '188.73', 14),
(10266, 'S12_3380', 22, '110.39', 12),
(10266, 'S12_3990', 35, '67.83', 15),
(10266, 'S12_4675', 40, '112.86', 11),
(10266, 'S18_1129', 21, '131.63', 6),
(10266, 'S18_1589', 36, '99.55', 2),
(10266, 'S18_1889', 33, '77.00', 10),
(10266, 'S18_1984', 49, '139.41', 5),
(10266, 'S18_2870', 20, '113.52', 3),
(10266, 'S18_3232', 29, '137.17', 7),
(10266, 'S18_3685', 33, '127.15', 4),
(10266, 'S24_1628', 28, '40.25', 1),
(10266, 'S24_2972', 34, '35.12', 8),
(10266, 'S24_3371', 47, '56.33', 13),
(10266, 'S24_3856', 24, '119.37', 9),
(10267, 'S18_4933', 36, '71.27', 1),
(10267, 'S24_1046', 40, '72.02', 5),
(10267, 'S24_2766', 38, '76.33', 3),
(10267, 'S24_2887', 43, '93.95', 2),
(10267, 'S24_3191', 44, '83.90', 4),
(10267, 'S24_3432', 43, '98.51', 6),
(10268, 'S18_1342', 49, '93.49', 3),
(10268, 'S18_1367', 26, '45.82', 2),
(10268, 'S18_1749', 34, '164.90', 10),
(10268, 'S18_2248', 31, '60.54', 9),
(10268, 'S18_2325', 50, '124.59', 7),
(10268, 'S18_2795', 35, '148.50', 4),
(10268, 'S18_3320', 39, '96.23', 1),
(10268, 'S18_4409', 35, '84.67', 11),
(10268, 'S24_1937', 33, '31.86', 6),
(10268, 'S24_2022', 40, '36.29', 5),
(10268, 'S24_3969', 30, '37.75', 8),
(10269, 'S18_2957', 32, '57.46', 1),
(10269, 'S24_4258', 48, '95.44', 2),
(10270, 'S10_1949', 21, '171.44', 9),
(10270, 'S10_4962', 32, '124.10', 2),
(10270, 'S12_1666', 28, '135.30', 6),
(10270, 'S18_1097', 43, '94.50', 8),
(10270, 'S18_2949', 31, '81.05', 10),
(10270, 'S18_3136', 38, '85.87', 11),
(10270, 'S18_4600', 38, '107.76', 3),
(10270, 'S18_4668', 44, '40.25', 7),
(10270, 'S32_1268', 32, '93.42', 1),
(10270, 'S32_3522', 21, '52.36', 5),
(10270, 'S700_2824', 46, '101.15', 4),
(10271, 'S12_4473', 31, '99.54', 5),
(10271, 'S18_2238', 50, '147.36', 4),
(10271, 'S18_2319', 50, '121.50', 8),
(10271, 'S18_2432', 25, '59.55', 11),
(10271, 'S18_3232', 20, '169.34', 9),
(10271, 'S24_1444', 45, '49.71', 2),
(10271, 'S24_2300', 43, '122.68', 10),
(10271, 'S24_2840', 38, '28.64', 6),
(10271, 'S24_4048', 22, '110.00', 1),
(10271, 'S32_2509', 35, '51.95', 7),
(10271, 'S50_1392', 34, '93.76', 3),
(10272, 'S12_1108', 35, '187.02', 2),
(10272, 'S12_3148', 27, '123.89', 3),
(10272, 'S12_3891', 39, '148.80', 1),
(10272, 'S18_4027', 25, '126.39', 5),
(10272, 'S32_3207', 45, '56.55', 6),
(10272, 'S50_1514', 43, '53.89', 4),
(10273, 'S10_4757', 30, '136.00', 4),
(10273, 'S18_3029', 34, '84.30', 2),
(10273, 'S18_3140', 40, '117.47', 13),
(10273, 'S18_3259', 47, '87.73', 15),
(10273, 'S18_3856', 50, '105.87', 1),
(10273, 'S18_4522', 33, '72.85', 12),
(10273, 'S24_2011', 22, '103.23', 11),
(10273, 'S24_3151', 27, '84.08', 6),
(10273, 'S24_3816', 48, '83.86', 3),
(10273, 'S700_1138', 21, '66.00', 7),
(10273, 'S700_1938', 21, '77.95', 14),
(10273, 'S700_2610', 42, '57.82', 5),
(10273, 'S700_3505', 40, '91.15', 8),
(10273, 'S700_3962', 26, '89.38', 9),
(10273, 'S72_3212', 37, '51.32', 10),
(10274, 'S18_1662', 41, '129.31', 1),
(10274, 'S24_2841', 40, '56.86', 2),
(10274, 'S24_3420', 24, '65.09', 3),
(10274, 'S700_2047', 24, '75.13', 5),
(10274, 'S72_1253', 32, '49.66', 4),
(10275, 'S10_1678', 45, '81.35', 1),
(10275, 'S10_2016', 22, '115.37', 4),
(10275, 'S10_4698', 36, '154.93', 3),
(10275, 'S18_2581', 35, '70.12', 9),
(10275, 'S18_2625', 37, '52.09', 5),
(10275, 'S24_1578', 21, '105.94', 2),
(10275, 'S24_1785', 25, '97.38', 11),
(10275, 'S24_2000', 30, '61.70', 6),
(10275, 'S24_3949', 41, '58.00', 18),
(10275, 'S24_4278', 27, '67.38', 10),
(10275, 'S32_1374', 23, '89.90', 7),
(10275, 'S32_4289', 28, '58.47', 12),
(10275, 'S50_1341', 38, '40.15', 13),
(10275, 'S700_1691', 32, '85.86', 14),
(10275, 'S700_2466', 39, '82.77', 16),
(10275, 'S700_2834', 48, '102.04', 8),
(10275, 'S700_3167', 43, '72.00', 15),
(10275, 'S700_4002', 31, '59.96', 17),
(10276, 'S12_1099', 50, '184.84', 3),
(10276, 'S12_2823', 43, '150.62', 14),
(10276, 'S12_3380', 47, '104.52', 1),
(10276, 'S12_3990', 38, '67.83', 4),
(10276, 'S18_3278', 38, '78.00', 6),
(10276, 'S18_3482', 30, '139.64', 5),
(10276, 'S18_3782', 33, '54.71', 9),
(10276, 'S18_4721', 48, '120.53', 8),
(10276, 'S24_2360', 46, '61.64', 12),
(10276, 'S24_3371', 20, '58.17', 2),
(10276, 'S24_4620', 48, '67.10', 7),
(10276, 'S32_2206', 27, '35.40', 10),
(10276, 'S32_4485', 38, '94.91', 13),
(10276, 'S50_4713', 21, '67.53', 11),
(10277, 'S12_4675', 28, '93.28', 1),
(10278, 'S18_1129', 34, '114.65', 6),
(10278, 'S18_1589', 23, '107.02', 2),
(10278, 'S18_1889', 29, '73.15', 10),
(10278, 'S18_1984', 29, '118.07', 5),
(10278, 'S18_2870', 39, '117.48', 3),
(10278, 'S18_3232', 42, '167.65', 7),
(10278, 'S18_3685', 31, '114.44', 4),
(10278, 'S24_1628', 35, '48.80', 1),
(10278, 'S24_2972', 31, '37.38', 8),
(10278, 'S24_3856', 25, '136.22', 9),
(10279, 'S18_4933', 26, '68.42', 1),
(10279, 'S24_1046', 32, '68.35', 5),
(10279, 'S24_2766', 49, '76.33', 3),
(10279, 'S24_2887', 48, '106.87', 2),
(10279, 'S24_3191', 33, '78.76', 4),
(10279, 'S24_3432', 48, '95.30', 6),
(10280, 'S10_1949', 34, '205.73', 2),
(10280, 'S18_1097', 24, '98.00', 1),
(10280, 'S18_1342', 50, '87.33', 9),
(10280, 'S18_1367', 27, '47.44', 8),
(10280, 'S18_1749', 26, '161.50', 16),
(10280, 'S18_2248', 25, '53.28', 15),
(10280, 'S18_2325', 37, '109.33', 13),
(10280, 'S18_2795', 22, '158.63', 10),
(10280, 'S18_2949', 46, '82.06', 3),
(10280, 'S18_2957', 43, '54.34', 5),
(10280, 'S18_3136', 29, '102.63', 4),
(10280, 'S18_3320', 34, '99.21', 7),
(10280, 'S18_4409', 35, '77.31', 17),
(10280, 'S24_1937', 20, '29.87', 12),
(10280, 'S24_2022', 45, '36.29', 11),
(10280, 'S24_3969', 33, '35.29', 14),
(10280, 'S24_4258', 21, '79.86', 6),
(10281, 'S10_4962', 44, '132.97', 9),
(10281, 'S12_1666', 25, '127.10', 13),
(10281, 'S12_4473', 41, '98.36', 1),
(10281, 'S18_2319', 48, '114.14', 4),
(10281, 'S18_2432', 29, '56.52', 7),
(10281, 'S18_3232', 25, '135.47', 5),
(10281, 'S18_4600', 25, '96.86', 10),
(10281, 'S18_4668', 44, '42.76', 14),
(10281, 'S24_2300', 25, '112.46', 6),
(10281, 'S24_2840', 20, '33.95', 2),
(10281, 'S32_1268', 29, '80.90', 8),
(10281, 'S32_2509', 31, '44.91', 3),
(10281, 'S32_3522', 36, '59.47', 12),
(10281, 'S700_2824', 27, '89.01', 11),
(10282, 'S12_1108', 41, '176.63', 5),
(10282, 'S12_3148', 27, '142.02', 6),
(10282, 'S12_3891', 24, '169.56', 4),
(10282, 'S18_2238', 23, '147.36', 13),
(10282, 'S18_3140', 43, '122.93', 1),
(10282, 'S18_3259', 36, '88.74', 3),
(10282, 'S18_4027', 31, '132.13', 8),
(10282, 'S24_1444', 29, '49.71', 11),
(10282, 'S24_4048', 39, '96.99', 10),
(10282, 'S32_3207', 36, '51.58', 9),
(10282, 'S50_1392', 38, '114.59', 12),
(10282, 'S50_1514', 37, '56.24', 7),
(10282, 'S700_1938', 43, '77.95', 2),
(10283, 'S10_4757', 25, '130.56', 6),
(10283, 'S18_3029', 21, '78.28', 4),
(10283, 'S18_3856', 46, '100.58', 3),
(10283, 'S18_4522', 34, '71.97', 14),
(10283, 'S24_2011', 42, '99.54', 13),
(10283, 'S24_3151', 34, '80.54', 8),
(10283, 'S24_3816', 33, '77.15', 5),
(10283, 'S700_1138', 45, '62.00', 9),
(10283, 'S700_2047', 20, '74.23', 2),
(10283, 'S700_2610', 47, '68.67', 7),
(10283, 'S700_3505', 22, '88.15', 10),
(10283, 'S700_3962', 38, '85.41', 11),
(10283, 'S72_1253', 43, '41.22', 1),
(10283, 'S72_3212', 33, '49.14', 12),
(10284, 'S18_1662', 45, '137.19', 11),
(10284, 'S18_2581', 31, '68.43', 1),
(10284, 'S24_1785', 22, '101.76', 3),
(10284, 'S24_2841', 30, '65.08', 12),
(10284, 'S24_3420', 39, '59.83', 13),
(10284, 'S24_3949', 21, '65.51', 10),
(10284, 'S24_4278', 21, '66.65', 2),
(10284, 'S32_4289', 50, '60.54', 4),
(10284, 'S50_1341', 33, '35.78', 5),
(10284, 'S700_1691', 24, '87.69', 6),
(10284, 'S700_2466', 45, '95.73', 8),
(10284, 'S700_3167', 25, '68.00', 7),
(10284, 'S700_4002', 32, '73.29', 9),
(10285, 'S10_1678', 36, '95.70', 6),
(10285, 'S10_2016', 47, '110.61', 9),
(10285, 'S10_4698', 27, '166.55', 8),
(10285, 'S12_2823', 49, '131.04', 5),
(10285, 'S18_2625', 20, '50.88', 10),
(10285, 'S24_1578', 34, '91.29', 7),
(10285, 'S24_2000', 39, '61.70', 11),
(10285, 'S24_2360', 38, '64.41', 3),
(10285, 'S32_1374', 37, '82.91', 12),
(10285, 'S32_2206', 37, '36.61', 1),
(10285, 'S32_4485', 26, '100.01', 4),
(10285, 'S50_4713', 39, '76.48', 2),
(10285, 'S700_2834', 45, '102.04', 13),
(10286, 'S18_3782', 38, '51.60', 1),
(10287, 'S12_1099', 21, '190.68', 12),
(10287, 'S12_3380', 45, '117.44', 10),
(10287, 'S12_3990', 41, '74.21', 13),
(10287, 'S12_4675', 23, '107.10', 9),
(10287, 'S18_1129', 41, '113.23', 4),
(10287, 'S18_1889', 44, '61.60', 8),
(10287, 'S18_1984', 24, '123.76', 3),
(10287, 'S18_2870', 44, '114.84', 1),
(10287, 'S18_3232', 36, '137.17', 5),
(10287, 'S18_3278', 43, '68.35', 15),
(10287, 'S18_3482', 40, '127.88', 14),
(10287, 'S18_3685', 27, '139.87', 2),
(10287, 'S18_4721', 34, '119.04', 17),
(10287, 'S24_2972', 36, '31.34', 6),
(10287, 'S24_3371', 20, '58.17', 11),
(10287, 'S24_3856', 36, '137.62', 7),
(10287, 'S24_4620', 40, '79.22', 16),
(10288, 'S18_1589', 20, '120.71', 14),
(10288, 'S18_1749', 32, '168.30', 5),
(10288, 'S18_2248', 28, '50.25', 4),
(10288, 'S18_2325', 31, '102.98', 2),
(10288, 'S18_4409', 35, '90.19', 6),
(10288, 'S18_4933', 23, '57.02', 7),
(10288, 'S24_1046', 36, '66.88', 11),
(10288, 'S24_1628', 50, '49.30', 13),
(10288, 'S24_1937', 29, '32.19', 1),
(10288, 'S24_2766', 35, '81.78', 9),
(10288, 'S24_2887', 48, '109.22', 8),
(10288, 'S24_3191', 34, '76.19', 10),
(10288, 'S24_3432', 41, '101.73', 12),
(10288, 'S24_3969', 33, '37.75', 3),
(10289, 'S18_1342', 38, '92.47', 2),
(10289, 'S18_1367', 24, '44.75', 1),
(10289, 'S18_2795', 43, '141.75', 3),
(10289, 'S24_2022', 45, '41.22', 4),
(10290, 'S18_3320', 26, '80.36', 2),
(10290, 'S24_4258', 45, '83.76', 1),
(10291, 'S10_1949', 37, '210.01', 11),
(10291, 'S10_4962', 30, '141.83', 4),
(10291, 'S12_1666', 41, '123.00', 8),
(10291, 'S18_1097', 41, '96.84', 10),
(10291, 'S18_2432', 26, '52.26', 2),
(10291, 'S18_2949', 47, '99.28', 12),
(10291, 'S18_2957', 37, '56.21', 14),
(10291, 'S18_3136', 23, '93.20', 13),
(10291, 'S18_4600', 48, '96.86', 5),
(10291, 'S18_4668', 29, '45.28', 9),
(10291, 'S24_2300', 48, '109.90', 1),
(10291, 'S32_1268', 26, '82.83', 3),
(10291, 'S32_3522', 32, '53.00', 7),
(10291, 'S700_2824', 28, '86.99', 6),
(10292, 'S12_4473', 21, '94.80', 8),
(10292, 'S18_2238', 26, '140.81', 7),
(10292, 'S18_2319', 41, '103.09', 11),
(10292, 'S18_3232', 21, '147.33', 12),
(10292, 'S18_4027', 44, '114.90', 2),
(10292, 'S24_1444', 40, '48.55', 5),
(10292, 'S24_2840', 39, '34.30', 9),
(10292, 'S24_4048', 27, '113.55', 4),
(10292, 'S32_2509', 50, '54.11', 10),
(10292, 'S32_3207', 31, '59.65', 3),
(10292, 'S50_1392', 41, '113.44', 6),
(10292, 'S50_1514', 35, '49.79', 1),
(10293, 'S12_1108', 46, '187.02', 8),
(10293, 'S12_3148', 24, '129.93', 9),
(10293, 'S12_3891', 45, '171.29', 7),
(10293, 'S18_3140', 24, '110.64', 4),
(10293, 'S18_3259', 22, '91.76', 6),
(10293, 'S18_4522', 49, '72.85', 3),
(10293, 'S24_2011', 21, '111.83', 2),
(10293, 'S700_1938', 29, '77.95', 5),
(10293, 'S72_3212', 32, '51.32', 1),
(10294, 'S700_3962', 45, '98.32', 1),
(10295, 'S10_4757', 24, '136.00', 1),
(10295, 'S24_3151', 46, '84.08', 3),
(10295, 'S700_1138', 26, '62.00', 4),
(10295, 'S700_2610', 44, '71.56', 2),
(10295, 'S700_3505', 34, '93.16', 5),
(10296, 'S18_1662', 36, '146.65', 7),
(10296, 'S18_3029', 21, '69.68', 13),
(10296, 'S18_3856', 22, '105.87', 12),
(10296, 'S24_2841', 21, '60.97', 8),
(10296, 'S24_3420', 31, '63.78', 9),
(10296, 'S24_3816', 22, '83.02', 14),
(10296, 'S24_3949', 32, '63.46', 6),
(10296, 'S50_1341', 26, '41.02', 1),
(10296, 'S700_1691', 42, '75.81', 2),
(10296, 'S700_2047', 34, '89.61', 11),
(10296, 'S700_2466', 24, '96.73', 4),
(10296, 'S700_3167', 22, '74.40', 3),
(10296, 'S700_4002', 47, '61.44', 5),
(10296, 'S72_1253', 21, '46.68', 10),
(10297, 'S18_2581', 25, '81.95', 4),
(10297, 'S24_1785', 32, '107.23', 6),
(10297, 'S24_2000', 32, '70.08', 1),
(10297, 'S24_4278', 23, '71.73', 5),
(10297, 'S32_1374', 26, '88.90', 2),
(10297, 'S32_4289', 28, '63.29', 7),
(10297, 'S700_2834', 35, '111.53', 3),
(10298, 'S10_2016', 39, '105.86', 1),
(10298, 'S18_2625', 32, '60.57', 2),
(10299, 'S10_1678', 23, '76.56', 9),
(10299, 'S10_4698', 29, '164.61', 11),
(10299, 'S12_2823', 24, '123.51', 8),
(10299, 'S18_3782', 39, '62.17', 3),
(10299, 'S18_4721', 49, '119.04', 2),
(10299, 'S24_1578', 47, '107.07', 10),
(10299, 'S24_2360', 33, '58.87', 6),
(10299, 'S24_4620', 32, '66.29', 1),
(10299, 'S32_2206', 24, '36.21', 4),
(10299, 'S32_4485', 38, '84.70', 7),
(10299, 'S50_4713', 44, '77.29', 5),
(10300, 'S12_1099', 33, '184.84', 5),
(10300, 'S12_3380', 29, '116.27', 3),
(10300, 'S12_3990', 22, '76.61', 6),
(10300, 'S12_4675', 23, '95.58', 2),
(10300, 'S18_1889', 41, '63.14', 1),
(10300, 'S18_3278', 49, '65.94', 8),
(10300, 'S18_3482', 23, '144.05', 7),
(10300, 'S24_3371', 31, '52.05', 4),
(10301, 'S18_1129', 37, '114.65', 8),
(10301, 'S18_1589', 32, '118.22', 4),
(10301, 'S18_1984', 47, '119.49', 7),
(10301, 'S18_2870', 22, '113.52', 5),
(10301, 'S18_3232', 23, '135.47', 9),
(10301, 'S18_3685', 39, '137.04', 6),
(10301, 'S24_1046', 27, '64.67', 1),
(10301, 'S24_1628', 22, '40.75', 3),
(10301, 'S24_2972', 48, '32.10', 10),
(10301, 'S24_3432', 22, '86.73', 2),
(10301, 'S24_3856', 50, '122.17', 11),
(10302, 'S18_1749', 43, '166.60', 1),
(10302, 'S18_4409', 38, '82.83', 2),
(10302, 'S18_4933', 23, '70.56', 3),
(10302, 'S24_2766', 49, '75.42', 5),
(10302, 'S24_2887', 45, '104.52', 4),
(10302, 'S24_3191', 48, '74.48', 6),
(10303, 'S18_2248', 46, '56.91', 2),
(10303, 'S24_3969', 24, '35.70', 1),
(10304, 'S10_1949', 47, '201.44', 6),
(10304, 'S12_1666', 39, '117.54', 3),
(10304, 'S18_1097', 46, '106.17', 5),
(10304, 'S18_1342', 37, '95.55', 13),
(10304, 'S18_1367', 37, '46.90', 12),
(10304, 'S18_2325', 24, '102.98', 17),
(10304, 'S18_2795', 20, '141.75', 14),
(10304, 'S18_2949', 46, '98.27', 7),
(10304, 'S18_2957', 24, '54.34', 9),
(10304, 'S18_3136', 26, '90.06', 8),
(10304, 'S18_3320', 38, '95.24', 11),
(10304, 'S18_4668', 34, '44.27', 4),
(10304, 'S24_1937', 23, '29.21', 16),
(10304, 'S24_2022', 44, '42.11', 15),
(10304, 'S24_4258', 33, '80.83', 10),
(10304, 'S32_3522', 36, '52.36', 2),
(10304, 'S700_2824', 40, '80.92', 1),
(10305, 'S10_4962', 38, '130.01', 13),
(10305, 'S12_4473', 38, '107.84', 5),
(10305, 'S18_2238', 27, '132.62', 4),
(10305, 'S18_2319', 36, '117.82', 8),
(10305, 'S18_2432', 41, '58.95', 11),
(10305, 'S18_3232', 37, '160.87', 9),
(10305, 'S18_4600', 22, '112.60', 14),
(10305, 'S24_1444', 45, '48.55', 2),
(10305, 'S24_2300', 24, '107.34', 10),
(10305, 'S24_2840', 48, '30.76', 6),
(10305, 'S24_4048', 36, '118.28', 1),
(10305, 'S32_1268', 28, '94.38', 12),
(10305, 'S32_2509', 40, '48.70', 7),
(10305, 'S50_1392', 42, '109.96', 3),
(10306, 'S12_1108', 31, '182.86', 13),
(10306, 'S12_3148', 34, '145.04', 14),
(10306, 'S12_3891', 20, '145.34', 12),
(10306, 'S18_3140', 32, '114.74', 9),
(10306, 'S18_3259', 40, '83.70', 11),
(10306, 'S18_4027', 23, '126.39', 16),
(10306, 'S18_4522', 39, '85.14', 8),
(10306, 'S24_2011', 29, '109.37', 7),
(10306, 'S24_3151', 31, '76.12', 2),
(10306, 'S32_3207', 46, '60.28', 17),
(10306, 'S50_1514', 34, '51.55', 15),
(10306, 'S700_1138', 50, '61.34', 3),
(10306, 'S700_1938', 38, '73.62', 10),
(10306, 'S700_2610', 43, '62.16', 1),
(10306, 'S700_3505', 32, '99.17', 4),
(10306, 'S700_3962', 30, '87.39', 5),
(10306, 'S72_3212', 35, '48.05', 6),
(10307, 'S10_4757', 22, '118.32', 9),
(10307, 'S18_1662', 39, '135.61', 1),
(10307, 'S18_3029', 31, '71.40', 7),
(10307, 'S18_3856', 48, '92.11', 6),
(10307, 'S24_2841', 25, '58.23', 2),
(10307, 'S24_3420', 22, '64.44', 3),
(10307, 'S24_3816', 22, '75.47', 8),
(10307, 'S700_2047', 34, '81.47', 5),
(10307, 'S72_1253', 34, '44.20', 4),
(10308, 'S10_2016', 34, '115.37', 2),
(10308, 'S10_4698', 20, '187.85', 1),
(10308, 'S18_2581', 27, '81.95', 7),
(10308, 'S18_2625', 34, '48.46', 3),
(10308, 'S24_1785', 31, '99.57', 9),
(10308, 'S24_2000', 47, '68.55', 4),
(10308, 'S24_3949', 43, '58.00', 16),
(10308, 'S24_4278', 44, '71.73', 8),
(10308, 'S32_1374', 24, '99.89', 5),
(10308, 'S32_4289', 46, '61.22', 10),
(10308, 'S50_1341', 47, '37.09', 11),
(10308, 'S700_1691', 21, '73.07', 12),
(10308, 'S700_2466', 35, '88.75', 14),
(10308, 'S700_2834', 31, '100.85', 6),
(10308, 'S700_3167', 21, '79.20', 13),
(10308, 'S700_4002', 39, '62.93', 15),
(10309, 'S10_1678', 41, '94.74', 5),
(10309, 'S12_2823', 26, '144.60', 4),
(10309, 'S24_1578', 21, '96.92', 6),
(10309, 'S24_2360', 24, '59.56', 2),
(10309, 'S32_4485', 50, '93.89', 3),
(10309, 'S50_4713', 28, '74.04', 1),
(10310, 'S12_1099', 33, '165.38', 10),
(10310, 'S12_3380', 24, '105.70', 8),
(10310, 'S12_3990', 49, '77.41', 11),
(10310, 'S12_4675', 25, '101.34', 7),
(10310, 'S18_1129', 37, '128.80', 2),
(10310, 'S18_1889', 20, '66.99', 6),
(10310, 'S18_1984', 24, '129.45', 1),
(10310, 'S18_3232', 48, '159.18', 3),
(10310, 'S18_3278', 27, '70.76', 13),
(10310, 'S18_3482', 49, '122.00', 12),
(10310, 'S18_3782', 42, '59.06', 16),
(10310, 'S18_4721', 40, '133.92', 15),
(10310, 'S24_2972', 33, '33.23', 4),
(10310, 'S24_3371', 38, '50.21', 9),
(10310, 'S24_3856', 45, '139.03', 5),
(10310, 'S24_4620', 49, '75.18', 14),
(10310, 'S32_2206', 36, '38.62', 17),
(10311, 'S18_1589', 29, '124.44', 9),
(10311, 'S18_2870', 43, '114.84', 10),
(10311, 'S18_3685', 32, '134.22', 11),
(10311, 'S18_4409', 41, '92.03', 1),
(10311, 'S18_4933', 25, '66.99', 2),
(10311, 'S24_1046', 26, '70.55', 6),
(10311, 'S24_1628', 45, '48.80', 8),
(10311, 'S24_2766', 28, '89.05', 4),
(10311, 'S24_2887', 43, '116.27', 3),
(10311, 'S24_3191', 25, '85.61', 5),
(10311, 'S24_3432', 46, '91.02', 7),
(10312, 'S10_1949', 48, '214.30', 3),
(10312, 'S18_1097', 32, '101.50', 2),
(10312, 'S18_1342', 43, '102.74', 10),
(10312, 'S18_1367', 25, '43.67', 9),
(10312, 'S18_1749', 48, '146.20', 17),
(10312, 'S18_2248', 30, '48.43', 16),
(10312, 'S18_2325', 31, '111.87', 14),
(10312, 'S18_2795', 25, '150.19', 11),
(10312, 'S18_2949', 37, '91.18', 4),
(10312, 'S18_2957', 35, '54.34', 6),
(10312, 'S18_3136', 38, '93.20', 5),
(10312, 'S18_3320', 33, '84.33', 8),
(10312, 'S18_4668', 39, '44.27', 1),
(10312, 'S24_1937', 39, '27.88', 13),
(10312, 'S24_2022', 23, '43.46', 12),
(10312, 'S24_3969', 31, '40.21', 15),
(10312, 'S24_4258', 44, '96.42', 7),
(10313, 'S10_4962', 40, '141.83', 7),
(10313, 'S12_1666', 21, '131.20', 11),
(10313, 'S18_2319', 29, '109.23', 2),
(10313, 'S18_2432', 34, '52.87', 5),
(10313, 'S18_3232', 25, '143.94', 3),
(10313, 'S18_4600', 28, '110.18', 8),
(10313, 'S24_2300', 42, '102.23', 4),
(10313, 'S32_1268', 27, '96.31', 6),
(10313, 'S32_2509', 38, '48.70', 1),
(10313, 'S32_3522', 34, '55.59', 10),
(10313, 'S700_2824', 30, '96.09', 9),
(10314, 'S12_1108', 38, '176.63', 5),
(10314, 'S12_3148', 46, '125.40', 6),
(10314, 'S12_3891', 36, '169.56', 4),
(10314, 'S12_4473', 45, '95.99', 14),
(10314, 'S18_2238', 42, '135.90', 13),
(10314, 'S18_3140', 20, '129.76', 1),
(10314, 'S18_3259', 23, '84.71', 3),
(10314, 'S18_4027', 29, '129.26', 8),
(10314, 'S24_1444', 44, '51.44', 11),
(10314, 'S24_2840', 39, '31.82', 15),
(10314, 'S24_4048', 38, '111.18', 10),
(10314, 'S32_3207', 35, '58.41', 9),
(10314, 'S50_1392', 28, '115.75', 12),
(10314, 'S50_1514', 38, '50.38', 7),
(10314, 'S700_1938', 23, '83.15', 2),
(10315, 'S18_4522', 36, '78.12', 7),
(10315, 'S24_2011', 35, '111.83', 6),
(10315, 'S24_3151', 24, '78.77', 1),
(10315, 'S700_1138', 41, '60.67', 2),
(10315, 'S700_3505', 31, '99.17', 3),
(10315, 'S700_3962', 37, '88.39', 4),
(10315, 'S72_3212', 40, '51.32', 5),
(10316, 'S10_4757', 33, '126.48', 17),
(10316, 'S18_1662', 27, '140.34', 9),
(10316, 'S18_3029', 21, '72.26', 15),
(10316, 'S18_3856', 47, '89.99', 14),
(10316, 'S24_1785', 25, '93.01', 1),
(10316, 'S24_2841', 34, '67.14', 10),
(10316, 'S24_3420', 47, '55.23', 11),
(10316, 'S24_3816', 25, '77.15', 16),
(10316, 'S24_3949', 30, '67.56', 8),
(10316, 'S32_4289', 24, '59.16', 2),
(10316, 'S50_1341', 34, '36.66', 3),
(10316, 'S700_1691', 34, '74.90', 4),
(10316, 'S700_2047', 45, '73.32', 13),
(10316, 'S700_2466', 23, '85.76', 6),
(10316, 'S700_2610', 48, '67.22', 18),
(10316, 'S700_3167', 48, '77.60', 5),
(10316, 'S700_4002', 44, '68.11', 7),
(10316, 'S72_1253', 34, '43.70', 12),
(10317, 'S24_4278', 35, '69.55', 1),
(10318, 'S10_1678', 46, '84.22', 1),
(10318, 'S10_2016', 45, '102.29', 4),
(10318, 'S10_4698', 37, '189.79', 3),
(10318, 'S18_2581', 31, '81.95', 9),
(10318, 'S18_2625', 42, '49.67', 5),
(10318, 'S24_1578', 48, '93.54', 2),
(10318, 'S24_2000', 26, '60.94', 6),
(10318, 'S32_1374', 47, '81.91', 7),
(10318, 'S700_2834', 50, '102.04', 8),
(10319, 'S12_2823', 30, '134.05', 9),
(10319, 'S18_3278', 46, '77.19', 1),
(10319, 'S18_3782', 44, '54.71', 4),
(10319, 'S18_4721', 45, '120.53', 3),
(10319, 'S24_2360', 31, '65.80', 7),
(10319, 'S24_4620', 43, '78.41', 2),
(10319, 'S32_2206', 29, '35.00', 5),
(10319, 'S32_4485', 22, '96.95', 8),
(10319, 'S50_4713', 45, '79.73', 6),
(10320, 'S12_1099', 31, '184.84', 3),
(10320, 'S12_3380', 35, '102.17', 1),
(10320, 'S12_3990', 38, '63.84', 4),
(10320, 'S18_3482', 25, '139.64', 5),
(10320, 'S24_3371', 26, '60.62', 2),
(10321, 'S12_4675', 24, '105.95', 15),
(10321, 'S18_1129', 41, '123.14', 10),
(10321, 'S18_1589', 44, '120.71', 6),
(10321, 'S18_1889', 37, '73.92', 14),
(10321, 'S18_1984', 25, '142.25', 9),
(10321, 'S18_2870', 27, '126.72', 7),
(10321, 'S18_3232', 33, '164.26', 11),
(10321, 'S18_3685', 28, '138.45', 8),
(10321, 'S24_1046', 30, '68.35', 3),
(10321, 'S24_1628', 48, '42.76', 5),
(10321, 'S24_2766', 30, '74.51', 1),
(10321, 'S24_2972', 37, '31.72', 12),
(10321, 'S24_3191', 39, '81.33', 2),
(10321, 'S24_3432', 21, '103.87', 4),
(10321, 'S24_3856', 26, '137.62', 13),
(10322, 'S10_1949', 40, '180.01', 1),
(10322, 'S10_4962', 46, '141.83', 8),
(10322, 'S12_1666', 27, '136.67', 9),
(10322, 'S18_1097', 22, '101.50', 10),
(10322, 'S18_1342', 43, '92.47', 14),
(10322, 'S18_1367', 41, '44.21', 5),
(10322, 'S18_2325', 50, '120.77', 6),
(10322, 'S18_2432', 35, '57.12', 11),
(10322, 'S18_2795', 36, '158.63', 2),
(10322, 'S18_2949', 33, '100.30', 12),
(10322, 'S18_2957', 41, '54.34', 13),
(10322, 'S18_3136', 48, '90.06', 7),
(10322, 'S24_1937', 20, '26.55', 3),
(10322, 'S24_2022', 30, '40.77', 4),
(10323, 'S18_3320', 33, '88.30', 2),
(10323, 'S18_4600', 47, '96.86', 1),
(10324, 'S12_3148', 27, '148.06', 1),
(10324, 'S12_4473', 26, '100.73', 7),
(10324, 'S18_2238', 47, '142.45', 8),
(10324, 'S18_2319', 33, '105.55', 10),
(10324, 'S18_3232', 27, '137.17', 12),
(10324, 'S18_4027', 49, '120.64', 13),
(10324, 'S18_4668', 38, '49.81', 6),
(10324, 'S24_1444', 25, '49.71', 14),
(10324, 'S24_2300', 31, '107.34', 2),
(10324, 'S24_2840', 30, '29.35', 9),
(10324, 'S24_4258', 33, '95.44', 3),
(10324, 'S32_1268', 20, '91.49', 11),
(10324, 'S32_3522', 48, '60.76', 4),
(10324, 'S700_2824', 34, '80.92', 5),
(10325, 'S10_4757', 47, '111.52', 6),
(10325, 'S12_1108', 42, '193.25', 8),
(10325, 'S12_3891', 24, '166.10', 1),
(10325, 'S18_3140', 24, '114.74', 9),
(10325, 'S24_4048', 44, '114.73', 5),
(10325, 'S32_2509', 38, '44.37', 3),
(10325, 'S32_3207', 28, '55.30', 2),
(10325, 'S50_1392', 38, '99.55', 4),
(10325, 'S50_1514', 44, '56.24', 7),
(10326, 'S18_3259', 32, '94.79', 6),
(10326, 'S18_4522', 50, '73.73', 5),
(10326, 'S24_2011', 41, '120.43', 4),
(10326, 'S24_3151', 41, '86.74', 3),
(10326, 'S24_3816', 20, '81.34', 2),
(10326, 'S700_1138', 39, '60.67', 1),
(10327, 'S18_1662', 25, '154.54', 6),
(10327, 'S18_2581', 45, '74.34', 8),
(10327, 'S18_3029', 25, '74.84', 5),
(10327, 'S700_1938', 20, '79.68', 7),
(10327, 'S700_2610', 21, '65.05', 1),
(10327, 'S700_3505', 43, '85.14', 2),
(10327, 'S700_3962', 37, '83.42', 3),
(10327, 'S72_3212', 37, '48.05', 4),
(10328, 'S18_3856', 34, '104.81', 6),
(10328, 'S24_1785', 47, '87.54', 14),
(10328, 'S24_2841', 48, '67.82', 1),
(10328, 'S24_3420', 20, '56.55', 2),
(10328, 'S24_3949', 35, '55.96', 3),
(10328, 'S24_4278', 43, '69.55', 4),
(10328, 'S32_4289', 24, '57.10', 5),
(10328, 'S50_1341', 34, '42.33', 7),
(10328, 'S700_1691', 27, '84.03', 8),
(10328, 'S700_2047', 41, '75.13', 9),
(10328, 'S700_2466', 37, '95.73', 10),
(10328, 'S700_2834', 33, '117.46', 11),
(10328, 'S700_3167', 33, '71.20', 13),
(10328, 'S700_4002', 39, '69.59', 12),
(10329, 'S10_1678', 42, '80.39', 1),
(10329, 'S10_2016', 20, '109.42', 2),
(10329, 'S10_4698', 26, '164.61', 3),
(10329, 'S12_1099', 41, '182.90', 5),
(10329, 'S12_2823', 24, '128.03', 6),
(10329, 'S12_3380', 46, '117.44', 13),
(10329, 'S12_3990', 33, '74.21', 14),
(10329, 'S12_4675', 39, '102.49', 15),
(10329, 'S18_1889', 29, '66.22', 9),
(10329, 'S18_2625', 38, '55.72', 12),
(10329, 'S18_3278', 38, '65.13', 10),
(10329, 'S24_1578', 30, '104.81', 7),
(10329, 'S24_2000', 37, '71.60', 4),
(10329, 'S32_1374', 45, '80.91', 11),
(10329, 'S72_1253', 44, '41.22', 8),
(10330, 'S18_3482', 37, '136.70', 3),
(10330, 'S18_3782', 29, '59.06', 2),
(10330, 'S18_4721', 50, '133.92', 4),
(10330, 'S24_2360', 42, '56.10', 1),
(10331, 'S18_1129', 46, '120.31', 6),
(10331, 'S18_1589', 44, '99.55', 14),
(10331, 'S18_1749', 44, '154.70', 7),
(10331, 'S18_1984', 30, '135.14', 8),
(10331, 'S18_2870', 26, '130.68', 10),
(10331, 'S18_3232', 27, '169.34', 11),
(10331, 'S18_3685', 26, '132.80', 12),
(10331, 'S24_2972', 27, '37.00', 13),
(10331, 'S24_3371', 25, '55.11', 9),
(10331, 'S24_3856', 21, '139.03', 1),
(10331, 'S24_4620', 41, '70.33', 2),
(10331, 'S32_2206', 28, '33.39', 3),
(10331, 'S32_4485', 32, '100.01', 4),
(10331, 'S50_4713', 20, '74.04', 5),
(10332, 'S18_1342', 46, '89.38', 15),
(10332, 'S18_1367', 27, '51.21', 16),
(10332, 'S18_2248', 38, '53.88', 9),
(10332, 'S18_2325', 35, '116.96', 8),
(10332, 'S18_2795', 24, '138.38', 1),
(10332, 'S18_2957', 26, '53.09', 17),
(10332, 'S18_3136', 40, '100.53', 18),
(10332, 'S18_4409', 50, '92.03', 2),
(10332, 'S18_4933', 21, '70.56', 3),
(10332, 'S24_1046', 23, '61.73', 4),
(10332, 'S24_1628', 20, '47.29', 5),
(10332, 'S24_1937', 45, '29.87', 6),
(10332, 'S24_2022', 26, '43.01', 10),
(10332, 'S24_2766', 39, '84.51', 7),
(10332, 'S24_2887', 44, '108.04', 11),
(10332, 'S24_3191', 45, '77.91', 12),
(10332, 'S24_3432', 31, '94.23', 13),
(10332, 'S24_3969', 41, '34.47', 14),
(10333, 'S10_1949', 26, '188.58', 3),
(10333, 'S12_1666', 33, '121.64', 6),
(10333, 'S18_1097', 29, '110.84', 7),
(10333, 'S18_2949', 31, '95.23', 5),
(10333, 'S18_3320', 46, '95.24', 2),
(10333, 'S18_4668', 24, '42.26', 8),
(10333, 'S24_4258', 39, '95.44', 1),
(10333, 'S32_3522', 33, '62.05', 4),
(10334, 'S10_4962', 26, '130.01', 2),
(10334, 'S18_2319', 46, '108.00', 6),
(10334, 'S18_2432', 34, '52.87', 1),
(10334, 'S18_3232', 20, '147.33', 3),
(10334, 'S18_4600', 49, '101.71', 4),
(10334, 'S24_2300', 42, '117.57', 5),
(10335, 'S24_2840', 33, '32.88', 2),
(10335, 'S32_1268', 44, '77.05', 1),
(10335, 'S32_2509', 40, '49.78', 3),
(10336, 'S12_1108', 33, '176.63', 10),
(10336, 'S12_3148', 33, '126.91', 11),
(10336, 'S12_3891', 49, '141.88', 1),
(10336, 'S12_4473', 38, '95.99', 3),
(10336, 'S18_2238', 49, '153.91', 6),
(10336, 'S18_3140', 48, '135.22', 12),
(10336, 'S18_3259', 21, '100.84', 7),
(10336, 'S24_1444', 45, '49.71', 4),
(10336, 'S24_4048', 31, '113.55', 5),
(10336, 'S32_3207', 31, '59.03', 9),
(10336, 'S50_1392', 23, '109.96', 8),
(10336, 'S700_2824', 46, '94.07', 2),
(10337, 'S10_4757', 25, '131.92', 8),
(10337, 'S18_4027', 36, '140.75', 3),
(10337, 'S18_4522', 29, '76.36', 2),
(10337, 'S24_2011', 29, '119.20', 4),
(10337, 'S50_1514', 21, '54.48', 6),
(10337, 'S700_1938', 36, '73.62', 9),
(10337, 'S700_3505', 31, '84.14', 1),
(10337, 'S700_3962', 36, '83.42', 7),
(10337, 'S72_3212', 42, '49.14', 5),
(10338, 'S18_1662', 41, '137.19', 1),
(10338, 'S18_3029', 28, '80.86', 3),
(10338, 'S18_3856', 45, '93.17', 2),
(10339, 'S10_2016', 40, '117.75', 4),
(10339, 'S10_4698', 39, '178.17', 3),
(10339, 'S18_2581', 27, '79.41', 2),
(10339, 'S18_2625', 30, '48.46', 1),
(10339, 'S24_1578', 27, '96.92', 10),
(10339, 'S24_1785', 21, '106.14', 7),
(10339, 'S24_2841', 55, '67.82', 12),
(10339, 'S24_3151', 55, '73.46', 13),
(10339, 'S24_3420', 29, '57.86', 14),
(10339, 'S24_3816', 42, '72.96', 16),
(10339, 'S24_3949', 45, '57.32', 11),
(10339, 'S700_1138', 22, '53.34', 5),
(10339, 'S700_2047', 55, '86.90', 15),
(10339, 'S700_2610', 50, '62.16', 9),
(10339, 'S700_4002', 50, '66.63', 8),
(10339, 'S72_1253', 27, '49.66', 6),
(10340, 'S24_2000', 55, '62.46', 8),
(10340, 'S24_4278', 40, '63.76', 1),
(10340, 'S32_1374', 55, '95.89', 2),
(10340, 'S32_4289', 39, '67.41', 3),
(10340, 'S50_1341', 40, '37.09', 4),
(10340, 'S700_1691', 30, '73.99', 5),
(10340, 'S700_2466', 55, '81.77', 7),
(10340, 'S700_2834', 29, '98.48', 6),
(10341, 'S10_1678', 41, '84.22', 9),
(10341, 'S12_1099', 45, '192.62', 2),
(10341, 'S12_2823', 55, '120.50', 8),
(10341, 'S12_3380', 44, '111.57', 1),
(10341, 'S12_3990', 36, '77.41', 10),
(10341, 'S12_4675', 55, '109.40', 7),
(10341, 'S24_2360', 32, '63.03', 6),
(10341, 'S32_4485', 31, '95.93', 4),
(10341, 'S50_4713', 38, '78.11', 3),
(10341, 'S700_3167', 34, '70.40', 5),
(10342, 'S18_1129', 40, '118.89', 2),
(10342, 'S18_1889', 55, '63.14', 1),
(10342, 'S18_1984', 22, '115.22', 3),
(10342, 'S18_3232', 30, '167.65', 4),
(10342, 'S18_3278', 25, '76.39', 5),
(10342, 'S18_3482', 55, '136.70', 7),
(10342, 'S18_3782', 26, '57.82', 8),
(10342, 'S18_4721', 38, '124.99', 11),
(10342, 'S24_2972', 39, '30.59', 9),
(10342, 'S24_3371', 48, '60.01', 10),
(10342, 'S24_3856', 42, '112.34', 6),
(10343, 'S18_1589', 36, '109.51', 4),
(10343, 'S18_2870', 25, '118.80', 3),
(10343, 'S18_3685', 44, '127.15', 2),
(10343, 'S24_1628', 27, '44.78', 6),
(10343, 'S24_4620', 30, '76.80', 1),
(10343, 'S32_2206', 29, '37.41', 5),
(10344, 'S18_1749', 45, '168.30', 1),
(10344, 'S18_2248', 40, '49.04', 2),
(10344, 'S18_2325', 30, '118.23', 3),
(10344, 'S18_4409', 21, '80.99', 4),
(10344, 'S18_4933', 26, '68.42', 5),
(10344, 'S24_1046', 29, '61.00', 7),
(10344, 'S24_1937', 20, '27.88', 6),
(10345, 'S24_2022', 43, '38.98', 1),
(10346, 'S18_1342', 42, '88.36', 3),
(10346, 'S24_2766', 25, '87.24', 1),
(10346, 'S24_2887', 24, '117.44', 5),
(10346, 'S24_3191', 24, '80.47', 2),
(10346, 'S24_3432', 26, '103.87', 6),
(10346, 'S24_3969', 22, '38.57', 4),
(10347, 'S10_1949', 30, '188.58', 1),
(10347, 'S10_4962', 27, '132.97', 2),
(10347, 'S12_1666', 29, '132.57', 3),
(10347, 'S18_1097', 42, '113.17', 5),
(10347, 'S18_1367', 21, '46.36', 7),
(10347, 'S18_2432', 50, '51.05', 8),
(10347, 'S18_2795', 21, '136.69', 6),
(10347, 'S18_2949', 48, '84.09', 9),
(10347, 'S18_2957', 34, '60.59', 10),
(10347, 'S18_3136', 45, '95.30', 11),
(10347, 'S18_3320', 26, '84.33', 12),
(10347, 'S18_4600', 45, '115.03', 4),
(10348, 'S12_1108', 48, '207.80', 8),
(10348, 'S12_3148', 47, '122.37', 4),
(10348, 'S18_4668', 29, '43.77', 6),
(10348, 'S24_2300', 37, '107.34', 1),
(10348, 'S24_4258', 39, '82.78', 2),
(10348, 'S32_1268', 42, '90.53', 3),
(10348, 'S32_3522', 31, '62.70', 5),
(10348, 'S700_2824', 32, '100.14', 7),
(10349, 'S12_3891', 26, '166.10', 10),
(10349, 'S12_4473', 48, '114.95', 9),
(10349, 'S18_2238', 38, '142.45', 8),
(10349, 'S18_2319', 38, '117.82', 7),
(10349, 'S18_3232', 48, '164.26', 6),
(10349, 'S18_4027', 34, '140.75', 5),
(10349, 'S24_1444', 48, '50.29', 4),
(10349, 'S24_2840', 36, '31.47', 3),
(10349, 'S24_4048', 23, '111.18', 2),
(10349, 'S32_2509', 33, '44.37', 1),
(10350, 'S10_4757', 26, '110.16', 5),
(10350, 'S18_3029', 43, '84.30', 6),
(10350, 'S18_3140', 44, '135.22', 1),
(10350, 'S18_3259', 41, '94.79', 2),
(10350, 'S18_4522', 30, '70.22', 3),
(10350, 'S24_2011', 34, '98.31', 7),
(10350, 'S24_3151', 30, '86.74', 9),
(10350, 'S24_3816', 25, '77.15', 10),
(10350, 'S32_3207', 27, '61.52', 14),
(10350, 'S50_1392', 31, '104.18', 8),
(10350, 'S50_1514', 44, '56.82', 17),
(10350, 'S700_1138', 46, '56.00', 11),
(10350, 'S700_1938', 28, '76.22', 4),
(10350, 'S700_2610', 29, '68.67', 12),
(10350, 'S700_3505', 31, '87.15', 13),
(10350, 'S700_3962', 25, '97.32', 16),
(10350, 'S72_3212', 20, '48.05', 15),
(10351, 'S18_1662', 39, '143.50', 1),
(10351, 'S18_3856', 20, '104.81', 2),
(10351, 'S24_2841', 25, '64.40', 5),
(10351, 'S24_3420', 38, '53.92', 4),
(10351, 'S24_3949', 34, '68.24', 3),
(10352, 'S700_2047', 23, '75.13', 3),
(10352, 'S700_2466', 49, '87.75', 2),
(10352, 'S700_4002', 22, '62.19', 1),
(10352, 'S72_1253', 49, '46.18', 4),
(10353, 'S18_2581', 27, '71.81', 1),
(10353, 'S24_1785', 28, '107.23', 2),
(10353, 'S24_4278', 35, '69.55', 3),
(10353, 'S32_1374', 46, '86.90', 5),
(10353, 'S32_4289', 40, '68.10', 7),
(10353, 'S50_1341', 40, '35.78', 8),
(10353, 'S700_1691', 39, '73.07', 9),
(10353, 'S700_2834', 48, '98.48', 4),
(10353, 'S700_3167', 43, '74.40', 6),
(10354, 'S10_1678', 42, '84.22', 6),
(10354, 'S10_2016', 20, '95.15', 2),
(10354, 'S10_4698', 42, '178.17', 3),
(10354, 'S12_1099', 31, '157.60', 9),
(10354, 'S12_2823', 35, '141.58', 4),
(10354, 'S12_3380', 29, '98.65', 11),
(10354, 'S12_3990', 23, '76.61', 12),
(10354, 'S12_4675', 28, '100.19', 13),
(10354, 'S18_1889', 21, '76.23', 8),
(10354, 'S18_2625', 28, '49.06', 10),
(10354, 'S18_3278', 36, '69.15', 7),
(10354, 'S24_1578', 21, '96.92', 5),
(10354, 'S24_2000', 28, '62.46', 1),
(10355, 'S18_3482', 23, '117.59', 7),
(10355, 'S18_3782', 31, '60.30', 1),
(10355, 'S18_4721', 25, '124.99', 2),
(10355, 'S24_2360', 41, '56.10', 3),
(10355, 'S24_2972', 36, '37.38', 4),
(10355, 'S24_3371', 44, '60.62', 6),
(10355, 'S24_3856', 32, '137.62', 8),
(10355, 'S24_4620', 28, '75.18', 9),
(10355, 'S32_2206', 38, '32.99', 10),
(10355, 'S32_4485', 40, '93.89', 5),
(10356, 'S18_1129', 43, '120.31', 8),
(10356, 'S18_1342', 50, '82.19', 9),
(10356, 'S18_1367', 22, '44.75', 6),
(10356, 'S18_1984', 27, '130.87', 2),
(10356, 'S18_2325', 29, '106.79', 3),
(10356, 'S18_2795', 30, '158.63', 1),
(10356, 'S24_1937', 48, '31.86', 5),
(10356, 'S24_2022', 26, '42.11', 7),
(10356, 'S50_4713', 26, '78.11', 4),
(10357, 'S10_1949', 32, '199.30', 10),
(10357, 'S10_4962', 43, '135.92', 9),
(10357, 'S12_1666', 49, '109.34', 8),
(10357, 'S18_1097', 39, '112.00', 1),
(10357, 'S18_2432', 41, '58.95', 7),
(10357, 'S18_2949', 41, '91.18', 6),
(10357, 'S18_2957', 49, '59.34', 5),
(10357, 'S18_3136', 44, '104.72', 4),
(10357, 'S18_3320', 25, '84.33', 3),
(10357, 'S18_4600', 28, '105.34', 2),
(10358, 'S12_3148', 49, '129.93', 5),
(10358, 'S12_4473', 42, '98.36', 9),
(10358, 'S18_2238', 20, '142.45', 10),
(10358, 'S18_2319', 20, '99.41', 11),
(10358, 'S18_3232', 32, '137.17', 12),
(10358, 'S18_4027', 25, '117.77', 13),
(10358, 'S18_4668', 30, '46.29', 8),
(10358, 'S24_1444', 44, '56.07', 14),
(10358, 'S24_2300', 41, '127.79', 7),
(10358, 'S24_2840', 36, '33.59', 4),
(10358, 'S24_4258', 41, '88.62', 6),
(10358, 'S32_1268', 41, '82.83', 1),
(10358, 'S32_3522', 36, '51.71', 2),
(10358, 'S700_2824', 27, '85.98', 3),
(10359, 'S10_4757', 48, '122.40', 6),
(10359, 'S12_1108', 42, '180.79', 8),
(10359, 'S12_3891', 49, '162.64', 5),
(10359, 'S24_4048', 22, '108.82', 7),
(10359, 'S32_2509', 36, '45.45', 3),
(10359, 'S32_3207', 22, '62.14', 1),
(10359, 'S50_1392', 46, '99.55', 2),
(10359, 'S50_1514', 25, '47.45', 4),
(10360, 'S18_1662', 50, '126.15', 12),
(10360, 'S18_2581', 41, '68.43', 13),
(10360, 'S18_3029', 46, '71.40', 14),
(10360, 'S18_3140', 29, '122.93', 8),
(10360, 'S18_3259', 29, '94.79', 18),
(10360, 'S18_3856', 40, '101.64', 15),
(10360, 'S18_4522', 40, '76.36', 1),
(10360, 'S24_1785', 22, '106.14', 17),
(10360, 'S24_2011', 31, '100.77', 2),
(10360, 'S24_2841', 49, '55.49', 16),
(10360, 'S24_3151', 36, '70.81', 3),
(10360, 'S24_3816', 22, '78.83', 4),
(10360, 'S700_1138', 32, '64.67', 5),
(10360, 'S700_1938', 26, '86.61', 6),
(10360, 'S700_2610', 30, '70.11', 7),
(10360, 'S700_3505', 35, '83.14', 9),
(10360, 'S700_3962', 31, '92.36', 10),
(10360, 'S72_3212', 31, '54.05', 11),
(10361, 'S10_1678', 20, '92.83', 13),
(10361, 'S10_2016', 26, '114.18', 8),
(10361, 'S24_3420', 34, '62.46', 6),
(10361, 'S24_3949', 26, '61.42', 7),
(10361, 'S24_4278', 25, '68.83', 1),
(10361, 'S32_4289', 49, '56.41', 2),
(10361, 'S50_1341', 33, '35.78', 3),
(10361, 'S700_1691', 20, '88.60', 4),
(10361, 'S700_2047', 24, '85.99', 14),
(10361, 'S700_2466', 26, '91.74', 9),
(10361, 'S700_2834', 44, '107.97', 5),
(10361, 'S700_3167', 44, '76.80', 10),
(10361, 'S700_4002', 35, '62.19', 11),
(10361, 'S72_1253', 23, '47.67', 12),
(10362, 'S10_4698', 22, '182.04', 4),
(10362, 'S12_2823', 22, '131.04', 1),
(10362, 'S18_2625', 23, '53.91', 3),
(10362, 'S24_1578', 50, '91.29', 2),
(10363, 'S12_1099', 33, '180.95', 3),
(10363, 'S12_3380', 34, '106.87', 4),
(10363, 'S12_3990', 34, '68.63', 5),
(10363, 'S12_4675', 46, '103.64', 6),
(10363, 'S18_1889', 22, '61.60', 7),
(10363, 'S18_3278', 46, '69.15', 10),
(10363, 'S18_3482', 24, '124.94', 11),
(10363, 'S18_3782', 32, '52.22', 12),
(10363, 'S18_4721', 28, '123.50', 13),
(10363, 'S24_2000', 21, '70.08', 8),
(10363, 'S24_2360', 43, '56.10', 14),
(10363, 'S24_3371', 21, '52.05', 15),
(10363, 'S24_3856', 31, '113.75', 1),
(10363, 'S24_4620', 43, '75.99', 9),
(10363, 'S32_1374', 50, '92.90', 2),
(10364, 'S32_2206', 48, '38.22', 1),
(10365, 'S18_1129', 30, '116.06', 1),
(10365, 'S32_4485', 22, '82.66', 3),
(10365, 'S50_4713', 44, '68.34', 2),
(10366, 'S18_1984', 34, '116.65', 3),
(10366, 'S18_2870', 49, '105.60', 2),
(10366, 'S18_3232', 34, '154.10', 1),
(10367, 'S18_1589', 49, '105.77', 1),
(10367, 'S18_1749', 37, '144.50', 3),
(10367, 'S18_2248', 45, '50.25', 4),
(10367, 'S18_2325', 27, '124.59', 5),
(10367, 'S18_2795', 32, '140.06', 7),
(10367, 'S18_3685', 46, '131.39', 6),
(10367, 'S18_4409', 43, '77.31', 8),
(10367, 'S18_4933', 44, '66.99', 9),
(10367, 'S24_1046', 21, '72.76', 10),
(10367, 'S24_1628', 38, '50.31', 11),
(10367, 'S24_1937', 23, '29.54', 13),
(10367, 'S24_2022', 28, '43.01', 12),
(10367, 'S24_2972', 36, '36.25', 2),
(10368, 'S24_2766', 40, '73.60', 2),
(10368, 'S24_2887', 31, '115.09', 5),
(10368, 'S24_3191', 46, '83.04', 1),
(10368, 'S24_3432', 20, '93.16', 4),
(10368, 'S24_3969', 46, '36.52', 3),
(10369, 'S10_1949', 41, '195.01', 2),
(10369, 'S18_1342', 44, '89.38', 8),
(10369, 'S18_1367', 32, '46.36', 7),
(10369, 'S18_2949', 42, '100.30', 1),
(10369, 'S18_2957', 28, '51.84', 6),
(10369, 'S18_3136', 21, '90.06', 5),
(10369, 'S18_3320', 45, '80.36', 4),
(10369, 'S24_4258', 40, '93.49', 3),
(10370, 'S10_4962', 35, '128.53', 4),
(10370, 'S12_1666', 49, '128.47', 8),
(10370, 'S18_1097', 27, '100.34', 1),
(10370, 'S18_2319', 22, '101.87', 5),
(10370, 'S18_2432', 22, '60.16', 7),
(10370, 'S18_3232', 27, '167.65', 9),
(10370, 'S18_4600', 29, '105.34', 6),
(10370, 'S18_4668', 20, '41.76', 2),
(10370, 'S32_3522', 25, '63.99', 3),
(10371, 'S12_1108', 32, '178.71', 6),
(10371, 'S12_4473', 49, '104.28', 4),
(10371, 'S18_2238', 25, '160.46', 7),
(10371, 'S24_1444', 25, '53.75', 12),
(10371, 'S24_2300', 20, '126.51', 5),
(10371, 'S24_2840', 45, '35.01', 8),
(10371, 'S24_4048', 28, '95.81', 9),
(10371, 'S32_1268', 26, '82.83', 1),
(10371, 'S32_2509', 20, '44.37', 2),
(10371, 'S32_3207', 30, '53.44', 11),
(10371, 'S50_1392', 48, '97.23', 10),
(10371, 'S700_2824', 34, '83.95', 3),
(10372, 'S12_3148', 40, '146.55', 4),
(10372, 'S12_3891', 34, '140.15', 1),
(10372, 'S18_3140', 28, '131.13', 3),
(10372, 'S18_3259', 25, '91.76', 5),
(10372, 'S18_4027', 48, '119.20', 6),
(10372, 'S18_4522', 41, '78.99', 7),
(10372, 'S24_2011', 37, '102.00', 8),
(10372, 'S50_1514', 24, '56.82', 9),
(10372, 'S700_1938', 44, '74.48', 2),
(10373, 'S10_4757', 39, '118.32', 3),
(10373, 'S18_1662', 28, '143.50', 4),
(10373, 'S18_3029', 22, '75.70', 5),
(10373, 'S18_3856', 50, '99.52', 6),
(10373, 'S24_2841', 38, '58.92', 7),
(10373, 'S24_3151', 33, '82.31', 12),
(10373, 'S24_3420', 46, '53.92', 11),
(10373, 'S24_3816', 23, '83.86', 10),
(10373, 'S24_3949', 39, '62.10', 13),
(10373, 'S700_1138', 44, '58.00', 14),
(10373, 'S700_2047', 32, '76.94', 15),
(10373, 'S700_2610', 41, '69.39', 16),
(10373, 'S700_3505', 34, '94.16', 2),
(10373, 'S700_3962', 37, '83.42', 8),
(10373, 'S700_4002', 45, '68.11', 17),
(10373, 'S72_1253', 25, '44.20', 9),
(10373, 'S72_3212', 29, '48.05', 1),
(10374, 'S10_2016', 39, '115.37', 5),
(10374, 'S10_4698', 22, '158.80', 1),
(10374, 'S18_2581', 42, '75.19', 2),
(10374, 'S18_2625', 22, '48.46', 4),
(10374, 'S24_1578', 38, '112.70', 6),
(10374, 'S24_1785', 46, '107.23', 3),
(10375, 'S10_1678', 21, '76.56', 12),
(10375, 'S12_1099', 45, '184.84', 7),
(10375, 'S12_2823', 49, '150.62', 13),
(10375, 'S24_2000', 23, '67.03', 9),
(10375, 'S24_2360', 20, '60.26', 14),
(10375, 'S24_4278', 43, '60.13', 2),
(10375, 'S32_1374', 37, '87.90', 3),
(10375, 'S32_4289', 44, '59.85', 4),
(10375, 'S32_4485', 41, '96.95', 15),
(10375, 'S50_1341', 49, '36.22', 5),
(10375, 'S50_4713', 49, '69.16', 8),
(10375, 'S700_1691', 37, '86.77', 6),
(10375, 'S700_2466', 33, '94.73', 1),
(10375, 'S700_2834', 25, '98.48', 10),
(10375, 'S700_3167', 44, '69.60', 11),
(10376, 'S12_3380', 35, '98.65', 1),
(10377, 'S12_3990', 24, '65.44', 5),
(10377, 'S12_4675', 50, '112.86', 1),
(10377, 'S18_1129', 35, '124.56', 2),
(10377, 'S18_1889', 31, '61.60', 4),
(10377, 'S18_1984', 36, '125.18', 6),
(10377, 'S18_3232', 39, '143.94', 3),
(10378, 'S18_1589', 34, '121.95', 5),
(10378, 'S18_3278', 22, '66.74', 4),
(10378, 'S18_3482', 43, '146.99', 10),
(10378, 'S18_3782', 28, '60.30', 9),
(10378, 'S18_4721', 49, '122.02', 8),
(10378, 'S24_2972', 41, '30.59', 7),
(10378, 'S24_3371', 46, '52.66', 6),
(10378, 'S24_3856', 33, '129.20', 3),
(10378, 'S24_4620', 41, '80.84', 2),
(10378, 'S32_2206', 40, '35.80', 1),
(10379, 'S18_1749', 39, '156.40', 2),
(10379, 'S18_2248', 27, '50.85', 1),
(10379, 'S18_2870', 29, '113.52', 5),
(10379, 'S18_3685', 32, '134.22', 4),
(10379, 'S24_1628', 32, '48.80', 3),
(10380, 'S18_1342', 27, '88.36', 13),
(10380, 'S18_2325', 40, '119.50', 10),
(10380, 'S18_2795', 21, '156.94', 8),
(10380, 'S18_4409', 32, '78.23', 1),
(10380, 'S18_4933', 24, '66.99', 2),
(10380, 'S24_1046', 34, '66.88', 3),
(10380, 'S24_1937', 32, '29.87', 4),
(10380, 'S24_2022', 27, '37.63', 5),
(10380, 'S24_2766', 36, '77.24', 6),
(10380, 'S24_2887', 44, '111.57', 7),
(10380, 'S24_3191', 44, '77.05', 9),
(10380, 'S24_3432', 34, '91.02', 11),
(10380, 'S24_3969', 43, '32.82', 12),
(10381, 'S10_1949', 36, '182.16', 3),
(10381, 'S10_4962', 37, '138.88', 6),
(10381, 'S12_1666', 20, '132.57', 1),
(10381, 'S18_1097', 48, '114.34', 2),
(10381, 'S18_1367', 25, '49.60', 9),
(10381, 'S18_2432', 35, '60.77', 7),
(10381, 'S18_2949', 41, '100.30', 8),
(10381, 'S18_2957', 40, '51.22', 4),
(10381, 'S18_3136', 35, '93.20', 5),
(10382, 'S12_1108', 34, '166.24', 10),
(10382, 'S12_3148', 37, '145.04', 11),
(10382, 'S12_3891', 34, '143.61', 12),
(10382, 'S12_4473', 32, '103.10', 13),
(10382, 'S18_2238', 25, '160.46', 5),
(10382, 'S18_3320', 50, '84.33', 7),
(10382, 'S18_4600', 39, '115.03', 1),
(10382, 'S18_4668', 39, '46.29', 2),
(10382, 'S24_2300', 20, '120.12', 3),
(10382, 'S24_4258', 33, '97.39', 4),
(10382, 'S32_1268', 26, '85.72', 6),
(10382, 'S32_3522', 48, '57.53', 8),
(10382, 'S700_2824', 34, '101.15', 9),
(10383, 'S18_2319', 27, '119.05', 11),
(10383, 'S18_3140', 24, '125.66', 9),
(10383, 'S18_3232', 47, '155.79', 6),
(10383, 'S18_3259', 26, '83.70', 12),
(10383, 'S18_4027', 38, '137.88', 1),
(10383, 'S18_4522', 28, '77.24', 7),
(10383, 'S24_1444', 22, '52.60', 2),
(10383, 'S24_2840', 40, '33.24', 3),
(10383, 'S24_4048', 21, '117.10', 4),
(10383, 'S32_2509', 32, '53.57', 5),
(10383, 'S32_3207', 44, '55.93', 8),
(10383, 'S50_1392', 29, '94.92', 13),
(10383, 'S50_1514', 38, '48.62', 10),
(10384, 'S10_4757', 34, '129.20', 4),
(10384, 'S24_2011', 28, '114.29', 3),
(10384, 'S24_3151', 43, '71.69', 2),
(10384, 'S700_1938', 49, '71.02', 1),
(10385, 'S24_3816', 37, '78.83', 2),
(10385, 'S700_1138', 25, '62.00', 1),
(10386, 'S18_1662', 25, '130.88', 7),
(10386, 'S18_2581', 21, '72.65', 18),
(10386, 'S18_3029', 37, '73.12', 5),
(10386, 'S18_3856', 22, '100.58', 6),
(10386, 'S24_1785', 33, '101.76', 11),
(10386, 'S24_2841', 39, '56.86', 1),
(10386, 'S24_3420', 35, '54.57', 9),
(10386, 'S24_3949', 41, '55.96', 12),
(10386, 'S24_4278', 50, '71.73', 8),
(10386, 'S700_2047', 29, '85.09', 13),
(10386, 'S700_2466', 37, '90.75', 14),
(10386, 'S700_2610', 37, '67.22', 10),
(10386, 'S700_3167', 32, '68.00', 17),
(10386, 'S700_3505', 45, '83.14', 2),
(10386, 'S700_3962', 30, '80.44', 3),
(10386, 'S700_4002', 44, '59.22', 15),
(10386, 'S72_1253', 50, '47.67', 16),
(10386, 'S72_3212', 43, '52.42', 4),
(10387, 'S32_1374', 44, '79.91', 1),
(10388, 'S10_1678', 42, '80.39', 4),
(10388, 'S10_2016', 50, '118.94', 5),
(10388, 'S10_4698', 21, '156.86', 7),
(10388, 'S12_2823', 44, '125.01', 6),
(10388, 'S32_4289', 35, '58.47', 8),
(10388, 'S50_1341', 27, '41.02', 1),
(10388, 'S700_1691', 46, '74.90', 2),
(10388, 'S700_2834', 50, '111.53', 3),
(10389, 'S12_1099', 26, '182.90', 4),
(10389, 'S12_3380', 25, '95.13', 6),
(10389, 'S12_3990', 36, '76.61', 7),
(10389, 'S12_4675', 47, '102.49', 8),
(10389, 'S18_1889', 49, '63.91', 3),
(10389, 'S18_2625', 39, '52.09', 5),
(10389, 'S24_1578', 45, '112.70', 1),
(10389, 'S24_2000', 49, '61.70', 2),
(10390, 'S18_1129', 36, '117.48', 14),
(10390, 'S18_1984', 34, '132.29', 15),
(10390, 'S18_2325', 31, '102.98', 16),
(10390, 'S18_2795', 26, '162.00', 7),
(10390, 'S18_3278', 40, '75.59', 9),
(10390, 'S18_3482', 50, '135.23', 1),
(10390, 'S18_3782', 36, '54.09', 2),
(10390, 'S18_4721', 49, '122.02', 3),
(10390, 'S24_2360', 35, '67.87', 4),
(10390, 'S24_2972', 37, '35.87', 5),
(10390, 'S24_3371', 46, '51.43', 6),
(10390, 'S24_3856', 45, '134.81', 8),
(10390, 'S24_4620', 30, '66.29', 10),
(10390, 'S32_2206', 41, '39.02', 11),
(10390, 'S32_4485', 45, '101.03', 12),
(10390, 'S50_4713', 22, '81.36', 13),
(10391, 'S10_1949', 24, '195.01', 4),
(10391, 'S10_4962', 37, '121.15', 7),
(10391, 'S12_1666', 39, '110.70', 9),
(10391, 'S18_1097', 29, '114.34', 10),
(10391, 'S18_1342', 35, '102.74', 2),
(10391, 'S18_1367', 42, '47.44', 3),
(10391, 'S18_2432', 44, '57.73', 5),
(10391, 'S18_2949', 32, '99.28', 6),
(10391, 'S24_1937', 33, '26.55', 8),
(10391, 'S24_2022', 24, '36.29', 1),
(10392, 'S18_2957', 37, '61.21', 3),
(10392, 'S18_3136', 29, '103.67', 2),
(10392, 'S18_3320', 36, '98.22', 1),
(10393, 'S12_3148', 35, '145.04', 8),
(10393, 'S12_4473', 32, '99.54', 10),
(10393, 'S18_2238', 20, '137.53', 11),
(10393, 'S18_2319', 38, '104.32', 7),
(10393, 'S18_4600', 30, '106.55', 9),
(10393, 'S18_4668', 44, '41.76', 1),
(10393, 'S24_2300', 33, '112.46', 2),
(10393, 'S24_4258', 33, '88.62', 3),
(10393, 'S32_1268', 38, '84.75', 4),
(10393, 'S32_3522', 31, '63.35', 5),
(10393, 'S700_2824', 21, '83.95', 6),
(10394, 'S18_3232', 22, '135.47', 5),
(10394, 'S18_4027', 37, '124.95', 1),
(10394, 'S24_1444', 31, '53.18', 2),
(10394, 'S24_2840', 46, '35.36', 6),
(10394, 'S24_4048', 37, '104.09', 7),
(10394, 'S32_2509', 36, '47.08', 3),
(10394, 'S32_3207', 30, '55.93', 4),
(10395, 'S10_4757', 32, '125.12', 2),
(10395, 'S12_1108', 33, '205.72', 1),
(10395, 'S50_1392', 46, '98.39', 4),
(10395, 'S50_1514', 45, '57.99', 3),
(10396, 'S12_3891', 33, '155.72', 3),
(10396, 'S18_3140', 33, '129.76', 2),
(10396, 'S18_3259', 24, '91.76', 4),
(10396, 'S18_4522', 45, '83.38', 5),
(10396, 'S24_2011', 49, '100.77', 6),
(10396, 'S24_3151', 27, '77.00', 7),
(10396, 'S24_3816', 37, '77.99', 8),
(10396, 'S700_1138', 39, '62.00', 1),
(10397, 'S700_1938', 32, '69.29', 5),
(10397, 'S700_2610', 22, '62.88', 4),
(10397, 'S700_3505', 48, '86.15', 3),
(10397, 'S700_3962', 36, '80.44', 2),
(10397, 'S72_3212', 34, '52.96', 1),
(10398, 'S18_1662', 33, '130.88', 11),
(10398, 'S18_2581', 34, '82.79', 15),
(10398, 'S18_3029', 28, '70.54', 18),
(10398, 'S18_3856', 45, '92.11', 17),
(10398, 'S24_1785', 43, '100.67', 16),
(10398, 'S24_2841', 28, '60.29', 3),
(10398, 'S24_3420', 34, '61.15', 13),
(10398, 'S24_3949', 41, '56.64', 2),
(10398, 'S24_4278', 45, '65.93', 14),
(10398, 'S32_4289', 22, '60.54', 4),
(10398, 'S50_1341', 49, '38.84', 5),
(10398, 'S700_1691', 47, '78.55', 6),
(10398, 'S700_2047', 36, '75.13', 7),
(10398, 'S700_2466', 22, '98.72', 8),
(10398, 'S700_2834', 23, '102.04', 9),
(10398, 'S700_3167', 29, '76.80', 10),
(10398, 'S700_4002', 36, '62.19', 12),
(10398, 'S72_1253', 34, '41.22', 1),
(10399, 'S10_1678', 40, '77.52', 8),
(10399, 'S10_2016', 51, '99.91', 7),
(10399, 'S10_4698', 22, '156.86', 6),
(10399, 'S12_2823', 29, '123.51', 5),
(10399, 'S18_2625', 30, '51.48', 4),
(10399, 'S24_1578', 57, '104.81', 3);
INSERT INTO `orderdetails` (`orderNumber`, `productCode`, `quantityOrdered`, `priceEach`, `orderLineNumber`) VALUES
(10399, 'S24_2000', 58, '75.41', 2),
(10399, 'S32_1374', 32, '97.89', 1),
(10400, 'S10_4757', 64, '134.64', 9),
(10400, 'S18_1662', 34, '129.31', 1),
(10400, 'S18_3029', 30, '74.84', 7),
(10400, 'S18_3856', 58, '88.93', 6),
(10400, 'S24_2841', 24, '55.49', 2),
(10400, 'S24_3420', 38, '59.18', 3),
(10400, 'S24_3816', 42, '74.64', 8),
(10400, 'S700_2047', 46, '82.37', 5),
(10400, 'S72_1253', 20, '41.71', 4),
(10401, 'S18_2581', 42, '75.19', 3),
(10401, 'S24_1785', 38, '87.54', 5),
(10401, 'S24_3949', 64, '59.37', 12),
(10401, 'S24_4278', 52, '65.93', 4),
(10401, 'S32_1374', 49, '81.91', 1),
(10401, 'S32_4289', 62, '62.60', 6),
(10401, 'S50_1341', 56, '41.46', 7),
(10401, 'S700_1691', 11, '77.64', 8),
(10401, 'S700_2466', 85, '98.72', 10),
(10401, 'S700_2834', 21, '96.11', 2),
(10401, 'S700_3167', 77, '73.60', 9),
(10401, 'S700_4002', 40, '66.63', 11),
(10402, 'S10_2016', 45, '118.94', 1),
(10402, 'S18_2625', 55, '58.15', 2),
(10402, 'S24_2000', 59, '61.70', 3),
(10403, 'S10_1678', 24, '85.17', 7),
(10403, 'S10_4698', 66, '174.29', 9),
(10403, 'S12_2823', 66, '122.00', 6),
(10403, 'S18_3782', 36, '55.33', 1),
(10403, 'S24_1578', 46, '109.32', 8),
(10403, 'S24_2360', 27, '57.49', 4),
(10403, 'S32_2206', 30, '35.80', 2),
(10403, 'S32_4485', 45, '88.78', 5),
(10403, 'S50_4713', 31, '65.09', 3),
(10404, 'S12_1099', 64, '163.44', 3),
(10404, 'S12_3380', 43, '102.17', 1),
(10404, 'S12_3990', 77, '67.03', 4),
(10404, 'S18_3278', 90, '67.54', 6),
(10404, 'S18_3482', 28, '127.88', 5),
(10404, 'S18_4721', 48, '124.99', 8),
(10404, 'S24_3371', 49, '53.27', 2),
(10404, 'S24_4620', 48, '65.48', 7),
(10405, 'S12_4675', 97, '115.16', 5),
(10405, 'S18_1889', 61, '72.38', 4),
(10405, 'S18_3232', 55, '147.33', 1),
(10405, 'S24_2972', 47, '37.38', 2),
(10405, 'S24_3856', 76, '127.79', 3),
(10406, 'S18_1129', 61, '124.56', 3),
(10406, 'S18_1984', 48, '133.72', 2),
(10406, 'S18_3685', 65, '117.26', 1),
(10407, 'S18_1589', 59, '114.48', 11),
(10407, 'S18_1749', 76, '141.10', 2),
(10407, 'S18_2248', 42, '58.12', 1),
(10407, 'S18_2870', 41, '132.00', 12),
(10407, 'S18_4409', 6, '91.11', 3),
(10407, 'S18_4933', 66, '64.14', 4),
(10407, 'S24_1046', 26, '68.35', 8),
(10407, 'S24_1628', 64, '45.78', 10),
(10407, 'S24_2766', 76, '81.78', 6),
(10407, 'S24_2887', 59, '98.65', 5),
(10407, 'S24_3191', 13, '77.05', 7),
(10407, 'S24_3432', 43, '101.73', 9),
(10408, 'S24_3969', 15, '41.03', 1),
(10409, 'S18_2325', 6, '104.25', 2),
(10409, 'S24_1937', 61, '27.88', 1),
(10410, 'S18_1342', 65, '99.66', 7),
(10410, 'S18_1367', 44, '51.21', 6),
(10410, 'S18_2795', 56, '145.13', 8),
(10410, 'S18_2949', 47, '93.21', 1),
(10410, 'S18_2957', 53, '49.97', 3),
(10410, 'S18_3136', 34, '84.82', 2),
(10410, 'S18_3320', 44, '81.35', 5),
(10410, 'S24_2022', 31, '42.56', 9),
(10410, 'S24_4258', 50, '95.44', 4),
(10411, 'S10_1949', 23, '205.73', 9),
(10411, 'S10_4962', 27, '144.79', 2),
(10411, 'S12_1666', 40, '110.70', 6),
(10411, 'S18_1097', 27, '109.67', 8),
(10411, 'S18_4600', 46, '106.55', 3),
(10411, 'S18_4668', 35, '41.25', 7),
(10411, 'S32_1268', 26, '78.01', 1),
(10411, 'S32_3522', 27, '60.76', 5),
(10411, 'S700_2824', 34, '89.01', 4),
(10412, 'S12_4473', 54, '100.73', 5),
(10412, 'S18_2238', 41, '150.63', 4),
(10412, 'S18_2319', 56, '120.28', 8),
(10412, 'S18_2432', 47, '49.83', 11),
(10412, 'S18_3232', 60, '157.49', 9),
(10412, 'S24_1444', 21, '47.40', 2),
(10412, 'S24_2300', 70, '109.90', 10),
(10412, 'S24_2840', 30, '32.88', 6),
(10412, 'S24_4048', 31, '108.82', 1),
(10412, 'S32_2509', 19, '50.86', 7),
(10412, 'S50_1392', 26, '105.33', 3),
(10413, 'S12_1108', 36, '201.57', 2),
(10413, 'S12_3148', 47, '145.04', 3),
(10413, 'S12_3891', 22, '173.02', 1),
(10413, 'S18_4027', 49, '133.57', 5),
(10413, 'S32_3207', 24, '56.55', 6),
(10413, 'S50_1514', 51, '53.31', 4),
(10414, 'S10_4757', 49, '114.24', 3),
(10414, 'S18_3029', 44, '77.42', 1),
(10414, 'S18_3140', 41, '128.39', 12),
(10414, 'S18_3259', 48, '85.71', 14),
(10414, 'S18_4522', 56, '83.38', 11),
(10414, 'S24_2011', 43, '108.14', 10),
(10414, 'S24_3151', 60, '72.58', 5),
(10414, 'S24_3816', 51, '72.96', 2),
(10414, 'S700_1138', 37, '62.00', 6),
(10414, 'S700_1938', 34, '74.48', 13),
(10414, 'S700_2610', 31, '61.44', 4),
(10414, 'S700_3505', 28, '84.14', 7),
(10414, 'S700_3962', 40, '84.41', 8),
(10414, 'S72_3212', 47, '54.60', 9),
(10415, 'S18_3856', 51, '86.81', 5),
(10415, 'S24_2841', 21, '60.97', 1),
(10415, 'S24_3420', 18, '59.83', 2),
(10415, 'S700_2047', 32, '73.32', 4),
(10415, 'S72_1253', 42, '43.20', 3),
(10416, 'S18_1662', 24, '129.31', 14),
(10416, 'S18_2581', 15, '70.96', 4),
(10416, 'S24_1785', 47, '90.82', 6),
(10416, 'S24_2000', 32, '62.46', 1),
(10416, 'S24_3949', 18, '64.83', 13),
(10416, 'S24_4278', 48, '70.28', 5),
(10416, 'S32_1374', 45, '86.90', 2),
(10416, 'S32_4289', 26, '68.10', 7),
(10416, 'S50_1341', 37, '39.71', 8),
(10416, 'S700_1691', 23, '88.60', 9),
(10416, 'S700_2466', 22, '84.76', 11),
(10416, 'S700_2834', 41, '98.48', 3),
(10416, 'S700_3167', 39, '65.60', 10),
(10416, 'S700_4002', 43, '63.67', 12),
(10417, 'S10_1678', 66, '79.43', 2),
(10417, 'S10_2016', 45, '116.56', 5),
(10417, 'S10_4698', 56, '162.67', 4),
(10417, 'S12_2823', 21, '144.60', 1),
(10417, 'S18_2625', 36, '58.75', 6),
(10417, 'S24_1578', 35, '109.32', 3),
(10418, 'S18_3278', 16, '70.76', 2),
(10418, 'S18_3482', 27, '139.64', 1),
(10418, 'S18_3782', 33, '56.57', 5),
(10418, 'S18_4721', 28, '120.53', 4),
(10418, 'S24_2360', 52, '64.41', 8),
(10418, 'S24_4620', 10, '66.29', 3),
(10418, 'S32_2206', 43, '36.61', 6),
(10418, 'S32_4485', 50, '100.01', 9),
(10418, 'S50_4713', 40, '72.41', 7),
(10419, 'S12_1099', 12, '182.90', 13),
(10419, 'S12_3380', 10, '111.57', 11),
(10419, 'S12_3990', 34, '64.64', 14),
(10419, 'S12_4675', 32, '99.04', 10),
(10419, 'S18_1129', 38, '117.48', 5),
(10419, 'S18_1589', 37, '100.80', 1),
(10419, 'S18_1889', 39, '67.76', 9),
(10419, 'S18_1984', 34, '133.72', 4),
(10419, 'S18_2870', 55, '116.16', 2),
(10419, 'S18_3232', 35, '165.95', 6),
(10419, 'S18_3685', 43, '114.44', 3),
(10419, 'S24_2972', 15, '32.10', 7),
(10419, 'S24_3371', 55, '52.66', 12),
(10419, 'S24_3856', 70, '112.34', 8),
(10420, 'S18_1749', 37, '153.00', 5),
(10420, 'S18_2248', 36, '52.06', 4),
(10420, 'S18_2325', 45, '116.96', 2),
(10420, 'S18_4409', 66, '73.62', 6),
(10420, 'S18_4933', 36, '68.42', 7),
(10420, 'S24_1046', 60, '60.26', 11),
(10420, 'S24_1628', 37, '48.80', 13),
(10420, 'S24_1937', 45, '32.19', 1),
(10420, 'S24_2766', 39, '76.33', 9),
(10420, 'S24_2887', 55, '115.09', 8),
(10420, 'S24_3191', 35, '77.05', 10),
(10420, 'S24_3432', 26, '104.94', 12),
(10420, 'S24_3969', 15, '35.29', 3),
(10421, 'S18_2795', 35, '167.06', 1),
(10421, 'S24_2022', 40, '44.80', 2),
(10422, 'S18_1342', 51, '91.44', 2),
(10422, 'S18_1367', 25, '47.44', 1),
(10423, 'S18_2949', 10, '89.15', 1),
(10423, 'S18_2957', 31, '56.21', 3),
(10423, 'S18_3136', 21, '98.44', 2),
(10423, 'S18_3320', 21, '80.36', 5),
(10423, 'S24_4258', 28, '78.89', 4),
(10424, 'S10_1949', 50, '201.44', 6),
(10424, 'S12_1666', 49, '121.64', 3),
(10424, 'S18_1097', 54, '108.50', 5),
(10424, 'S18_4668', 26, '40.25', 4),
(10424, 'S32_3522', 44, '54.94', 2),
(10424, 'S700_2824', 46, '85.98', 1),
(10425, 'S10_4962', 38, '131.49', 12),
(10425, 'S12_4473', 33, '95.99', 4),
(10425, 'S18_2238', 28, '147.36', 3),
(10425, 'S18_2319', 38, '117.82', 7),
(10425, 'S18_2432', 19, '48.62', 10),
(10425, 'S18_3232', 28, '140.55', 8),
(10425, 'S18_4600', 38, '107.76', 13),
(10425, 'S24_1444', 55, '53.75', 1),
(10425, 'S24_2300', 49, '127.79', 9),
(10425, 'S24_2840', 31, '31.82', 5),
(10425, 'S32_1268', 41, '83.79', 11),
(10425, 'S32_2509', 11, '50.32', 6),
(10425, 'S50_1392', 18, '94.92', 2);

-- --------------------------------------------------------

--
-- Table structure for table `orders`
--

CREATE TABLE `orders` (
  `orderNumber` int(11) NOT NULL,
  `orderDate` date NOT NULL,
  `requiredDate` date NOT NULL,
  `shippedDate` date DEFAULT NULL,
  `status` varchar(15) NOT NULL,
  `comments` text DEFAULT NULL,
  `customerNumber` int(11) NOT NULL
) ENGINE=InnoDB DEFAULT CHARSET=latin1;

--
-- Dumping data for table `orders`
--

INSERT INTO `orders` (`orderNumber`, `orderDate`, `requiredDate`, `shippedDate`, `status`, `comments`, `customerNumber`) VALUES
(10100, '2003-01-06', '2003-01-13', '2003-01-10', 'Shipped', NULL, 363),
(10101, '2003-01-09', '2003-01-18', '2003-01-11', 'Shipped', 'Check on availability.', 128),
(10102, '2003-01-10', '2003-01-18', '2003-01-14', 'Shipped', NULL, 181),
(10103, '2003-01-29', '2003-02-07', '2003-02-02', 'Shipped', NULL, 121),
(10104, '2003-01-31', '2003-02-09', '2003-02-01', 'Shipped', NULL, 141),
(10105, '2003-02-11', '2003-02-21', '2003-02-12', 'Shipped', NULL, 145),
(10106, '2003-02-17', '2003-02-24', '2003-02-21', 'Shipped', NULL, 278),
(10107, '2003-02-24', '2003-03-03', '2003-02-26', 'Shipped', 'Difficult to negotiate with customer. We need more marketing materials', 131),
(10108, '2003-03-03', '2003-03-12', '2003-03-08', 'Shipped', NULL, 385),
(10109, '2003-03-10', '2003-03-19', '2003-03-11', 'Shipped', 'Customer requested that FedEx Ground is used for this shipping', 486),
(10110, '2003-03-18', '2003-03-24', '2003-03-20', 'Shipped', NULL, 187),
(10111, '2003-03-25', '2003-03-31', '2003-03-30', 'Shipped', NULL, 129),
(10112, '2003-03-24', '2003-04-03', '2003-03-29', 'Shipped', 'Customer requested that ad materials (such as posters, pamphlets) be included in the shippment', 144),
(10113, '2003-03-26', '2003-04-02', '2003-03-27', 'Shipped', NULL, 124),
(10114, '2003-04-01', '2003-04-07', '2003-04-02', 'Shipped', NULL, 172),
(10115, '2003-04-04', '2003-04-12', '2003-04-07', 'Shipped', NULL, 424),
(10116, '2003-04-11', '2003-04-19', '2003-04-13', 'Shipped', NULL, 381),
(10117, '2003-04-16', '2003-04-24', '2003-04-17', 'Shipped', NULL, 148),
(10118, '2003-04-21', '2003-04-29', '2003-04-26', 'Shipped', 'Customer has worked with some of our vendors in the past and is aware of their MSRP', 216),
(10119, '2003-04-28', '2003-05-05', '2003-05-02', 'Shipped', NULL, 382),
(10120, '2003-04-29', '2003-05-08', '2003-05-01', 'Shipped', NULL, 114),
(10121, '2003-05-07', '2003-05-13', '2003-05-13', 'Shipped', NULL, 353),
(10122, '2003-05-08', '2003-05-16', '2003-05-13', 'Shipped', NULL, 350),
(10123, '2003-05-20', '2003-05-29', '2003-05-22', 'Shipped', NULL, 103),
(10124, '2003-05-21', '2003-05-29', '2003-05-25', 'Shipped', 'Customer very concerned about the exact color of the models. There is high risk that he may dispute the order because there is a slight color mismatch', 112),
(10125, '2003-05-21', '2003-05-27', '2003-05-24', 'Shipped', NULL, 114),
(10126, '2003-05-28', '2003-06-07', '2003-06-02', 'Shipped', NULL, 458),
(10127, '2003-06-03', '2003-06-09', '2003-06-06', 'Shipped', 'Customer requested special shippment. The instructions were passed along to the warehouse', 151),
(10128, '2003-06-06', '2003-06-12', '2003-06-11', 'Shipped', NULL, 141),
(10129, '2003-06-12', '2003-06-18', '2003-06-14', 'Shipped', NULL, 324),
(10130, '2003-06-16', '2003-06-24', '2003-06-21', 'Shipped', NULL, 198),
(10131, '2003-06-16', '2003-06-25', '2003-06-21', 'Shipped', NULL, 447),
(10132, '2003-06-25', '2003-07-01', '2003-06-28', 'Shipped', NULL, 323),
(10133, '2003-06-27', '2003-07-04', '2003-07-03', 'Shipped', NULL, 141),
(10134, '2003-07-01', '2003-07-10', '2003-07-05', 'Shipped', NULL, 250),
(10135, '2003-07-02', '2003-07-12', '2003-07-03', 'Shipped', NULL, 124),
(10136, '2003-07-04', '2003-07-14', '2003-07-06', 'Shipped', 'Customer is interested in buying more Ferrari models', 242),
(10137, '2003-07-10', '2003-07-20', '2003-07-14', 'Shipped', NULL, 353),
(10138, '2003-07-07', '2003-07-16', '2003-07-13', 'Shipped', NULL, 496),
(10139, '2003-07-16', '2003-07-23', '2003-07-21', 'Shipped', NULL, 282),
(10140, '2003-07-24', '2003-08-02', '2003-07-30', 'Shipped', NULL, 161),
(10141, '2003-08-01', '2003-08-09', '2003-08-04', 'Shipped', NULL, 334),
(10142, '2003-08-08', '2003-08-16', '2003-08-13', 'Shipped', NULL, 124),
(10143, '2003-08-10', '2003-08-18', '2003-08-12', 'Shipped', 'Can we deliver the new Ford Mustang models by end-of-quarter?', 320),
(10144, '2003-08-13', '2003-08-21', '2003-08-14', 'Shipped', NULL, 381),
(10145, '2003-08-25', '2003-09-02', '2003-08-31', 'Shipped', NULL, 205),
(10146, '2003-09-03', '2003-09-13', '2003-09-06', 'Shipped', NULL, 447),
(10147, '2003-09-05', '2003-09-12', '2003-09-09', 'Shipped', NULL, 379),
(10148, '2003-09-11', '2003-09-21', '2003-09-15', 'Shipped', 'They want to reevaluate their terms agreement with Finance.', 276),
(10149, '2003-09-12', '2003-09-18', '2003-09-17', 'Shipped', NULL, 487),
(10150, '2003-09-19', '2003-09-27', '2003-09-21', 'Shipped', 'They want to reevaluate their terms agreement with Finance.', 148),
(10151, '2003-09-21', '2003-09-30', '2003-09-24', 'Shipped', NULL, 311),
(10152, '2003-09-25', '2003-10-03', '2003-10-01', 'Shipped', NULL, 333),
(10153, '2003-09-28', '2003-10-05', '2003-10-03', 'Shipped', NULL, 141),
(10154, '2003-10-02', '2003-10-12', '2003-10-08', 'Shipped', NULL, 219),
(10155, '2003-10-06', '2003-10-13', '2003-10-07', 'Shipped', NULL, 186),
(10156, '2003-10-08', '2003-10-17', '2003-10-11', 'Shipped', NULL, 141),
(10157, '2003-10-09', '2003-10-15', '2003-10-14', 'Shipped', NULL, 473),
(10158, '2003-10-10', '2003-10-18', '2003-10-15', 'Shipped', NULL, 121),
(10159, '2003-10-10', '2003-10-19', '2003-10-16', 'Shipped', NULL, 321),
(10160, '2003-10-11', '2003-10-17', '2003-10-17', 'Shipped', NULL, 347),
(10161, '2003-10-17', '2003-10-25', '2003-10-20', 'Shipped', NULL, 227),
(10162, '2003-10-18', '2003-10-26', '2003-10-19', 'Shipped', NULL, 321),
(10163, '2003-10-20', '2003-10-27', '2003-10-24', 'Shipped', NULL, 424),
(10164, '2003-10-21', '2003-10-30', '2003-10-23', 'Resolved', 'This order was disputed, but resolved on 11/1/2003; Customer doesn\'t like the colors and precision of the models.', 452),
(10165, '2003-10-22', '2003-10-31', '2003-12-26', 'Shipped', 'This order was on hold because customers\'s credit limit had been exceeded. Order will ship when payment is received', 148),
(10166, '2003-10-21', '2003-10-30', '2003-10-27', 'Shipped', NULL, 462),
(10167, '2003-10-23', '2003-10-30', NULL, 'Cancelled', 'Customer called to cancel. The warehouse was notified in time and the order didn\'t ship. They have a new VP of Sales and are shifting their sales model. Our VP of Sales should contact them.', 448),
(10168, '2003-10-28', '2003-11-03', '2003-11-01', 'Shipped', NULL, 161),
(10169, '2003-11-04', '2003-11-14', '2003-11-09', 'Shipped', NULL, 276),
(10170, '2003-11-04', '2003-11-12', '2003-11-07', 'Shipped', NULL, 452),
(10171, '2003-11-05', '2003-11-13', '2003-11-07', 'Shipped', NULL, 233),
(10172, '2003-11-05', '2003-11-14', '2003-11-11', 'Shipped', NULL, 175),
(10173, '2003-11-05', '2003-11-15', '2003-11-09', 'Shipped', 'Cautious optimism. We have happy customers here, if we can keep them well stocked.  I need all the information I can get on the planned shippments of Porches', 278),
(10174, '2003-11-06', '2003-11-15', '2003-11-10', 'Shipped', NULL, 333),
(10175, '2003-11-06', '2003-11-14', '2003-11-09', 'Shipped', NULL, 324),
(10176, '2003-11-06', '2003-11-15', '2003-11-12', 'Shipped', NULL, 386),
(10177, '2003-11-07', '2003-11-17', '2003-11-12', 'Shipped', NULL, 344),
(10178, '2003-11-08', '2003-11-16', '2003-11-10', 'Shipped', 'Custom shipping instructions sent to warehouse', 242),
(10179, '2003-11-11', '2003-11-17', '2003-11-13', 'Cancelled', 'Customer cancelled due to urgent budgeting issues. Must be cautious when dealing with them in the future. Since order shipped already we must discuss who would cover the shipping charges.', 496),
(10180, '2003-11-11', '2003-11-19', '2003-11-14', 'Shipped', NULL, 171),
(10181, '2003-11-12', '2003-11-19', '2003-11-15', 'Shipped', NULL, 167),
(10182, '2003-11-12', '2003-11-21', '2003-11-18', 'Shipped', NULL, 124),
(10183, '2003-11-13', '2003-11-22', '2003-11-15', 'Shipped', 'We need to keep in close contact with their Marketing VP. He is the decision maker for all their purchases.', 339),
(10184, '2003-11-14', '2003-11-22', '2003-11-20', 'Shipped', NULL, 484),
(10185, '2003-11-14', '2003-11-21', '2003-11-20', 'Shipped', NULL, 320),
(10186, '2003-11-14', '2003-11-20', '2003-11-18', 'Shipped', 'They want to reevaluate their terms agreement with the VP of Sales', 489),
(10187, '2003-11-15', '2003-11-24', '2003-11-16', 'Shipped', NULL, 211),
(10188, '2003-11-18', '2003-11-26', '2003-11-24', 'Shipped', NULL, 167),
(10189, '2003-11-18', '2003-11-25', '2003-11-24', 'Shipped', 'They want to reevaluate their terms agreement with Finance.', 205),
(10190, '2003-11-19', '2003-11-29', '2003-11-20', 'Shipped', NULL, 141),
(10191, '2003-11-20', '2003-11-30', '2003-11-24', 'Shipped', 'We must be cautions with this customer. Their VP of Sales resigned. Company may be heading down.', 259),
(10192, '2003-11-20', '2003-11-29', '2003-11-25', 'Shipped', NULL, 363),
(10193, '2003-11-21', '2003-11-28', '2003-11-27', 'Shipped', NULL, 471),
(10194, '2003-11-25', '2003-12-02', '2003-11-26', 'Shipped', NULL, 146),
(10195, '2003-11-25', '2003-12-01', '2003-11-28', 'Shipped', NULL, 319),
(10196, '2003-11-26', '2003-12-03', '2003-12-01', 'Shipped', NULL, 455),
(10197, '2003-11-26', '2003-12-02', '2003-12-01', 'Shipped', 'Customer inquired about remote controlled models and gold models.', 216),
(10198, '2003-11-27', '2003-12-06', '2003-12-03', 'Shipped', NULL, 385),
(10199, '2003-12-01', '2003-12-10', '2003-12-06', 'Shipped', NULL, 475),
(10200, '2003-12-01', '2003-12-09', '2003-12-06', 'Shipped', NULL, 211),
(10201, '2003-12-01', '2003-12-11', '2003-12-02', 'Shipped', NULL, 129),
(10202, '2003-12-02', '2003-12-09', '2003-12-06', 'Shipped', NULL, 357),
(10203, '2003-12-02', '2003-12-11', '2003-12-07', 'Shipped', NULL, 141),
(10204, '2003-12-02', '2003-12-10', '2003-12-04', 'Shipped', NULL, 151),
(10205, '2003-12-03', '2003-12-09', '2003-12-07', 'Shipped', ' I need all the information I can get on our competitors.', 141),
(10206, '2003-12-05', '2003-12-13', '2003-12-08', 'Shipped', 'Can we renegotiate this one?', 202),
(10207, '2003-12-09', '2003-12-17', '2003-12-11', 'Shipped', 'Check on availability.', 495),
(10208, '2004-01-02', '2004-01-11', '2004-01-04', 'Shipped', NULL, 146),
(10209, '2004-01-09', '2004-01-15', '2004-01-12', 'Shipped', NULL, 347),
(10210, '2004-01-12', '2004-01-22', '2004-01-20', 'Shipped', NULL, 177),
(10211, '2004-01-15', '2004-01-25', '2004-01-18', 'Shipped', NULL, 406),
(10212, '2004-01-16', '2004-01-24', '2004-01-18', 'Shipped', NULL, 141),
(10213, '2004-01-22', '2004-01-28', '2004-01-27', 'Shipped', 'Difficult to negotiate with customer. We need more marketing materials', 489),
(10214, '2004-01-26', '2004-02-04', '2004-01-29', 'Shipped', NULL, 458),
(10215, '2004-01-29', '2004-02-08', '2004-02-01', 'Shipped', 'Customer requested that FedEx Ground is used for this shipping', 475),
(10216, '2004-02-02', '2004-02-10', '2004-02-04', 'Shipped', NULL, 256),
(10217, '2004-02-04', '2004-02-14', '2004-02-06', 'Shipped', NULL, 166),
(10218, '2004-02-09', '2004-02-16', '2004-02-11', 'Shipped', 'Customer requested that ad materials (such as posters, pamphlets) be included in the shippment', 473),
(10219, '2004-02-10', '2004-02-17', '2004-02-12', 'Shipped', NULL, 487),
(10220, '2004-02-12', '2004-02-19', '2004-02-16', 'Shipped', NULL, 189),
(10221, '2004-02-18', '2004-02-26', '2004-02-19', 'Shipped', NULL, 314),
(10222, '2004-02-19', '2004-02-27', '2004-02-20', 'Shipped', NULL, 239),
(10223, '2004-02-20', '2004-02-29', '2004-02-24', 'Shipped', NULL, 114),
(10224, '2004-02-21', '2004-03-02', '2004-02-26', 'Shipped', 'Customer has worked with some of our vendors in the past and is aware of their MSRP', 171),
(10225, '2004-02-22', '2004-03-01', '2004-02-24', 'Shipped', NULL, 298),
(10226, '2004-02-26', '2004-03-06', '2004-03-02', 'Shipped', NULL, 239),
(10227, '2004-03-02', '2004-03-12', '2004-03-08', 'Shipped', NULL, 146),
(10228, '2004-03-10', '2004-03-18', '2004-03-13', 'Shipped', NULL, 173),
(10229, '2004-03-11', '2004-03-20', '2004-03-12', 'Shipped', NULL, 124),
(10230, '2004-03-15', '2004-03-24', '2004-03-20', 'Shipped', 'Customer very concerned about the exact color of the models. There is high risk that he may dispute the order because there is a slight color mismatch', 128),
(10231, '2004-03-19', '2004-03-26', '2004-03-25', 'Shipped', NULL, 344),
(10232, '2004-03-20', '2004-03-30', '2004-03-25', 'Shipped', NULL, 240),
(10233, '2004-03-29', '2004-04-04', '2004-04-02', 'Shipped', 'Customer requested special shippment. The instructions were passed along to the warehouse', 328),
(10234, '2004-03-30', '2004-04-05', '2004-04-02', 'Shipped', NULL, 412),
(10235, '2004-04-02', '2004-04-12', '2004-04-06', 'Shipped', NULL, 260),
(10236, '2004-04-03', '2004-04-11', '2004-04-08', 'Shipped', NULL, 486),
(10237, '2004-04-05', '2004-04-12', '2004-04-10', 'Shipped', NULL, 181),
(10238, '2004-04-09', '2004-04-16', '2004-04-10', 'Shipped', NULL, 145),
(10239, '2004-04-12', '2004-04-21', '2004-04-17', 'Shipped', NULL, 311),
(10240, '2004-04-13', '2004-04-20', '2004-04-20', 'Shipped', NULL, 177),
(10241, '2004-04-13', '2004-04-20', '2004-04-19', 'Shipped', NULL, 209),
(10242, '2004-04-20', '2004-04-28', '2004-04-25', 'Shipped', 'Customer is interested in buying more Ferrari models', 456),
(10243, '2004-04-26', '2004-05-03', '2004-04-28', 'Shipped', NULL, 495),
(10244, '2004-04-29', '2004-05-09', '2004-05-04', 'Shipped', NULL, 141),
(10245, '2004-05-04', '2004-05-12', '2004-05-09', 'Shipped', NULL, 455),
(10246, '2004-05-05', '2004-05-13', '2004-05-06', 'Shipped', NULL, 141),
(10247, '2004-05-05', '2004-05-11', '2004-05-08', 'Shipped', NULL, 334),
(10248, '2004-05-07', '2004-05-14', NULL, 'Cancelled', 'Order was mistakenly placed. The warehouse noticed the lack of documentation.', 131),
(10249, '2004-05-08', '2004-05-17', '2004-05-11', 'Shipped', 'Can we deliver the new Ford Mustang models by end-of-quarter?', 173),
(10250, '2004-05-11', '2004-05-19', '2004-05-15', 'Shipped', NULL, 450),
(10251, '2004-05-18', '2004-05-24', '2004-05-24', 'Shipped', NULL, 328),
(10252, '2004-05-26', '2004-06-04', '2004-05-29', 'Shipped', NULL, 406),
(10253, '2004-06-01', '2004-06-09', '2004-06-02', 'Cancelled', 'Customer disputed the order and we agreed to cancel it. We must be more cautions with this customer going forward, since they are very hard to please. We must cover the shipping fees.', 201),
(10254, '2004-06-03', '2004-06-13', '2004-06-04', 'Shipped', 'Customer requested that DHL is used for this shipping', 323),
(10255, '2004-06-04', '2004-06-12', '2004-06-09', 'Shipped', NULL, 209),
(10256, '2004-06-08', '2004-06-16', '2004-06-10', 'Shipped', NULL, 145),
(10257, '2004-06-14', '2004-06-24', '2004-06-15', 'Shipped', NULL, 450),
(10258, '2004-06-15', '2004-06-25', '2004-06-23', 'Shipped', NULL, 398),
(10259, '2004-06-15', '2004-06-22', '2004-06-17', 'Shipped', NULL, 166),
(10260, '2004-06-16', '2004-06-22', NULL, 'Cancelled', 'Customer heard complaints from their customers and called to cancel this order. Will notify the Sales Manager.', 357),
(10261, '2004-06-17', '2004-06-25', '2004-06-22', 'Shipped', NULL, 233),
(10262, '2004-06-24', '2004-07-01', NULL, 'Cancelled', 'This customer found a better offer from one of our competitors. Will call back to renegotiate.', 141),
(10263, '2004-06-28', '2004-07-04', '2004-07-02', 'Shipped', NULL, 175),
(10264, '2004-06-30', '2004-07-06', '2004-07-01', 'Shipped', 'Customer will send a truck to our local warehouse on 7/1/2004', 362),
(10265, '2004-07-02', '2004-07-09', '2004-07-07', 'Shipped', NULL, 471),
(10266, '2004-07-06', '2004-07-14', '2004-07-10', 'Shipped', NULL, 386),
(10267, '2004-07-07', '2004-07-17', '2004-07-09', 'Shipped', NULL, 151),
(10268, '2004-07-12', '2004-07-18', '2004-07-14', 'Shipped', NULL, 412),
(10269, '2004-07-16', '2004-07-22', '2004-07-18', 'Shipped', NULL, 382),
(10270, '2004-07-19', '2004-07-27', '2004-07-24', 'Shipped', 'Can we renegotiate this one?', 282),
(10271, '2004-07-20', '2004-07-29', '2004-07-23', 'Shipped', NULL, 124),
(10272, '2004-07-20', '2004-07-26', '2004-07-22', 'Shipped', NULL, 157),
(10273, '2004-07-21', '2004-07-28', '2004-07-22', 'Shipped', NULL, 314),
(10274, '2004-07-21', '2004-07-29', '2004-07-22', 'Shipped', NULL, 379),
(10275, '2004-07-23', '2004-08-02', '2004-07-29', 'Shipped', NULL, 119),
(10276, '2004-08-02', '2004-08-11', '2004-08-08', 'Shipped', NULL, 204),
(10277, '2004-08-04', '2004-08-12', '2004-08-05', 'Shipped', NULL, 148),
(10278, '2004-08-06', '2004-08-16', '2004-08-09', 'Shipped', NULL, 112),
(10279, '2004-08-09', '2004-08-19', '2004-08-15', 'Shipped', 'Cautious optimism. We have happy customers here, if we can keep them well stocked.  I need all the information I can get on the planned shippments of Porches', 141),
(10280, '2004-08-17', '2004-08-27', '2004-08-19', 'Shipped', NULL, 249),
(10281, '2004-08-19', '2004-08-28', '2004-08-23', 'Shipped', NULL, 157),
(10282, '2004-08-20', '2004-08-26', '2004-08-22', 'Shipped', NULL, 124),
(10283, '2004-08-20', '2004-08-30', '2004-08-23', 'Shipped', NULL, 260),
(10284, '2004-08-21', '2004-08-29', '2004-08-26', 'Shipped', 'Custom shipping instructions sent to warehouse', 299),
(10285, '2004-08-27', '2004-09-04', '2004-08-31', 'Shipped', NULL, 286),
(10286, '2004-08-28', '2004-09-06', '2004-09-01', 'Shipped', NULL, 172),
(10287, '2004-08-30', '2004-09-06', '2004-09-01', 'Shipped', NULL, 298),
(10288, '2004-09-01', '2004-09-11', '2004-09-05', 'Shipped', NULL, 166),
(10289, '2004-09-03', '2004-09-13', '2004-09-04', 'Shipped', 'We need to keep in close contact with their Marketing VP. He is the decision maker for all their purchases.', 167),
(10290, '2004-09-07', '2004-09-15', '2004-09-13', 'Shipped', NULL, 198),
(10291, '2004-09-08', '2004-09-17', '2004-09-14', 'Shipped', NULL, 448),
(10292, '2004-09-08', '2004-09-18', '2004-09-11', 'Shipped', 'They want to reevaluate their terms agreement with Finance.', 131),
(10293, '2004-09-09', '2004-09-18', '2004-09-14', 'Shipped', NULL, 249),
(10294, '2004-09-10', '2004-09-17', '2004-09-14', 'Shipped', NULL, 204),
(10295, '2004-09-10', '2004-09-17', '2004-09-14', 'Shipped', 'They want to reevaluate their terms agreement with Finance.', 362),
(10296, '2004-09-15', '2004-09-22', '2004-09-16', 'Shipped', NULL, 415),
(10297, '2004-09-16', '2004-09-22', '2004-09-21', 'Shipped', 'We must be cautions with this customer. Their VP of Sales resigned. Company may be heading down.', 189),
(10298, '2004-09-27', '2004-10-05', '2004-10-01', 'Shipped', NULL, 103),
(10299, '2004-09-30', '2004-10-10', '2004-10-01', 'Shipped', NULL, 186),
(10300, '2003-10-04', '2003-10-13', '2003-10-09', 'Shipped', NULL, 128),
(10301, '2003-10-05', '2003-10-15', '2003-10-08', 'Shipped', NULL, 299),
(10302, '2003-10-06', '2003-10-16', '2003-10-07', 'Shipped', NULL, 201),
(10303, '2004-10-06', '2004-10-14', '2004-10-09', 'Shipped', 'Customer inquired about remote controlled models and gold models.', 484),
(10304, '2004-10-11', '2004-10-20', '2004-10-17', 'Shipped', NULL, 256),
(10305, '2004-10-13', '2004-10-22', '2004-10-15', 'Shipped', 'Check on availability.', 286),
(10306, '2004-10-14', '2004-10-21', '2004-10-17', 'Shipped', NULL, 187),
(10307, '2004-10-14', '2004-10-23', '2004-10-20', 'Shipped', NULL, 339),
(10308, '2004-10-15', '2004-10-24', '2004-10-20', 'Shipped', 'Customer requested that FedEx Ground is used for this shipping', 319),
(10309, '2004-10-15', '2004-10-24', '2004-10-18', 'Shipped', NULL, 121),
(10310, '2004-10-16', '2004-10-24', '2004-10-18', 'Shipped', NULL, 259),
(10311, '2004-10-16', '2004-10-23', '2004-10-20', 'Shipped', 'Difficult to negotiate with customer. We need more marketing materials', 141),
(10312, '2004-10-21', '2004-10-27', '2004-10-23', 'Shipped', NULL, 124),
(10313, '2004-10-22', '2004-10-28', '2004-10-25', 'Shipped', 'Customer requested that FedEx Ground is used for this shipping', 202),
(10314, '2004-10-22', '2004-11-01', '2004-10-23', 'Shipped', NULL, 227),
(10315, '2004-10-29', '2004-11-08', '2004-10-30', 'Shipped', NULL, 119),
(10316, '2004-11-01', '2004-11-09', '2004-11-07', 'Shipped', 'Customer requested that ad materials (such as posters, pamphlets) be included in the shippment', 240),
(10317, '2004-11-02', '2004-11-12', '2004-11-08', 'Shipped', NULL, 161),
(10318, '2004-11-02', '2004-11-09', '2004-11-07', 'Shipped', NULL, 157),
(10319, '2004-11-03', '2004-11-11', '2004-11-06', 'Shipped', 'Customer requested that DHL is used for this shipping', 456),
(10320, '2004-11-03', '2004-11-13', '2004-11-07', 'Shipped', NULL, 144),
(10321, '2004-11-04', '2004-11-12', '2004-11-07', 'Shipped', NULL, 462),
(10322, '2004-11-04', '2004-11-12', '2004-11-10', 'Shipped', 'Customer has worked with some of our vendors in the past and is aware of their MSRP', 363),
(10323, '2004-11-05', '2004-11-12', '2004-11-09', 'Shipped', NULL, 128),
(10324, '2004-11-05', '2004-11-11', '2004-11-08', 'Shipped', NULL, 181),
(10325, '2004-11-05', '2004-11-13', '2004-11-08', 'Shipped', NULL, 121),
(10326, '2004-11-09', '2004-11-16', '2004-11-10', 'Shipped', NULL, 144),
(10327, '2004-11-10', '2004-11-19', '2004-11-13', 'Resolved', 'Order was disputed and resolved on 12/1/04. The Sales Manager was involved. Customer claims the scales of the models don\'t match what was discussed.', 145),
(10328, '2004-11-12', '2004-11-21', '2004-11-18', 'Shipped', 'Customer very concerned about the exact color of the models. There is high risk that he may dispute the order because there is a slight color mismatch', 278),
(10329, '2004-11-15', '2004-11-24', '2004-11-16', 'Shipped', NULL, 131),
(10330, '2004-11-16', '2004-11-25', '2004-11-21', 'Shipped', NULL, 385),
(10331, '2004-11-17', '2004-11-23', '2004-11-23', 'Shipped', 'Customer requested special shippment. The instructions were passed along to the warehouse', 486),
(10332, '2004-11-17', '2004-11-25', '2004-11-18', 'Shipped', NULL, 187),
(10333, '2004-11-18', '2004-11-27', '2004-11-20', 'Shipped', NULL, 129),
(10334, '2004-11-19', '2004-11-28', NULL, 'On Hold', 'The outstaniding balance for this customer exceeds their credit limit. Order will be shipped when a payment is received.', 144),
(10335, '2004-11-19', '2004-11-29', '2004-11-23', 'Shipped', NULL, 124),
(10336, '2004-11-20', '2004-11-26', '2004-11-24', 'Shipped', 'Customer requested that DHL is used for this shipping', 172),
(10337, '2004-11-21', '2004-11-30', '2004-11-26', 'Shipped', NULL, 424),
(10338, '2004-11-22', '2004-12-02', '2004-11-27', 'Shipped', NULL, 381),
(10339, '2004-11-23', '2004-11-30', '2004-11-30', 'Shipped', NULL, 398),
(10340, '2004-11-24', '2004-12-01', '2004-11-25', 'Shipped', 'Customer is interested in buying more Ferrari models', 216),
(10341, '2004-11-24', '2004-12-01', '2004-11-29', 'Shipped', NULL, 382),
(10342, '2004-11-24', '2004-12-01', '2004-11-29', 'Shipped', NULL, 114),
(10343, '2004-11-24', '2004-12-01', '2004-11-26', 'Shipped', NULL, 353),
(10344, '2004-11-25', '2004-12-02', '2004-11-29', 'Shipped', NULL, 350),
(10345, '2004-11-25', '2004-12-01', '2004-11-26', 'Shipped', NULL, 103),
(10346, '2004-11-29', '2004-12-05', '2004-11-30', 'Shipped', NULL, 112),
(10347, '2004-11-29', '2004-12-07', '2004-11-30', 'Shipped', 'Can we deliver the new Ford Mustang models by end-of-quarter?', 114),
(10348, '2004-11-01', '2004-11-08', '2004-11-05', 'Shipped', NULL, 458),
(10349, '2004-12-01', '2004-12-07', '2004-12-03', 'Shipped', NULL, 151),
(10350, '2004-12-02', '2004-12-08', '2004-12-05', 'Shipped', NULL, 141),
(10351, '2004-12-03', '2004-12-11', '2004-12-07', 'Shipped', NULL, 324),
(10352, '2004-12-03', '2004-12-12', '2004-12-09', 'Shipped', NULL, 198),
(10353, '2004-12-04', '2004-12-11', '2004-12-05', 'Shipped', NULL, 447),
(10354, '2004-12-04', '2004-12-10', '2004-12-05', 'Shipped', NULL, 323),
(10355, '2004-12-07', '2004-12-14', '2004-12-13', 'Shipped', NULL, 141),
(10356, '2004-12-09', '2004-12-15', '2004-12-12', 'Shipped', NULL, 250),
(10357, '2004-12-10', '2004-12-16', '2004-12-14', 'Shipped', NULL, 124),
(10358, '2004-12-10', '2004-12-16', '2004-12-16', 'Shipped', 'Customer requested that DHL is used for this shipping', 141),
(10359, '2004-12-15', '2004-12-23', '2004-12-18', 'Shipped', NULL, 353),
(10360, '2004-12-16', '2004-12-22', '2004-12-18', 'Shipped', NULL, 496),
(10361, '2004-12-17', '2004-12-24', '2004-12-20', 'Shipped', NULL, 282),
(10362, '2005-01-05', '2005-01-16', '2005-01-10', 'Shipped', NULL, 161),
(10363, '2005-01-06', '2005-01-12', '2005-01-10', 'Shipped', NULL, 334),
(10364, '2005-01-06', '2005-01-17', '2005-01-09', 'Shipped', NULL, 350),
(10365, '2005-01-07', '2005-01-18', '2005-01-11', 'Shipped', NULL, 320),
(10366, '2005-01-10', '2005-01-19', '2005-01-12', 'Shipped', NULL, 381),
(10367, '2005-01-12', '2005-01-21', '2005-01-16', 'Resolved', 'This order was disputed and resolved on 2/1/2005. Customer claimed that container with shipment was damaged. FedEx\'s investigation proved this wrong.', 205),
(10368, '2005-01-19', '2005-01-27', '2005-01-24', 'Shipped', 'Can we renegotiate this one?', 124),
(10369, '2005-01-20', '2005-01-28', '2005-01-24', 'Shipped', NULL, 379),
(10370, '2005-01-20', '2005-02-01', '2005-01-25', 'Shipped', NULL, 276),
(10371, '2005-01-23', '2005-02-03', '2005-01-25', 'Shipped', NULL, 124),
(10372, '2005-01-26', '2005-02-05', '2005-01-28', 'Shipped', NULL, 398),
(10373, '2005-01-31', '2005-02-08', '2005-02-06', 'Shipped', NULL, 311),
(10374, '2005-02-02', '2005-02-09', '2005-02-03', 'Shipped', NULL, 333),
(10375, '2005-02-03', '2005-02-10', '2005-02-06', 'Shipped', NULL, 119),
(10376, '2005-02-08', '2005-02-18', '2005-02-13', 'Shipped', NULL, 219),
(10377, '2005-02-09', '2005-02-21', '2005-02-12', 'Shipped', 'Cautious optimism. We have happy customers here, if we can keep them well stocked.  I need all the information I can get on the planned shippments of Porches', 186),
(10378, '2005-02-10', '2005-02-18', '2005-02-11', 'Shipped', NULL, 141),
(10379, '2005-02-10', '2005-02-18', '2005-02-11', 'Shipped', NULL, 141),
(10380, '2005-02-16', '2005-02-24', '2005-02-18', 'Shipped', NULL, 141),
(10381, '2005-02-17', '2005-02-25', '2005-02-18', 'Shipped', NULL, 321),
(10382, '2005-02-17', '2005-02-23', '2005-02-18', 'Shipped', 'Custom shipping instructions sent to warehouse', 124),
(10383, '2005-02-22', '2005-03-02', '2005-02-25', 'Shipped', NULL, 141),
(10384, '2005-02-23', '2005-03-06', '2005-02-27', 'Shipped', NULL, 321),
(10385, '2005-02-28', '2005-03-09', '2005-03-01', 'Shipped', NULL, 124),
(10386, '2005-03-01', '2005-03-09', '2005-03-06', 'Resolved', 'Disputed then Resolved on 3/15/2005. Customer doesn\'t like the craftsmaship of the models.', 141),
(10387, '2005-03-02', '2005-03-09', '2005-03-06', 'Shipped', 'We need to keep in close contact with their Marketing VP. He is the decision maker for all their purchases.', 148),
(10388, '2005-03-03', '2005-03-11', '2005-03-09', 'Shipped', NULL, 462),
(10389, '2005-03-03', '2005-03-09', '2005-03-08', 'Shipped', NULL, 448),
(10390, '2005-03-04', '2005-03-11', '2005-03-07', 'Shipped', 'They want to reevaluate their terms agreement with Finance.', 124),
(10391, '2005-03-09', '2005-03-20', '2005-03-15', 'Shipped', NULL, 276),
(10392, '2005-03-10', '2005-03-18', '2005-03-12', 'Shipped', NULL, 452),
(10393, '2005-03-11', '2005-03-22', '2005-03-14', 'Shipped', 'They want to reevaluate their terms agreement with Finance.', 323),
(10394, '2005-03-15', '2005-03-25', '2005-03-19', 'Shipped', NULL, 141),
(10395, '2005-03-17', '2005-03-24', '2005-03-23', 'Shipped', 'We must be cautions with this customer. Their VP of Sales resigned. Company may be heading down.', 250),
(10396, '2005-03-23', '2005-04-02', '2005-03-28', 'Shipped', NULL, 124),
(10397, '2005-03-28', '2005-04-09', '2005-04-01', 'Shipped', NULL, 242),
(10398, '2005-03-30', '2005-04-09', '2005-03-31', 'Shipped', NULL, 353),
(10399, '2005-04-01', '2005-04-12', '2005-04-03', 'Shipped', NULL, 496),
(10400, '2005-04-01', '2005-04-11', '2005-04-04', 'Shipped', 'Customer requested that DHL is used for this shipping', 450),
(10401, '2005-04-03', '2005-04-14', NULL, 'On Hold', 'Customer credit limit exceeded. Will ship when a payment is received.', 328),
(10402, '2005-04-07', '2005-04-14', '2005-04-12', 'Shipped', NULL, 406),
(10403, '2005-04-08', '2005-04-18', '2005-04-11', 'Shipped', NULL, 201),
(10404, '2005-04-08', '2005-04-14', '2005-04-11', 'Shipped', NULL, 323),
(10405, '2005-04-14', '2005-04-24', '2005-04-20', 'Shipped', NULL, 209),
(10406, '2005-04-15', '2005-04-25', '2005-04-21', 'Disputed', 'Customer claims container with shipment was damaged during shipping and some items were missing. I am talking to FedEx about this.', 145),
(10407, '2005-04-22', '2005-05-04', NULL, 'On Hold', 'Customer credit limit exceeded. Will ship when a payment is received.', 450),
(10408, '2005-04-22', '2005-04-29', '2005-04-27', 'Shipped', NULL, 398),
(10409, '2005-04-23', '2005-05-05', '2005-04-24', 'Shipped', NULL, 166),
(10410, '2005-04-29', '2005-05-10', '2005-04-30', 'Shipped', NULL, 357),
(10411, '2005-05-01', '2005-05-08', '2005-05-06', 'Shipped', NULL, 233),
(10412, '2005-05-03', '2005-05-13', '2005-05-05', 'Shipped', NULL, 141),
(10413, '2005-05-05', '2005-05-14', '2005-05-09', 'Shipped', 'Customer requested that DHL is used for this shipping', 175),
(10414, '2005-05-06', '2005-05-13', NULL, 'On Hold', 'Customer credit limit exceeded. Will ship when a payment is received.', 362),
(10415, '2005-05-09', '2005-05-20', '2005-05-12', 'Disputed', 'Customer claims the scales of the models don\'t match what was discussed. I keep all the paperwork though to prove otherwise', 471),
(10416, '2005-05-10', '2005-05-16', '2005-05-14', 'Shipped', NULL, 386),
(10417, '2005-05-13', '2005-05-19', '2005-05-19', 'Disputed', 'Customer doesn\'t like the colors and precision of the models.', 141),
(10418, '2005-05-16', '2005-05-24', '2005-05-20', 'Shipped', NULL, 412),
(10419, '2005-05-17', '2005-05-28', '2005-05-19', 'Shipped', NULL, 382),
(10420, '2005-05-29', '2005-06-07', NULL, 'In Process', NULL, 282),
(10421, '2005-05-29', '2005-06-06', NULL, 'In Process', 'Custom shipping instructions were sent to warehouse', 124),
(10422, '2005-05-30', '2005-06-11', NULL, 'In Process', NULL, 157),
(10423, '2005-05-30', '2005-06-05', NULL, 'In Process', NULL, 314),
(10424, '2005-05-31', '2005-06-08', NULL, 'In Process', NULL, 141),
(10425, '2005-05-31', '2005-06-07', NULL, 'In Process', NULL, 119);

-- --------------------------------------------------------

--
-- Table structure for table `payments`
--

CREATE TABLE `payments` (
  `customerNumber` int(11) NOT NULL,
  `checkNumber` varchar(50) NOT NULL,
  `paymentDate` date NOT NULL,
  `amount` decimal(10,2) NOT NULL
) ENGINE=InnoDB DEFAULT CHARSET=latin1;

--
-- Dumping data for table `payments`
--

INSERT INTO `payments` (`customerNumber`, `checkNumber`, `paymentDate`, `amount`) VALUES
(103, 'HQ336336', '2004-10-19', '6066.78'),
(103, 'JM555205', '2003-06-05', '14571.44'),
(103, 'OM314933', '2004-12-18', '1676.14'),
(112, 'BO864823', '2004-12-17', '14191.12'),
(112, 'HQ55022', '2003-06-06', '32641.98'),
(112, 'ND748579', '2004-08-20', '33347.88'),
(114, 'GG31455', '2003-05-20', '45864.03'),
(114, 'MA765515', '2004-12-15', '82261.22'),
(114, 'NP603840', '2003-05-31', '7565.08'),
(114, 'NR27552', '2004-03-10', '44894.74'),
(119, 'DB933704', '2004-11-14', '19501.82'),
(119, 'LN373447', '2004-08-08', '47924.19'),
(119, 'NG94694', '2005-02-22', '49523.67'),
(121, 'DB889831', '2003-02-16', '50218.95'),
(121, 'FD317790', '2003-10-28', '1491.38'),
(121, 'KI831359', '2004-11-04', '17876.32'),
(121, 'MA302151', '2004-11-28', '34638.14'),
(124, 'AE215433', '2005-03-05', '101244.59'),
(124, 'BG255406', '2004-08-28', '85410.87'),
(124, 'CQ287967', '2003-04-11', '11044.30'),
(124, 'ET64396', '2005-04-16', '83598.04'),
(124, 'HI366474', '2004-12-27', '47142.70'),
(124, 'HR86578', '2004-11-02', '55639.66'),
(124, 'KI131716', '2003-08-15', '111654.40'),
(124, 'LF217299', '2004-03-26', '43369.30'),
(124, 'NT141748', '2003-11-25', '45084.38'),
(128, 'DI925118', '2003-01-28', '10549.01'),
(128, 'FA465482', '2003-10-18', '24101.81'),
(128, 'FH668230', '2004-03-24', '33820.62'),
(128, 'IP383901', '2004-11-18', '7466.32'),
(129, 'DM826140', '2004-12-08', '26248.78'),
(129, 'ID449593', '2003-12-11', '23923.93'),
(129, 'PI42991', '2003-04-09', '16537.85'),
(131, 'CL442705', '2003-03-12', '22292.62'),
(131, 'MA724562', '2004-12-02', '50025.35'),
(131, 'NB445135', '2004-09-11', '35321.97'),
(141, 'AU364101', '2003-07-19', '36251.03'),
(141, 'DB583216', '2004-11-01', '36140.38'),
(141, 'DL460618', '2005-05-19', '46895.48'),
(141, 'HJ32686', '2004-01-30', '59830.55'),
(141, 'ID10962', '2004-12-31', '116208.40'),
(141, 'IN446258', '2005-03-25', '65071.26'),
(141, 'JE105477', '2005-03-18', '120166.58'),
(141, 'JN355280', '2003-10-26', '49539.37'),
(141, 'JN722010', '2003-02-25', '40206.20'),
(141, 'KT52578', '2003-12-09', '63843.55'),
(141, 'MC46946', '2004-07-09', '35420.74'),
(141, 'MF629602', '2004-08-16', '20009.53'),
(141, 'NU627706', '2004-05-17', '26155.91'),
(144, 'IR846303', '2004-12-12', '36005.71'),
(144, 'LA685678', '2003-04-09', '7674.94'),
(145, 'CN328545', '2004-07-03', '4710.73'),
(145, 'ED39322', '2004-04-26', '28211.70'),
(145, 'HR182688', '2004-12-01', '20564.86'),
(145, 'JJ246391', '2003-02-20', '53959.21'),
(146, 'FP549817', '2004-03-18', '40978.53'),
(146, 'FU793410', '2004-01-16', '49614.72'),
(146, 'LJ160635', '2003-12-10', '39712.10'),
(148, 'BI507030', '2003-04-22', '44380.15'),
(148, 'DD635282', '2004-08-11', '2611.84'),
(148, 'KM172879', '2003-12-26', '105743.00'),
(148, 'ME497970', '2005-03-27', '3516.04'),
(151, 'BF686658', '2003-12-22', '58793.53'),
(151, 'GB852215', '2004-07-26', '20314.44'),
(151, 'IP568906', '2003-06-18', '58841.35'),
(151, 'KI884577', '2004-12-14', '39964.63'),
(157, 'HI618861', '2004-11-19', '35152.12'),
(157, 'NN711988', '2004-09-07', '63357.13'),
(161, 'BR352384', '2004-11-14', '2434.25'),
(161, 'BR478494', '2003-11-18', '50743.65'),
(161, 'KG644125', '2005-02-02', '12692.19'),
(161, 'NI908214', '2003-08-05', '38675.13'),
(166, 'BQ327613', '2004-09-16', '38785.48'),
(166, 'DC979307', '2004-07-07', '44160.92'),
(166, 'LA318629', '2004-02-28', '22474.17'),
(167, 'ED743615', '2004-09-19', '12538.01'),
(167, 'GN228846', '2003-12-03', '85024.46'),
(171, 'GB878038', '2004-03-15', '18997.89'),
(171, 'IL104425', '2003-11-22', '42783.81'),
(172, 'AD832091', '2004-09-09', '1960.80'),
(172, 'CE51751', '2004-12-04', '51209.58'),
(172, 'EH208589', '2003-04-20', '33383.14'),
(173, 'GP545698', '2004-05-13', '11843.45'),
(173, 'IG462397', '2004-03-29', '20355.24'),
(175, 'CITI3434344', '2005-05-19', '28500.78'),
(175, 'IO448913', '2003-11-19', '24879.08'),
(175, 'PI15215', '2004-07-10', '42044.77'),
(177, 'AU750837', '2004-04-17', '15183.63'),
(177, 'CI381435', '2004-01-19', '47177.59'),
(181, 'CM564612', '2004-04-25', '22602.36'),
(181, 'GQ132144', '2003-01-30', '5494.78'),
(181, 'OH367219', '2004-11-16', '44400.50'),
(186, 'AE192287', '2005-03-10', '23602.90'),
(186, 'AK412714', '2003-10-27', '37602.48'),
(186, 'KA602407', '2004-10-21', '34341.08'),
(187, 'AM968797', '2004-11-03', '52825.29'),
(187, 'BQ39062', '2004-12-08', '47159.11'),
(187, 'KL124726', '2003-03-27', '48425.69'),
(189, 'BO711618', '2004-10-03', '17359.53'),
(189, 'NM916675', '2004-03-01', '32538.74'),
(198, 'FI192930', '2004-12-06', '9658.74'),
(198, 'HQ920205', '2003-07-06', '6036.96'),
(198, 'IS946883', '2004-09-21', '5858.56'),
(201, 'DP677013', '2003-10-20', '23908.24'),
(201, 'OO846801', '2004-06-15', '37258.94'),
(202, 'HI358554', '2003-12-18', '36527.61'),
(202, 'IQ627690', '2004-11-08', '33594.58'),
(204, 'GC697638', '2004-08-13', '51152.86'),
(204, 'IS150005', '2004-09-24', '4424.40'),
(205, 'GL756480', '2003-12-04', '3879.96'),
(205, 'LL562733', '2003-09-05', '50342.74'),
(205, 'NM739638', '2005-02-06', '39580.60'),
(209, 'BOAF82044', '2005-05-03', '35157.75'),
(209, 'ED520529', '2004-06-21', '4632.31'),
(209, 'PH785937', '2004-05-04', '36069.26'),
(211, 'BJ535230', '2003-12-09', '45480.79'),
(216, 'BG407567', '2003-05-09', '3101.40'),
(216, 'ML780814', '2004-12-06', '24945.21'),
(216, 'MM342086', '2003-12-14', '40473.86'),
(219, 'BN17870', '2005-03-02', '3452.75'),
(219, 'BR941480', '2003-10-18', '4465.85'),
(227, 'MQ413968', '2003-10-31', '36164.46'),
(227, 'NU21326', '2004-11-02', '53745.34'),
(233, 'BOFA23232', '2005-05-20', '29070.38'),
(233, 'II180006', '2004-07-01', '22997.45'),
(233, 'JG981190', '2003-11-18', '16909.84'),
(239, 'NQ865547', '2004-03-15', '80375.24'),
(240, 'IF245157', '2004-11-16', '46788.14'),
(240, 'JO719695', '2004-03-28', '24995.61'),
(242, 'AF40894', '2003-11-22', '33818.34'),
(242, 'HR224331', '2005-06-03', '12432.32'),
(242, 'KI744716', '2003-07-21', '14232.70'),
(249, 'IJ399820', '2004-09-19', '33924.24'),
(249, 'NE404084', '2004-09-04', '48298.99'),
(250, 'EQ12267', '2005-05-17', '17928.09'),
(250, 'HD284647', '2004-12-30', '26311.63'),
(250, 'HN114306', '2003-07-18', '23419.47'),
(256, 'EP227123', '2004-02-10', '5759.42'),
(256, 'HE84936', '2004-10-22', '53116.99'),
(259, 'EU280955', '2004-11-06', '61234.67'),
(259, 'GB361972', '2003-12-07', '27988.47'),
(260, 'IO164641', '2004-08-30', '37527.58'),
(260, 'NH776924', '2004-04-24', '29284.42'),
(276, 'EM979878', '2005-02-09', '27083.78'),
(276, 'KM841847', '2003-11-13', '38547.19'),
(276, 'LE432182', '2003-09-28', '41554.73'),
(276, 'OJ819725', '2005-04-30', '29848.52'),
(278, 'BJ483870', '2004-12-05', '37654.09'),
(278, 'GP636783', '2003-03-02', '52151.81'),
(278, 'NI983021', '2003-11-24', '37723.79'),
(282, 'IA793562', '2003-08-03', '24013.52'),
(282, 'JT819493', '2004-08-02', '35806.73'),
(282, 'OD327378', '2005-01-03', '31835.36'),
(286, 'DR578578', '2004-10-28', '47411.33'),
(286, 'KH910279', '2004-09-05', '43134.04'),
(298, 'AJ574927', '2004-03-13', '47375.92'),
(298, 'LF501133', '2004-09-18', '61402.00'),
(299, 'AD304085', '2003-10-24', '36798.88'),
(299, 'NR157385', '2004-09-05', '32260.16'),
(311, 'DG336041', '2005-02-15', '46770.52'),
(311, 'FA728475', '2003-10-06', '32723.04'),
(311, 'NQ966143', '2004-04-25', '16212.59'),
(314, 'LQ244073', '2004-08-09', '45352.47'),
(314, 'MD809704', '2004-03-03', '16901.38'),
(319, 'HL685576', '2004-11-06', '42339.76'),
(319, 'OM548174', '2003-12-07', '36092.40'),
(320, 'GJ597719', '2005-01-18', '8307.28'),
(320, 'HO576374', '2003-08-20', '41016.75'),
(320, 'MU817160', '2003-11-24', '52548.49'),
(321, 'DJ15149', '2003-11-03', '85559.12'),
(321, 'LA556321', '2005-03-15', '46781.66'),
(323, 'AL493079', '2005-05-23', '75020.13'),
(323, 'ES347491', '2004-06-24', '37281.36'),
(323, 'HG738664', '2003-07-05', '2880.00'),
(323, 'PQ803830', '2004-12-24', '39440.59'),
(324, 'DQ409197', '2004-12-13', '13671.82'),
(324, 'FP443161', '2003-07-07', '29429.14'),
(324, 'HB150714', '2003-11-23', '37455.77'),
(328, 'EN930356', '2004-04-16', '7178.66'),
(328, 'NR631421', '2004-05-30', '31102.85'),
(333, 'HL209210', '2003-11-15', '23936.53'),
(333, 'JK479662', '2003-10-17', '9821.32'),
(333, 'NF959653', '2005-03-01', '21432.31'),
(334, 'CS435306', '2005-01-27', '45785.34'),
(334, 'HH517378', '2003-08-16', '29716.86'),
(334, 'LF737277', '2004-05-22', '28394.54'),
(339, 'AP286625', '2004-10-24', '23333.06'),
(339, 'DA98827', '2003-11-28', '34606.28'),
(344, 'AF246722', '2003-11-24', '31428.21'),
(344, 'NJ906924', '2004-04-02', '15322.93'),
(347, 'DG700707', '2004-01-18', '21053.69'),
(347, 'LG808674', '2003-10-24', '20452.50'),
(350, 'BQ602907', '2004-12-11', '18888.31'),
(350, 'CI471510', '2003-05-25', '50824.66'),
(350, 'OB648482', '2005-01-29', '1834.56'),
(353, 'CO351193', '2005-01-10', '49705.52'),
(353, 'ED878227', '2003-07-21', '13920.26'),
(353, 'GT878649', '2003-05-21', '16700.47'),
(353, 'HJ618252', '2005-06-09', '46656.94'),
(357, 'AG240323', '2003-12-16', '20220.04'),
(357, 'NB291497', '2004-05-15', '36442.34'),
(362, 'FP170292', '2004-07-11', '18473.71'),
(362, 'OG208861', '2004-09-21', '15059.76'),
(363, 'HL575273', '2004-11-17', '50799.69'),
(363, 'IS232033', '2003-01-16', '10223.83'),
(363, 'PN238558', '2003-12-05', '55425.77'),
(379, 'CA762595', '2005-02-12', '28322.83'),
(379, 'FR499138', '2003-09-16', '32680.31'),
(379, 'GB890854', '2004-08-02', '12530.51'),
(381, 'BC726082', '2004-12-03', '12081.52'),
(381, 'CC475233', '2003-04-19', '1627.56'),
(381, 'GB117430', '2005-02-03', '14379.90'),
(381, 'MS154481', '2003-08-22', '1128.20'),
(382, 'CC871084', '2003-05-12', '35826.33'),
(382, 'CT821147', '2004-08-01', '6419.84'),
(382, 'PH29054', '2004-11-27', '42813.83'),
(385, 'BN347084', '2003-12-02', '20644.24'),
(385, 'CP804873', '2004-11-19', '15822.84'),
(385, 'EK785462', '2003-03-09', '51001.22'),
(386, 'DO106109', '2003-11-18', '38524.29'),
(386, 'HG438769', '2004-07-18', '51619.02'),
(398, 'AJ478695', '2005-02-14', '33967.73'),
(398, 'DO787644', '2004-06-21', '22037.91'),
(398, 'JPMR4544', '2005-05-18', '615.45'),
(398, 'KB54275', '2004-11-29', '48927.64'),
(406, 'BJMPR4545', '2005-04-23', '12190.85'),
(406, 'HJ217687', '2004-01-28', '49165.16'),
(406, 'NA197101', '2004-06-17', '25080.96'),
(412, 'GH197075', '2004-07-25', '35034.57'),
(412, 'PJ434867', '2004-04-14', '31670.37'),
(415, 'ER54537', '2004-09-28', '31310.09'),
(424, 'KF480160', '2004-12-07', '25505.98'),
(424, 'LM271923', '2003-04-16', '21665.98'),
(424, 'OA595449', '2003-10-31', '22042.37'),
(447, 'AO757239', '2003-09-15', '6631.36'),
(447, 'ER615123', '2003-06-25', '17032.29'),
(447, 'OU516561', '2004-12-17', '26304.13'),
(448, 'FS299615', '2005-04-18', '27966.54'),
(448, 'KR822727', '2004-09-30', '48809.90'),
(450, 'EF485824', '2004-06-21', '59551.38'),
(452, 'ED473873', '2003-11-15', '27121.90'),
(452, 'FN640986', '2003-11-20', '15130.97'),
(452, 'HG635467', '2005-05-03', '8807.12'),
(455, 'HA777606', '2003-12-05', '38139.18'),
(455, 'IR662429', '2004-05-12', '32239.47'),
(456, 'GJ715659', '2004-11-13', '27550.51'),
(456, 'MO743231', '2004-04-30', '1679.92'),
(458, 'DD995006', '2004-11-15', '33145.56'),
(458, 'NA377824', '2004-02-06', '22162.61'),
(458, 'OO606861', '2003-06-13', '57131.92'),
(462, 'ED203908', '2005-04-15', '30293.77'),
(462, 'GC60330', '2003-11-08', '9977.85'),
(462, 'PE176846', '2004-11-27', '48355.87'),
(471, 'AB661578', '2004-07-28', '9415.13'),
(471, 'CO645196', '2003-12-10', '35505.63'),
(473, 'LL427009', '2004-02-17', '7612.06'),
(473, 'PC688499', '2003-10-27', '17746.26'),
(475, 'JP113227', '2003-12-09', '7678.25'),
(475, 'PB951268', '2004-02-13', '36070.47'),
(484, 'GK294076', '2004-10-26', '3474.66'),
(484, 'JH546765', '2003-11-29', '47513.19'),
(486, 'BL66528', '2004-04-14', '5899.38'),
(486, 'HS86661', '2004-11-23', '45994.07'),
(486, 'JB117768', '2003-03-20', '25833.14'),
(487, 'AH612904', '2003-09-28', '29997.09'),
(487, 'PT550181', '2004-02-29', '12573.28'),
(489, 'OC773849', '2003-12-04', '22275.73'),
(489, 'PO860906', '2004-01-31', '7310.42'),
(495, 'BH167026', '2003-12-26', '59265.14'),
(495, 'FN155234', '2004-05-14', '6276.60'),
(496, 'EU531600', '2005-05-25', '30253.75'),
(496, 'MB342426', '2003-07-16', '32077.44'),
(496, 'MN89921', '2004-12-31', '52166.00');

-- --------------------------------------------------------

--
-- Table structure for table `productlines`
--

CREATE TABLE `productlines` (
  `productLine` varchar(50) NOT NULL,
  `textDescription` varchar(4000) DEFAULT NULL,
  `htmlDescription` mediumtext DEFAULT NULL,
  `image` mediumblob DEFAULT NULL
) ENGINE=InnoDB DEFAULT CHARSET=latin1;

--
-- Dumping data for table `productlines`
--

INSERT INTO `productlines` (`productLine`, `textDescription`, `htmlDescription`, `image`) VALUES
('Classic Cars', 'Attention car enthusiasts: Make your wildest car ownership dreams come true. Whether you are looking for classic muscle cars, dream sports cars or movie-inspired miniatures, you will find great choices in this category. These replicas feature superb attention to detail and craftsmanship and offer features such as working steering system, opening forward compartment, opening rear trunk with removable spare wheel, 4-wheel independent spring suspension, and so on. The models range in size from 1:10 to 1:24 scale and include numerous limited edition and several out-of-production vehicles. All models include a certificate of authenticity from their manufacturers and come fully assembled and ready for display in the home or office.', NULL, NULL),
('Motorcycles', 'Our motorcycles are state of the art replicas of classic as well as contemporary motorcycle legends such as Harley Davidson, Ducati and Vespa. Models contain stunning details such as official logos, rotating wheels, working kickstand, front suspension, gear-shift lever, footbrake lever, and drive chain. Materials used include diecast and plastic. The models range in size from 1:10 to 1:50 scale and include numerous limited edition and several out-of-production vehicles. All models come fully assembled and ready for display in the home or office. Most include a certificate of authenticity.', NULL, NULL),
('Planes', 'Unique, diecast airplane and helicopter replicas suitable for collections, as well as home, office or classroom decorations. Models contain stunning details such as official logos and insignias, rotating jet engines and propellers, retractable wheels, and so on. Most come fully assembled and with a certificate of authenticity from their manufacturers.', NULL, NULL),
('Ships', 'The perfect holiday or anniversary gift for executives, clients, friends, and family. These handcrafted model ships are unique, stunning works of art that will be treasured for generations! They come fully assembled and ready for display in the home or office. We guarantee the highest quality, and best value.', NULL, NULL),
('Trains', 'Model trains are a rewarding hobby for enthusiasts of all ages. Whether you\'re looking for collectible wooden trains, electric streetcars or locomotives, you\'ll find a number of great choices for any budget within this category. The interactive aspect of trains makes toy trains perfect for young children. The wooden train sets are ideal for children under the age of 5.', NULL, NULL),
('Trucks and Buses', 'The Truck and Bus models are realistic replicas of buses and specialized trucks produced from the early 1920s to present. The models range in size from 1:12 to 1:50 scale and include numerous limited edition and several out-of-production vehicles. Materials used include tin, diecast and plastic. All models include a certificate of authenticity from their manufacturers and are a perfect ornament for the home and office.', NULL, NULL),
('Vintage Cars', 'Our Vintage Car models realistically portray automobiles produced from the early 1900s through the 1940s. Materials used include Bakelite, diecast, plastic and wood. Most of the replicas are in the 1:18 and 1:24 scale sizes, which provide the optimum in detail and accuracy. Prices range from $30.00 up to $180.00 for some special limited edition replicas. All models include a certificate of authenticity from their manufacturers and come fully assembled and ready for display in the home or office.', NULL, NULL);

-- --------------------------------------------------------

--
-- Table structure for table `products`
--

CREATE TABLE `products` (
  `productCode` varchar(15) NOT NULL,
  `productName` varchar(70) NOT NULL,
  `productLine` varchar(50) NOT NULL,
  `productScale` varchar(10) NOT NULL,
  `productVendor` varchar(50) NOT NULL,
  `productDescription` text NOT NULL,
  `quantityInStock` smallint(6) NOT NULL,
  `buyPrice` decimal(10,2) NOT NULL,
  `MSRP` decimal(10,2) NOT NULL
) ENGINE=InnoDB DEFAULT CHARSET=latin1;

--
-- Dumping data for table `products`
--

INSERT INTO `products` (`productCode`, `productName`, `productLine`, `productScale`, `productVendor`, `productDescription`, `quantityInStock`, `buyPrice`, `MSRP`) VALUES
('S10_1678', '1969 Harley Davidson Ultimate Chopper', 'Motorcycles', '1:10', 'Min Lin Diecast', 'This replica features working kickstand, front suspension, gear-shift lever, footbrake lever, drive chain, wheels and steering. All parts are particularly delicate due to their precise scale and require special care and attention.', 7933, '48.81', '95.70'),
('S10_1949', '1952 Alpine Renault 1300', 'Classic Cars', '1:10', 'Classic Metal Creations', 'Turnable front wheels; steering function; detailed interior; detailed engine; opening hood; opening trunk; opening doors; and detailed chassis.', 7305, '98.58', '214.30'),
('S10_2016', '1996 Moto Guzzi 1100i', 'Motorcycles', '1:10', 'Highway 66 Mini Classics', 'Official Moto Guzzi logos and insignias, saddle bags located on side of motorcycle, detailed engine, working steering, working suspension, two leather seats, luggage rack, dual exhaust pipes, small saddle bag located on handle bars, two-tone paint with chrome accents, superior die-cast detail , rotating wheels , working kick stand, diecast metal with plastic parts and baked enamel finish.', 6625, '68.99', '118.94'),
('S10_4698', '2003 Harley-Davidson Eagle Drag Bike', 'Motorcycles', '1:10', 'Red Start Diecast', 'Model features, official Harley Davidson logos and insignias, detachable rear wheelie bar, heavy diecast metal with resin parts, authentic multi-color tampo-printed graphics, separate engine drive belts, free-turning front fork, rotating tires and rear racing slick, certificate of authenticity, detailed engine, display stand\r\n, precision diecast replica, baked enamel finish, 1:10 scale model, removable fender, seat and tank cover piece for displaying the superior detail of the v-twin engine', 5582, '91.02', '193.66'),
('S10_4757', '1972 Alfa Romeo GTA', 'Classic Cars', '1:10', 'Motor City Art Classics', 'Features include: Turnable front wheels; steering function; detailed interior; detailed engine; opening hood; opening trunk; opening doors; and detailed chassis.', 3252, '85.68', '136.00'),
('S10_4962', '1962 LanciaA Delta 16V', 'Classic Cars', '1:10', 'Second Gear Diecast', 'Features include: Turnable front wheels; steering function; detailed interior; detailed engine; opening hood; opening trunk; opening doors; and detailed chassis.', 6791, '103.42', '147.74'),
('S12_1099', '1968 Ford Mustang', 'Classic Cars', '1:12', 'Autoart Studio Design', 'Hood, doors and trunk all open to reveal highly detailed interior features. Steering wheel actually turns the front wheels. Color dark green.', 68, '95.34', '194.57'),
('S12_1108', '2001 Ferrari Enzo', 'Classic Cars', '1:12', 'Second Gear Diecast', 'Turnable front wheels; steering function; detailed interior; detailed engine; opening hood; opening trunk; opening doors; and detailed chassis.', 3619, '95.59', '207.80'),
('S12_1666', '1958 Setra Bus', 'Trucks and Buses', '1:12', 'Welly Diecast Productions', 'Model features 30 windows, skylights & glare resistant glass, working steering system, original logos', 1579, '77.90', '136.67'),
('S12_2823', '2002 Suzuki XREO', 'Motorcycles', '1:12', 'Unimax Art Galleries', 'Official logos and insignias, saddle bags located on side of motorcycle, detailed engine, working steering, working suspension, two leather seats, luggage rack, dual exhaust pipes, small saddle bag located on handle bars, two-tone paint with chrome accents, superior die-cast detail , rotating wheels , working kick stand, diecast metal with plastic parts and baked enamel finish.', 9997, '66.27', '150.62'),
('S12_3148', '1969 Corvair Monza', 'Classic Cars', '1:18', 'Welly Diecast Productions', '1:18 scale die-cast about 10\" long doors open, hood opens, trunk opens and wheels roll', 6906, '89.14', '151.08'),
('S12_3380', '1968 Dodge Charger', 'Classic Cars', '1:12', 'Welly Diecast Productions', '1:12 scale model of a 1968 Dodge Charger. Hood, doors and trunk all open to reveal highly detailed interior features. Steering wheel actually turns the front wheels. Color black', 9123, '75.16', '117.44'),
('S12_3891', '1969 Ford Falcon', 'Classic Cars', '1:12', 'Second Gear Diecast', 'Turnable front wheels; steering function; detailed interior; detailed engine; opening hood; opening trunk; opening doors; and detailed chassis.', 1049, '83.05', '173.02'),
('S12_3990', '1970 Plymouth Hemi Cuda', 'Classic Cars', '1:12', 'Studio M Art Models', 'Very detailed 1970 Plymouth Cuda model in 1:12 scale. The Cuda is generally accepted as one of the fastest original muscle cars from the 1970s. This model is a reproduction of one of the orginal 652 cars built in 1970. Red color.', 5663, '31.92', '79.80'),
('S12_4473', '1957 Chevy Pickup', 'Trucks and Buses', '1:12', 'Exoto Designs', '1:12 scale die-cast about 20\" long Hood opens, Rubber wheels', 6125, '55.70', '118.50'),
('S12_4675', '1969 Dodge Charger', 'Classic Cars', '1:12', 'Welly Diecast Productions', 'Detailed model of the 1969 Dodge Charger. This model includes finely detailed interior and exterior features. Painted in red and white.', 7323, '58.73', '115.16'),
('S18_1097', '1940 Ford Pickup Truck', 'Trucks and Buses', '1:18', 'Studio M Art Models', 'This model features soft rubber tires, working steering, rubber mud guards, authentic Ford logos, detailed undercarriage, opening doors and hood,  removable split rear gate, full size spare mounted in bed, detailed interior with opening glove box', 2613, '58.33', '116.67'),
('S18_1129', '1993 Mazda RX-7', 'Classic Cars', '1:18', 'Highway 66 Mini Classics', 'This model features, opening hood, opening doors, detailed engine, rear spoiler, opening trunk, working steering, tinted windows, baked enamel finish. Color red.', 3975, '83.51', '141.54'),
('S18_1342', '1937 Lincoln Berline', 'Vintage Cars', '1:18', 'Motor City Art Classics', 'Features opening engine cover, doors, trunk, and fuel filler cap. Color black', 8693, '60.62', '102.74'),
('S18_1367', '1936 Mercedes-Benz 500K Special Roadster', 'Vintage Cars', '1:18', 'Studio M Art Models', 'This 1:18 scale replica is constructed of heavy die-cast metal and has all the features of the original: working doors and rumble seat, independent spring suspension, detailed interior, working steering system, and a bifold hood that reveals an engine so accurate that it even includes the wiring. All this is topped off with a baked enamel finish. Color white.', 8635, '24.26', '53.91'),
('S18_1589', '1965 Aston Martin DB5', 'Classic Cars', '1:18', 'Classic Metal Creations', 'Die-cast model of the silver 1965 Aston Martin DB5 in silver. This model includes full wire wheels and doors that open with fully detailed passenger compartment. In 1:18 scale, this model measures approximately 10 inches/20 cm long.', 9042, '65.96', '124.44'),
('S18_1662', '1980s Black Hawk Helicopter', 'Planes', '1:18', 'Red Start Diecast', '1:18 scale replica of actual Army\'s UH-60L BLACK HAWK Helicopter. 100% hand-assembled. Features rotating rotor blades, propeller blades and rubber wheels.', 5330, '77.27', '157.69'),
('S18_1749', '1917 Grand Touring Sedan', 'Vintage Cars', '1:18', 'Welly Diecast Productions', 'This 1:18 scale replica of the 1917 Grand Touring car has all the features you would expect from museum quality reproductions: all four doors and bi-fold hood opening, detailed engine and instrument panel, chrome-look trim, and tufted upholstery, all topped off with a factory baked-enamel finish.', 2724, '86.70', '170.00'),
('S18_1889', '1948 Porsche 356-A Roadster', 'Classic Cars', '1:18', 'Gearbox Collectibles', 'This precision die-cast replica features opening doors, superb detail and craftsmanship, working steering system, opening forward compartment, opening rear trunk with removable spare, 4 wheel independent spring suspension as well as factory baked enamel finish.', 8826, '53.90', '77.00'),
('S18_1984', '1995 Honda Civic', 'Classic Cars', '1:18', 'Min Lin Diecast', 'This model features, opening hood, opening doors, detailed engine, rear spoiler, opening trunk, working steering, tinted windows, baked enamel finish. Color yellow.', 9772, '93.89', '142.25'),
('S18_2238', '1998 Chrysler Plymouth Prowler', 'Classic Cars', '1:18', 'Gearbox Collectibles', 'Turnable front wheels; steering function; detailed interior; detailed engine; opening hood; opening trunk; opening doors; and detailed chassis.', 4724, '101.51', '163.73'),
('S18_2248', '1911 Ford Town Car', 'Vintage Cars', '1:18', 'Motor City Art Classics', 'Features opening hood, opening doors, opening trunk, wide white wall tires, front door arm rests, working steering system.', 540, '33.30', '60.54'),
('S18_2319', '1964 Mercedes Tour Bus', 'Trucks and Buses', '1:18', 'Unimax Art Galleries', 'Exact replica. 100+ parts. working steering system, original logos', 8258, '74.86', '122.73'),
('S18_2325', '1932 Model A Ford J-Coupe', 'Vintage Cars', '1:18', 'Autoart Studio Design', 'This model features grille-mounted chrome horn, lift-up louvered hood, fold-down rumble seat, working steering system, chrome-covered spare, opening doors, detailed and wired engine', 9354, '58.48', '127.13'),
('S18_2432', '1926 Ford Fire Engine', 'Trucks and Buses', '1:18', 'Carousel DieCast Legends', 'Gleaming red handsome appearance. Everything is here the fire hoses, ladder, axes, bells, lanterns, ready to fight any inferno.', 2018, '24.92', '60.77'),
('S18_2581', 'P-51-D Mustang', 'Planes', '1:72', 'Gearbox Collectibles', 'Has retractable wheels and comes with a stand', 992, '49.00', '84.48'),
('S18_2625', '1936 Harley Davidson El Knucklehead', 'Motorcycles', '1:18', 'Welly Diecast Productions', 'Intricately detailed with chrome accents and trim, official die-struck logos and baked enamel finish.', 4357, '24.23', '60.57'),
('S18_2795', '1928 Mercedes-Benz SSK', 'Vintage Cars', '1:18', 'Gearbox Collectibles', 'This 1:18 replica features grille-mounted chrome horn, lift-up louvered hood, fold-down rumble seat, working steering system, chrome-covered spare, opening doors, detailed and wired engine. Color black.', 548, '72.56', '168.75'),
('S18_2870', '1999 Indy 500 Monte Carlo SS', 'Classic Cars', '1:18', 'Red Start Diecast', 'Features include opening and closing doors. Color: Red', 8164, '56.76', '132.00'),
('S18_2949', '1913 Ford Model T Speedster', 'Vintage Cars', '1:18', 'Carousel DieCast Legends', 'This 250 part reproduction includes moving handbrakes, clutch, throttle and foot pedals, squeezable horn, detailed wired engine, removable water, gas, and oil cans, pivoting monocle windshield, all topped with a baked enamel red finish. Each replica comes with an Owners Title and Certificate of Authenticity. Color red.', 4189, '60.78', '101.31'),
('S18_2957', '1934 Ford V8 Coupe', 'Vintage Cars', '1:18', 'Min Lin Diecast', 'Chrome Trim, Chrome Grille, Opening Hood, Opening Doors, Opening Trunk, Detailed Engine, Working Steering System', 5649, '34.35', '62.46'),
('S18_3029', '1999 Yamaha Speed Boat', 'Ships', '1:18', 'Min Lin Diecast', 'Exact replica. Wood and Metal. Many extras including rigging, long boats, pilot house, anchors, etc. Comes with three masts, all square-rigged.', 4259, '51.61', '86.02'),
('S18_3136', '18th Century Vintage Horse Carriage', 'Vintage Cars', '1:18', 'Red Start Diecast', 'Hand crafted diecast-like metal horse carriage is re-created in about 1:18 scale of antique horse carriage. This antique style metal Stagecoach is all hand-assembled with many different parts.\r\n\r\nThis collectible metal horse carriage is painted in classic Red, and features turning steering wheel and is entirely hand-finished.', 5992, '60.74', '104.72'),
('S18_3140', '1903 Ford Model A', 'Vintage Cars', '1:18', 'Unimax Art Galleries', 'Features opening trunk,  working steering system', 3913, '68.30', '136.59'),
('S18_3232', '1992 Ferrari 360 Spider red', 'Classic Cars', '1:18', 'Unimax Art Galleries', 'his replica features opening doors, superb detail and craftsmanship, working steering system, opening forward compartment, opening rear trunk with removable spare, 4 wheel independent spring suspension as well as factory baked enamel finish.', 8347, '77.90', '169.34'),
('S18_3233', '1985 Toyota Supra', 'Classic Cars', '1:18', 'Highway 66 Mini Classics', 'This model features soft rubber tires, working steering, rubber mud guards, authentic Ford logos, detailed undercarriage, opening doors and hood, removable split rear gate, full size spare mounted in bed, detailed interior with opening glove box', 7733, '57.01', '107.57'),
('S18_3259', 'Collectable Wooden Train', 'Trains', '1:18', 'Carousel DieCast Legends', 'Hand crafted wooden toy train set is in about 1:18 scale, 25 inches in total length including 2 additional carts, of actual vintage train. This antique style wooden toy train model set is all hand-assembled with 100% wood.', 6450, '67.56', '100.84'),
('S18_3278', '1969 Dodge Super Bee', 'Classic Cars', '1:18', 'Min Lin Diecast', 'This replica features opening doors, superb detail and craftsmanship, working steering system, opening forward compartment, opening rear trunk with removable spare, 4 wheel independent spring suspension as well as factory baked enamel finish.', 1917, '49.05', '80.41'),
('S18_3320', '1917 Maxwell Touring Car', 'Vintage Cars', '1:18', 'Exoto Designs', 'Features Gold Trim, Full Size Spare Tire, Chrome Trim, Chrome Grille, Opening Hood, Opening Doors, Opening Trunk, Detailed Engine, Working Steering System', 7913, '57.54', '99.21'),
('S18_3482', '1976 Ford Gran Torino', 'Classic Cars', '1:18', 'Gearbox Collectibles', 'Highly detailed 1976 Ford Gran Torino \"Starsky and Hutch\" diecast model. Very well constructed and painted in red and white patterns.', 9127, '73.49', '146.99'),
('S18_3685', '1948 Porsche Type 356 Roadster', 'Classic Cars', '1:18', 'Gearbox Collectibles', 'This model features working front and rear suspension on accurately replicated and actuating shock absorbers as well as opening engine cover, rear stabilizer flap,  and 4 opening doors.', 8990, '62.16', '141.28'),
('S18_3782', '1957 Vespa GS150', 'Motorcycles', '1:18', 'Studio M Art Models', 'Features rotating wheels , working kick stand. Comes with stand.', 7689, '32.95', '62.17'),
('S18_3856', '1941 Chevrolet Special Deluxe Cabriolet', 'Vintage Cars', '1:18', 'Exoto Designs', 'Features opening hood, opening doors, opening trunk, wide white wall tires, front door arm rests, working steering system, leather upholstery. Color black.', 2378, '64.58', '105.87'),
('S18_4027', '1970 Triumph Spitfire', 'Classic Cars', '1:18', 'Min Lin Diecast', 'Features include opening and closing doors. Color: White.', 5545, '91.92', '143.62'),
('S18_4409', '1932 Alfa Romeo 8C2300 Spider Sport', 'Vintage Cars', '1:18', 'Exoto Designs', 'This 1:18 scale precision die cast replica features the 6 front headlights of the original, plus a detailed version of the 142 horsepower straight 8 engine, dual spares and their famous comprehensive dashboard. Color black.', 6553, '43.26', '92.03'),
('S18_4522', '1904 Buick Runabout', 'Vintage Cars', '1:18', 'Exoto Designs', 'Features opening trunk,  working steering system', 8290, '52.66', '87.77'),
('S18_4600', '1940s Ford truck', 'Trucks and Buses', '1:18', 'Motor City Art Classics', 'This 1940s Ford Pick-Up truck is re-created in 1:18 scale of original 1940s Ford truck. This antique style metal 1940s Ford Flatbed truck is all hand-assembled. This collectible 1940\'s Pick-Up truck is painted in classic dark green color, and features rotating wheels.', 3128, '84.76', '121.08'),
('S18_4668', '1939 Cadillac Limousine', 'Vintage Cars', '1:18', 'Studio M Art Models', 'Features completely detailed interior including Velvet flocked drapes,deluxe wood grain floor, and a wood grain casket with seperate chrome handles', 6645, '23.14', '50.31'),
('S18_4721', '1957 Corvette Convertible', 'Classic Cars', '1:18', 'Classic Metal Creations', '1957 die cast Corvette Convertible in Roman Red with white sides and whitewall tires. 1:18 scale quality die-cast with detailed engine and underbvody. Now you can own The Classic Corvette.', 1249, '69.93', '148.80'),
('S18_4933', '1957 Ford Thunderbird', 'Classic Cars', '1:18', 'Studio M Art Models', 'This 1:18 scale precision die-cast replica, with its optional porthole hardtop and factory baked-enamel Thunderbird Bronze finish, is a 100% accurate rendition of this American classic.', 3209, '34.21', '71.27'),
('S24_1046', '1970 Chevy Chevelle SS 454', 'Classic Cars', '1:24', 'Unimax Art Galleries', 'This model features rotating wheels, working streering system and opening doors. All parts are particularly delicate due to their precise scale and require special care and attention. It should not be picked up by the doors, roof, hood or trunk.', 1005, '49.24', '73.49'),
('S24_1444', '1970 Dodge Coronet', 'Classic Cars', '1:24', 'Highway 66 Mini Classics', '1:24 scale die-cast about 18\" long doors open, hood opens and rubber wheels', 4074, '32.37', '57.80'),
('S24_1578', '1997 BMW R 1100 S', 'Motorcycles', '1:24', 'Autoart Studio Design', 'Detailed scale replica with working suspension and constructed from over 70 parts', 7003, '60.86', '112.70'),
('S24_1628', '1966 Shelby Cobra 427 S/C', 'Classic Cars', '1:24', 'Carousel DieCast Legends', 'This diecast model of the 1966 Shelby Cobra 427 S/C includes many authentic details and operating parts. The 1:24 scale model of this iconic lighweight sports car from the 1960s comes in silver and it\'s own display case.', 8197, '29.18', '50.31'),
('S24_1785', '1928 British Royal Navy Airplane', 'Planes', '1:24', 'Classic Metal Creations', 'Official logos and insignias', 3627, '66.74', '109.42'),
('S24_1937', '1939 Chevrolet Deluxe Coupe', 'Vintage Cars', '1:24', 'Motor City Art Classics', 'This 1:24 scale die-cast replica of the 1939 Chevrolet Deluxe Coupe has the same classy look as the original. Features opening trunk, hood and doors and a showroom quality baked enamel finish.', 7332, '22.57', '33.19'),
('S24_2000', '1960 BSA Gold Star DBD34', 'Motorcycles', '1:24', 'Highway 66 Mini Classics', 'Detailed scale replica with working suspension and constructed from over 70 parts', 15, '37.32', '76.17'),
('S24_2011', '18th century schooner', 'Ships', '1:24', 'Carousel DieCast Legends', 'All wood with canvas sails. Many extras including rigging, long boats, pilot house, anchors, etc. Comes with 4 masts, all square-rigged.', 1898, '82.34', '122.89'),
('S24_2022', '1938 Cadillac V-16 Presidential Limousine', 'Vintage Cars', '1:24', 'Classic Metal Creations', 'This 1:24 scale precision die cast replica of the 1938 Cadillac V-16 Presidential Limousine has all the details of the original, from the flags on the front to an opening back seat compartment complete with telephone and rifle. Features factory baked-enamel black finish, hood goddess ornament, working jump seats.', 2847, '20.61', '44.80'),
('S24_2300', '1962 Volkswagen Microbus', 'Trucks and Buses', '1:24', 'Autoart Studio Design', 'This 1:18 scale die cast replica of the 1962 Microbus is loaded with features: A working steering system, opening front doors and tailgate, and famous two-tone factory baked enamel finish, are all topped of by the sliding, real fabric, sunroof.', 2327, '61.34', '127.79'),
('S24_2360', '1982 Ducati 900 Monster', 'Motorcycles', '1:24', 'Highway 66 Mini Classics', 'Features two-tone paint with chrome accents, superior die-cast detail , rotating wheels , working kick stand', 6840, '47.10', '69.26'),
('S24_2766', '1949 Jaguar XK 120', 'Classic Cars', '1:24', 'Classic Metal Creations', 'Precision-engineered from original Jaguar specification in perfect scale ratio. Features opening doors, superb detail and craftsmanship, working steering system, opening forward compartment, opening rear trunk with removable spare, 4 wheel independent spring suspension as well as factory baked enamel finish.', 2350, '47.25', '90.87'),
('S24_2840', '1958 Chevy Corvette Limited Edition', 'Classic Cars', '1:24', 'Carousel DieCast Legends', 'The operating parts of this 1958 Chevy Corvette Limited Edition are particularly delicate due to their precise scale and require special care and attention. Features rotating wheels, working streering, opening doors and trunk. Color dark green.', 2542, '15.91', '35.36'),
('S24_2841', '1900s Vintage Bi-Plane', 'Planes', '1:24', 'Autoart Studio Design', 'Hand crafted diecast-like metal bi-plane is re-created in about 1:24 scale of antique pioneer airplane. All hand-assembled with many different parts. Hand-painted in classic yellow and features correct markings of original airplane.', 5942, '34.25', '68.51'),
('S24_2887', '1952 Citroen-15CV', 'Classic Cars', '1:24', 'Exoto Designs', 'Precision crafted hand-assembled 1:18 scale reproduction of the 1952 15CV, with its independent spring suspension, working steering system, opening doors and hood, detailed engine and instrument panel, all topped of with a factory fresh baked enamel finish.', 1452, '72.82', '117.44'),
('S24_2972', '1982 Lamborghini Diablo', 'Classic Cars', '1:24', 'Second Gear Diecast', 'This replica features opening doors, superb detail and craftsmanship, working steering system, opening forward compartment, opening rear trunk with removable spare, 4 wheel independent spring suspension as well as factory baked enamel finish.', 7723, '16.24', '37.76'),
('S24_3151', '1912 Ford Model T Delivery Wagon', 'Vintage Cars', '1:24', 'Min Lin Diecast', 'This model features chrome trim and grille, opening hood, opening doors, opening trunk, detailed engine, working steering system. Color white.', 9173, '46.91', '88.51'),
('S24_3191', '1969 Chevrolet Camaro Z28', 'Classic Cars', '1:24', 'Exoto Designs', '1969 Z/28 Chevy Camaro 1:24 scale replica. The operating parts of this limited edition 1:24 scale diecast model car 1969 Chevy Camaro Z28- hood, trunk, wheels, streering, suspension and doors- are particularly delicate due to their precise scale and require special care and attention.', 4695, '50.51', '85.61'),
('S24_3371', '1971 Alpine Renault 1600s', 'Classic Cars', '1:24', 'Welly Diecast Productions', 'This 1971 Alpine Renault 1600s replica Features opening doors, superb detail and craftsmanship, working steering system, opening forward compartment, opening rear trunk with removable spare, 4 wheel independent spring suspension as well as factory baked enamel finish.', 7995, '38.58', '61.23'),
('S24_3420', '1937 Horch 930V Limousine', 'Vintage Cars', '1:24', 'Autoart Studio Design', 'Features opening hood, opening doors, opening trunk, wide white wall tires, front door arm rests, working steering system', 2902, '26.30', '65.75'),
('S24_3432', '2002 Chevy Corvette', 'Classic Cars', '1:24', 'Gearbox Collectibles', 'The operating parts of this limited edition Diecast 2002 Chevy Corvette 50th Anniversary Pace car Limited Edition are particularly delicate due to their precise scale and require special care and attention. Features rotating wheels, poseable streering, opening doors and trunk.', 9446, '62.11', '107.08'),
('S24_3816', '1940 Ford Delivery Sedan', 'Vintage Cars', '1:24', 'Carousel DieCast Legends', 'Chrome Trim, Chrome Grille, Opening Hood, Opening Doors, Opening Trunk, Detailed Engine, Working Steering System. Color black.', 6621, '48.64', '83.86'),
('S24_3856', '1956 Porsche 356A Coupe', 'Classic Cars', '1:18', 'Classic Metal Creations', 'Features include: Turnable front wheels; steering function; detailed interior; detailed engine; opening hood; opening trunk; opening doors; and detailed chassis.', 6600, '98.30', '140.43'),
('S24_3949', 'Corsair F4U ( Bird Cage)', 'Planes', '1:24', 'Second Gear Diecast', 'Has retractable wheels and comes with a stand. Official logos and insignias.', 6812, '29.34', '68.24'),
('S24_3969', '1936 Mercedes Benz 500k Roadster', 'Vintage Cars', '1:24', 'Red Start Diecast', 'This model features grille-mounted chrome horn, lift-up louvered hood, fold-down rumble seat, working steering system and rubber wheels. Color black.', 2081, '21.75', '41.03'),
('S24_4048', '1992 Porsche Cayenne Turbo Silver', 'Classic Cars', '1:24', 'Exoto Designs', 'This replica features opening doors, superb detail and craftsmanship, working steering system, opening forward compartment, opening rear trunk with removable spare, 4 wheel independent spring suspension as well as factory baked enamel finish.', 6582, '69.78', '118.28'),
('S24_4258', '1936 Chrysler Airflow', 'Vintage Cars', '1:24', 'Second Gear Diecast', 'Features opening trunk,  working steering system. Color dark green.', 4710, '57.46', '97.39'),
('S24_4278', '1900s Vintage Tri-Plane', 'Planes', '1:24', 'Unimax Art Galleries', 'Hand crafted diecast-like metal Triplane is Re-created in about 1:24 scale of antique pioneer airplane. This antique style metal triplane is all hand-assembled with many different parts.', 2756, '36.23', '72.45'),
('S24_4620', '1961 Chevrolet Impala', 'Classic Cars', '1:18', 'Classic Metal Creations', 'This 1:18 scale precision die-cast reproduction of the 1961 Chevrolet Impala has all the features-doors, hood and trunk that open; detailed 409 cubic-inch engine; chrome dashboard and stick shift, two-tone interior; working steering system; all topped of with a factory baked-enamel finish.', 7869, '32.33', '80.84'),
('S32_1268', '1980’s GM Manhattan Express', 'Trucks and Buses', '1:32', 'Motor City Art Classics', 'This 1980’s era new look Manhattan express is still active, running from the Bronx to mid-town Manhattan. Has 35 opeining windows and working lights. Needs a battery.', 5099, '53.93', '96.31'),
('S32_1374', '1997 BMW F650 ST', 'Motorcycles', '1:32', 'Exoto Designs', 'Features official die-struck logos and baked enamel finish. Comes with stand.', 178, '66.92', '99.89'),
('S32_2206', '1982 Ducati 996 R', 'Motorcycles', '1:32', 'Gearbox Collectibles', 'Features rotating wheels , working kick stand. Comes with stand.', 9241, '24.14', '40.23'),
('S32_2509', '1954 Greyhound Scenicruiser', 'Trucks and Buses', '1:32', 'Classic Metal Creations', 'Model features bi-level seating, 50 windows, skylights & glare resistant glass, working steering system, original logos', 2874, '25.98', '54.11'),
('S32_3207', '1950\'s Chicago Surface Lines Streetcar', 'Trains', '1:32', 'Gearbox Collectibles', 'This streetcar is a joy to see. It has 80 separate windows, electric wire guides, detailed interiors with seats, poles and drivers controls, rolling and turning wheel assemblies, plus authentic factory baked-enamel finishes (Green Hornet for Chicago and Cream and Crimson for Boston).', 8601, '26.72', '62.14'),
('S32_3522', '1996 Peterbilt 379 Stake Bed with Outrigger', 'Trucks and Buses', '1:32', 'Red Start Diecast', 'This model features, opening doors, detailed engine, working steering, tinted windows, detailed interior, die-struck logos, removable stakes operating outriggers, detachable second trailer, functioning 360-degree self loader, precision molded resin trailer and trim, baked enamel finish on cab', 814, '33.61', '64.64'),
('S32_4289', '1928 Ford Phaeton Deluxe', 'Vintage Cars', '1:32', 'Highway 66 Mini Classics', 'This model features grille-mounted chrome horn, lift-up louvered hood, fold-down rumble seat, working steering system', 136, '33.02', '68.79'),
('S32_4485', '1974 Ducati 350 Mk3 Desmo', 'Motorcycles', '1:32', 'Second Gear Diecast', 'This model features two-tone paint with chrome accents, superior die-cast detail , rotating wheels , working kick stand', 3341, '56.13', '102.05'),
('S50_1341', '1930 Buick Marquette Phaeton', 'Vintage Cars', '1:50', 'Studio M Art Models', 'Features opening trunk,  working steering system', 7062, '27.06', '43.64'),
('S50_1392', 'Diamond T620 Semi-Skirted Tanker', 'Trucks and Buses', '1:50', 'Highway 66 Mini Classics', 'This limited edition model is licensed and perfectly scaled for Lionel Trains. The Diamond T620 has been produced in solid precision diecast and painted with a fire baked enamel finish. It comes with a removable tanker and is a perfect model to add authenticity to your static train or car layout or to just have on display.', 1016, '68.29', '115.75'),
('S50_1514', '1962 City of Detroit Streetcar', 'Trains', '1:50', 'Classic Metal Creations', 'This streetcar is a joy to see. It has 99 separate windows, electric wire guides, detailed interiors with seats, poles and drivers controls, rolling and turning wheel assemblies, plus authentic factory baked-enamel finishes (Green Hornet for Chicago and Cream and Crimson for Boston).', 1645, '37.49', '58.58'),
('S50_4713', '2002 Yamaha YZR M1', 'Motorcycles', '1:50', 'Autoart Studio Design', 'Features rotating wheels , working kick stand. Comes with stand.', 600, '34.17', '81.36'),
('S700_1138', 'The Schooner Bluenose', 'Ships', '1:700', 'Autoart Studio Design', 'All wood with canvas sails. Measures 31 1/2 inches in Length, 22 inches High and 4 3/4 inches Wide. Many extras.\r\nThe schooner Bluenose was built in Nova Scotia in 1921 to fish the rough waters off the coast of Newfoundland. Because of the Bluenose racing prowess she became the pride of all Canadians. Still featured on stamps and the Canadian dime, the Bluenose was lost off Haiti in 1946.', 1897, '34.00', '66.67'),
('S700_1691', 'American Airlines: B767-300', 'Planes', '1:700', 'Min Lin Diecast', 'Exact replia with official logos and insignias and retractable wheels', 5841, '51.15', '91.34'),
('S700_1938', 'The Mayflower', 'Ships', '1:700', 'Studio M Art Models', 'Measures 31 1/2 inches Long x 25 1/2 inches High x 10 5/8 inches Wide\r\nAll wood with canvas sail. Extras include long boats, rigging, ladders, railing, anchors, side cannons, hand painted, etc.', 737, '43.30', '86.61'),
('S700_2047', 'HMS Bounty', 'Ships', '1:700', 'Unimax Art Galleries', 'Measures 30 inches Long x 27 1/2 inches High x 4 3/4 inches Wide. \r\nMany extras including rigging, long boats, pilot house, anchors, etc. Comes with three masts, all square-rigged.', 3501, '39.83', '90.52'),
('S700_2466', 'America West Airlines B757-200', 'Planes', '1:700', 'Motor City Art Classics', 'Official logos and insignias. Working steering system. Rotating jet engines', 9653, '68.80', '99.72'),
('S700_2610', 'The USS Constitution Ship', 'Ships', '1:700', 'Red Start Diecast', 'All wood with canvas sails. Measures 31 1/2\" Length x 22 3/8\" High x 8 1/4\" Width. Extras include 4 boats on deck, sea sprite on bow, anchors, copper railing, pilot houses, etc.', 7083, '33.97', '72.28'),
('S700_2824', '1982 Camaro Z28', 'Classic Cars', '1:18', 'Carousel DieCast Legends', 'Features include opening and closing doors. Color: White. \r\nMeasures approximately 9 1/2\" Long.', 6934, '46.53', '101.15'),
('S700_2834', 'ATA: B757-300', 'Planes', '1:700', 'Highway 66 Mini Classics', 'Exact replia with official logos and insignias and retractable wheels', 7106, '59.33', '118.65'),
('S700_3167', 'F/A 18 Hornet 1/72', 'Planes', '1:72', 'Motor City Art Classics', '10\" Wingspan with retractable landing gears.Comes with pilot', 551, '54.40', '80.00'),
('S700_3505', 'The Titanic', 'Ships', '1:700', 'Carousel DieCast Legends', 'Completed model measures 19 1/2 inches long, 9 inches high, 3inches wide and is in barn red/black. All wood and metal.', 1956, '51.09', '100.17'),
('S700_3962', 'The Queen Mary', 'Ships', '1:700', 'Welly Diecast Productions', 'Exact replica. Wood and Metal. Many extras including rigging, long boats, pilot house, anchors, etc. Comes with three masts, all square-rigged.', 5088, '53.63', '99.31'),
('S700_4002', 'American Airlines: MD-11S', 'Planes', '1:700', 'Second Gear Diecast', 'Polished finish. Exact replia with official logos and insignias and retractable wheels', 8820, '36.27', '74.03'),
('S72_1253', 'Boeing X-32A JSF', 'Planes', '1:72', 'Motor City Art Classics', '10\" Wingspan with retractable landing gears.Comes with pilot', 4857, '32.77', '49.66'),
('S72_3212', 'Pont Yacht', 'Ships', '1:72', 'Unimax Art Galleries', 'Measures 38 inches Long x 33 3/4 inches High. Includes a stand.\r\nMany extras including rigging, long boats, pilot house, anchors, etc. Comes with 2 masts, all square-rigged', 414, '33.30', '54.60');

-- --------------------------------------------------------

--
-- Table structure for table `users`
--

CREATE TABLE `users` (
  `user_id` int(11) NOT NULL,
  `user_fname` varchar(255) NOT NULL DEFAULT '',
  `user_lname` varchar(255) NOT NULL DEFAULT '',
  `user_email` varchar(255) NOT NULL DEFAULT '',
  `user_mobile` bigint(11) NOT NULL,
  `user_password` varchar(255) NOT NULL DEFAULT '',
  `user_role` varchar(255) NOT NULL DEFAULT '',
  `user_img` varchar(250) NOT NULL DEFAULT '',
  `city` varchar(255) NOT NULL DEFAULT '',
  `address` text NOT NULL DEFAULT '',
  `pincode` int(11) NOT NULL DEFAULT 0,
  `user_status` tinyint(4) NOT NULL DEFAULT 1,
  `created_at` datetime NOT NULL,
  `updated_at` datetime NOT NULL
) ENGINE=InnoDB DEFAULT CHARSET=latin1;

--
-- Dumping data for table `users`
--

INSERT INTO `users` (`user_id`, `user_fname`, `user_lname`, `user_email`, `user_mobile`, `user_password`, `user_role`, `user_img`, `city`, `address`, `pincode`, `user_status`, `created_at`, `updated_at`) VALUES
(1, 'John', 'Cena', 'john.cena@test.com', 9876540031, 'e10adc3949ba59abbe56e057f20f883e', 'user', '', 'indore', 'test test test test test test test test test test test test test test test test test test test test test test test test', 452001, 1, '2020-02-02 07:38:16', '2020-02-03 20:09:31'),
(5, 'BleshNew', 'BanzNew', 'aashish.vanjare@test.com', 98765408574, 'e10adc3949ba59abbe56e057f20f883e', 'user', '', 'kochi', 'test test test test test test test test test test test test\r\ndemo demo demo demo demo demo demo demo', 752085, 1, '2020-02-02 08:04:55', '2020-02-04 04:27:51'),
(8, 'BleshNew', 'BanzNew', 'bleshbanz@gmail.com', 9876543211, 'e10adc3949ba59abbe56e057f20f883e', 'admin', '', 'bengular', 'test test test test test test test test test test test test\r\ndemo demo demo demo demo demo demo demo', 852008, 1, '2020-02-03 13:47:07', '2020-02-03 16:59:46'),
(9, 'Ashish', 'Banz', 'ashish.banz@gmail.com', 9876540046, 'e10adc3949ba59abbe56e057f20f883e', 'user', 'assets/uploads/user_img/1581964111.jpg', 'chennai', 'test test test test test test test test test test test test\r\ndemo demo demo demo demo demo demo demo ', 54005, 1, '2020-02-04 05:17:44', '2020-02-17 19:28:31'),
(10, 'Ashish', 'Vanjare', 'aashish.van3591@gmail.com', 9876540049, 'e10adc3949ba59abbe56e057f20f883e', 'user', 'assets/uploads/user_img/1581880814.jpeg', 'indore', 'test test demo demo test test demo demo test test demo demo', 452005, 0, '2020-02-14 20:14:03', '2020-02-17 20:30:39'),
(11, 'Aadhy', 'Banz', 'aadhy.banz@gmail.com', 9876540028, 'e10adc3949ba59abbe56e057f20f883e', 'user', 'assets/uploads/user_img/1581966052.jpeg', 'indore', '285 xyz nagar, ABC road', 452005, 1, '2020-02-17 20:00:52', '2020-02-17 20:00:52');

--
-- Indexes for dumped tables
--

--
-- Indexes for table `customers`
--
ALTER TABLE `customers`
  ADD PRIMARY KEY (`customerNumber`);

--
-- Indexes for table `employees`
--
ALTER TABLE `employees`
  ADD PRIMARY KEY (`employeeNumber`);

--
-- Indexes for table `offices`
--
ALTER TABLE `offices`
  ADD PRIMARY KEY (`officeCode`);

--
-- Indexes for table `orderdetails`
--
ALTER TABLE `orderdetails`
  ADD PRIMARY KEY (`orderNumber`,`productCode`);

--
-- Indexes for table `orders`
--
ALTER TABLE `orders`
  ADD PRIMARY KEY (`orderNumber`);

--
-- Indexes for table `payments`
--
ALTER TABLE `payments`
  ADD PRIMARY KEY (`customerNumber`,`checkNumber`);

--
-- Indexes for table `productlines`
--
ALTER TABLE `productlines`
  ADD PRIMARY KEY (`productLine`);

--
-- Indexes for table `products`
--
ALTER TABLE `products`
  ADD PRIMARY KEY (`productCode`);

--
-- Indexes for table `users`
--
ALTER TABLE `users`
  ADD PRIMARY KEY (`user_id`);

--
-- AUTO_INCREMENT for dumped tables
--

--
-- AUTO_INCREMENT for table `customers`
--
ALTER TABLE `customers`
  MODIFY `customerNumber` int(11) NOT NULL AUTO_INCREMENT, AUTO_INCREMENT=499;

--
-- AUTO_INCREMENT for table `employees`
--
ALTER TABLE `employees`
  MODIFY `employeeNumber` int(11) NOT NULL AUTO_INCREMENT, AUTO_INCREMENT=1704;

--
-- AUTO_INCREMENT for table `offices`
--
ALTER TABLE `offices`
  MODIFY `officeCode` int(10) NOT NULL AUTO_INCREMENT, AUTO_INCREMENT=8;

--
-- AUTO_INCREMENT for table `users`
--
ALTER TABLE `users`
  MODIFY `user_id` int(11) NOT NULL AUTO_INCREMENT, AUTO_INCREMENT=12;
COMMIT;

/*!40101 SET CHARACTER_SET_CLIENT=@OLD_CHARACTER_SET_CLIENT */;
/*!40101 SET CHARACTER_SET_RESULTS=@OLD_CHARACTER_SET_RESULTS */;
/*!40101 SET COLLATION_CONNECTION=@OLD_COLLATION_CONNECTION */;
